Os01g0234100	OsABI1	ABI3-VP1
Os01g0353633	OsABI62	ABI3-VP1
Os01g0541000	OsABI63	ABI3-VP1
Os01g0713600	OsABI3	ABI3-VP1
Os01g0723500	OsABI4	ABI3-VP1
Os01g0723700	OsABI5	ABI3-VP1
Os01g0905400	OsABI6	ABI3-VP1
Os01g0911700	OsABI7	ABI3-VP1
Os02g0197750	OsABI8	ABI3-VP1
Os02g0455800	OsABI9	ABI3-VP1
Os02g0455900	OsABI10	ABI3-VP1
Os02g0598200	OsABI11	ABI3-VP1
Os02g0683500	OsABI12	ABI3-VP1
Os02g0764100	OsABI64	ABI3-VP1
Os03g0120900	OsABI13	ABI3-VP1
Os03g0184500	OsABI15	ABI3-VP1
Os03g0212300	OsABI16	ABI3-VP1
Os03g0562000	OsABI65	ABI3-VP1
Os03g0619600	OsABI17	ABI3-VP1
Os03g0619800	OsABI18	ABI3-VP1
Os03g0619850	OsABI19	ABI3-VP1
Os03g0620400	OsABI20	ABI3-VP1
Os03g0620500	OsABI21	ABI3-VP1
Os03g0621600	OsABI22	ABI3-VP1
Os03g0621650	OsABI66	ABI3-VP1
Os03g0621900	OsABI23	ABI3-VP1
Os03g0622100	OsABI24	ABI3-VP1
Os03g0622200	OsABI25	ABI3-VP1
Os04g0346900	OsABI26	ABI3-VP1
Os04g0347400	OsABI27	ABI3-VP1
Os04g0386900	OsABI29	ABI3-VP1
Os04g0510000	OsABI67	ABI3-VP1
Os04g0581400	OsABI30	ABI3-VP1
Os04g0676600	OsABI31	ABI3-VP1
Os04g0676650	OsABI32	ABI3-VP1
Os05g0175450	OsABI68	ABI3-VP1
Os05g0481400	OsABI33	ABI3-VP1
Os06g0107800	OsABI2	ABI3-VP1
Os06g0112300	OsABI34	ABI3-VP1
Os06g0194400	OsABI35	ABI3-VP1
Os06g0632500	OsABI36	ABI3-VP1
Os07g0232100	OsABI40	ABI3-VP1
Os07g0273700	OsABI41	ABI3-VP1
Os07g0563300	OsABI42	ABI3-VP1
Os07g0679700	OsABI43	ABI3-VP1
Os08g0101000	OsABI44	ABI3-VP1
Os08g0122800	OsABI69	ABI3-VP1
Os08g0157700	OsABI45	ABI3-VP1
Os08g0281500	OsABI70	ABI3-VP1
Os08g0282100	OsABI71	ABI3-VP1
Os08g0324300	OsABI46	ABI3-VP1
Os08g0325134	OsABI47	ABI3-VP1
Os08g0333500	OsABI72	ABI3-VP1
Os10g0158625	OsABI50	ABI3-VP1
Os10g0537100	OsABI52	ABI3-VP1
Os11g0156000	OsABI53	ABI3-VP1
Os11g0197600	OsABI54	ABI3-VP1
Os11g0242900	OsABI73	ABI3-VP1
Os11g0625400	OsABI75	ABI3-VP1
Os12g0591300	OsABI58	ABI3-VP1
Os12g0591500	OsABI59	ABI3-VP1
Os12g0592300	OsABI61	ABI3-VP1
SORBI_3001G061000	SbABI61	ABI3-VP1
SORBI_3001G164800	SbABI1	ABI3-VP1
SORBI_3001G165000	SbABI2	ABI3-VP1
SORBI_3001G165100	SbABI3	ABI3-VP1
SORBI_3001G165200	SbABI4	ABI3-VP1
SORBI_3001G165301	SbABI5	ABI3-VP1
SORBI_3001G165401	SbABI6	ABI3-VP1
SORBI_3001G165450	SbABI7	ABI3-VP1
SORBI_3001G165500	SbABI8	ABI3-VP1
SORBI_3001G165700	SbABI10	ABI3-VP1
SORBI_3001G165802	SbABI11	ABI3-VP1
SORBI_3001G165902	SbABI62	ABI3-VP1
SORBI_3001G166000	SbABI12	ABI3-VP1
SORBI_3001G166100	SbABI13	ABI3-VP1
SORBI_3001G166900	SbABI15	ABI3-VP1
SORBI_3001G313800	SbABI17	ABI3-VP1
SORBI_3001G376200	SbABI63	ABI3-VP1
SORBI_3001G459400	SbABI18	ABI3-VP1
SORBI_3001G479600	SbABI19	ABI3-VP1
SORBI_3001G528200	SbABI20	ABI3-VP1
SORBI_3002G142000	SbABI21	ABI3-VP1
SORBI_3002G157901	SbABI64	ABI3-VP1
SORBI_3002G158000	SbABI65	ABI3-VP1
SORBI_3002G161600	SbABI66	ABI3-VP1
SORBI_3002G339800	SbABI22	ABI3-VP1
SORBI_3002G363301	SbABI67	ABI3-VP1
SORBI_3002G418200	SbABI23	ABI3-VP1
SORBI_3003G005500	SbABI24	ABI3-VP1
SORBI_3003G006000	SbABI68	ABI3-VP1
SORBI_3003G189100	SbABI69	ABI3-VP1
SORBI_3003G203800	SbABI25	ABI3-VP1
SORBI_3003G203816	SbABI70	ABI3-VP1
SORBI_3003G203833	SbABI38	ABI3-VP1
SORBI_3003G204200	SbABI26	ABI3-VP1
SORBI_3003G275400	SbABI27	ABI3-VP1
SORBI_3003G281100	SbABI28	ABI3-VP1
SORBI_3003G281300	SbABI29	ABI3-VP1
SORBI_3003G291050	SbABI71	ABI3-VP1
SORBI_3003G393600	SbABI30	ABI3-VP1
SORBI_3003G398200	SbABI31	ABI3-VP1
SORBI_3004G204000	SbABI72	ABI3-VP1
SORBI_3004G280500	SbABI32	ABI3-VP1
SORBI_3005G041400	SbABI33	ABI3-VP1
SORBI_3005G073500	SbABI34	ABI3-VP1
SORBI_3006G022000	SbABI35	ABI3-VP1
SORBI_3006G050900	SbABI36	ABI3-VP1
SORBI_3006G190400	SbABI37	ABI3-VP1
SORBI_3006G217500	SbABI39	ABI3-VP1
SORBI_3006G266400	SbABI40	ABI3-VP1
SORBI_3007G000400	SbABI41	ABI3-VP1
SORBI_3007G047500	SbABI42	ABI3-VP1
SORBI_3007G076800	SbABI43	ABI3-VP1
SORBI_3007G083900	SbABI44	ABI3-VP1
SORBI_3007G090100	SbABI45	ABI3-VP1
SORBI_3008G041100	SbABI46	ABI3-VP1
SORBI_3008G148600	SbABI47	ABI3-VP1
SORBI_3008G148700	SbABI48	ABI3-VP1
SORBI_3008G148900	SbABI49	ABI3-VP1
SORBI_3008G149100	SbABI51	ABI3-VP1
SORBI_3008G149300	SbABI52	ABI3-VP1
SORBI_3008G149400	SbABI53	ABI3-VP1
SORBI_3008G191800	SbABI54	ABI3-VP1
SORBI_3009G057600	SbABI55	ABI3-VP1
SORBI_3009G086300	SbABI73	ABI3-VP1
SORBI_3009G087300	SbABI74	ABI3-VP1
SORBI_3009G093000	SbABI56	ABI3-VP1
SORBI_3009G124300	SbABI75	ABI3-VP1
SORBI_3009G175800	SbABI57	ABI3-VP1
SORBI_3010G006000	SbABI58	ABI3-VP1
SORBI_3010G006100	SbABI76	ABI3-VP1
SORBI_3010G008300	SbABI59	ABI3-VP1
SORBI_3010G026600	SbABI77	ABI3-VP1
SORBI_3010G198200	SbABI78	ABI3-VP1
Os01g0813300	OsEREB12	AP2/ERF-AP2
Os01g0899800	OsEREB15	AP2/ERF-AP2
Os02g0747600	OsEREB35	AP2/ERF-AP2
Os03g0176300	OsEREB45	AP2/ERF-AP2
Os03g0232200	OsEREB51	AP2/ERF-AP2
Os03g0313100	OsEREB53	AP2/ERF-AP2
Os03g0818800	OsEREB58	AP2/ERF-AP2
Os04g0504500	OsEREB65	AP2/ERF-AP2
Os04g0649100	OsEREB77	AP2/ERF-AP2
Os04g0653600	OsEREB78	AP2/ERF-AP2
Os05g0121600	OsEREB81	AP2/ERF-AP2
Os05g0536250	OsEREB94	AP2/ERF-AP2
Os06g0145700	OsEREB99	AP2/ERF-AP2
Os06g0639200	OsEREB116	AP2/ERF-AP2
Os06g0657500	OsEREB117	AP2/ERF-AP2
Os07g0124700	OsEREB119	AP2/ERF-AP2
Os07g0235800	OsEREB122	AP2/ERF-AP2
Os08g0442400	OsEREB133	AP2/ERF-AP2
Os09g0423800	OsEREB146	AP2/ERF-AP2
Os11g0129700	OsEREB161	AP2/ERF-AP2
Os11g0295900	OsEREB164	AP2/ERF-AP2
Os12g0126300	OsEREB165	AP2/ERF-AP2
SORBI_3001G036800	SbEREB156	AP2/ERF-AP2
SORBI_3001G075700	SbEREB157	AP2/ERF-AP2
SORBI_3001G392700	SbEREB158	AP2/ERF-AP2
SORBI_3001G448000	SbEREB159	AP2/ERF-AP2
SORBI_3001G485200	SbEREB160	AP2/ERF-AP2
SORBI_3002G022600	SbEREB161	AP2/ERF-AP2
SORBI_3002G083600	SbEREB162	AP2/ERF-AP2
SORBI_3002G206400	SbEREB163	AP2/ERF-AP2
SORBI_3003G332300	SbEREB164	AP2/ERF-AP2
SORBI_3003G390600	SbEREB165	AP2/ERF-AP2
SORBI_3004G214300	SbEREB22	AP2/ERF-AP2
SORBI_3004G237100	SbEREB69	AP2/ERF-AP2
SORBI_3005G021000	SbEREB166	AP2/ERF-AP2
SORBI_3006G240700	SbEREB101	AP2/ERF-AP2
SORBI_3006G245500	SbEREB167	AP2/ERF-AP2
SORBI_3007G056700	SbEREB168	AP2/ERF-AP2
SORBI_3007G142700	SbEREB169	AP2/ERF-AP2
SORBI_3009G024600	SbEREB127	AP2/ERF-AP2
SORBI_3009G124200	SbEREB170	AP2/ERF-AP2
SORBI_3009G212500	SbEREB171	AP2/ERF-AP2
SORBI_3010G015000	SbEREB141	AP2/ERF-AP2
SORBI_3010G035100	SbEREB172	AP2/ERF-AP2
SORBI_3010G202700	SbEREB173	AP2/ERF-AP2
SORBI_3010G215100	SbEREB174	AP2/ERF-AP2
Os01g0131600	OsEREB1	AP2/ERF-ERF
Os01g0165000	OsEREB4	AP2/ERF-ERF
Os01g0200600	OsEREB5	AP2/ERF-ERF
Os01g0224100	OsEREB6	AP2/ERF-ERF
Os01g0313300	OsEREB7	AP2/ERF-ERF
Os01g0657400	OsEREB8	AP2/ERF-ERF
Os01g0752500	OsEREB10	AP2/ERF-ERF
Os01g0797600	OsEREB11	AP2/ERF-ERF
Os01g0868000	OsEREB13	AP2/ERF-ERF
Os01g0885900	OsEREB14	AP2/ERF-ERF
Os01g0968800	OsEREB16	AP2/ERF-ERF
Os02g0202000	OsEREB19	AP2/ERF-ERF
Os02g0499000	OsEREB21	AP2/ERF-ERF
Os02g0520000	OsEREB22	AP2/ERF-ERF
Os02g0546600	OsEREB24	AP2/ERF-ERF
Os02g0558700	OsEREB26	AP2/ERF-ERF
Os02g0594300	OsEREB27	AP2/ERF-ERF
Os02g0614300	OsEREB28	AP2/ERF-ERF
Os02g0638650	OsEREB171	AP2/ERF-ERF
Os02g0654700	OsEREB29	AP2/ERF-ERF
Os02g0655200	OsEREB30	AP2/ERF-ERF
Os02g0656600	OsEREB31	AP2/ERF-ERF
Os02g0657000	OsEREB32	AP2/ERF-ERF
Os02g0676800	OsEREB33	AP2/ERF-ERF
Os02g0677300	OsEREB34	AP2/ERF-ERF
Os02g0752800	OsEREB36	AP2/ERF-ERF
Os02g0764700	OsEREB37	AP2/ERF-ERF
Os02g0767800	OsEREB172	AP2/ERF-ERF
Os02g0781300	OsEREB38	AP2/ERF-ERF
Os02g0782700	OsEREB39	AP2/ERF-ERF
Os02g0797100	OsEREB40	AP2/ERF-ERF
Os03g0117900	OsEREB173	AP2/ERF-ERF
Os03g0150200	OsEREB42	AP2/ERF-ERF
Os03g0174400	OsEREB44	AP2/ERF-ERF
Os03g0182800	OsEREB46	AP2/ERF-ERF
Os03g0183000	OsEREB47	AP2/ERF-ERF
Os03g0183300	OsEREB49	AP2/ERF-ERF
Os03g0191900	OsEREB50	AP2/ERF-ERF
Os03g0263000	OsEREB52	AP2/ERF-ERF
Os03g0341000	OsEREB54	AP2/ERF-ERF
Os03g0770700	OsEREB56	AP2/ERF-ERF
Os03g0815800	OsEREB57	AP2/ERF-ERF
Os03g0860100	OsEREB59	AP2/ERF-ERF
Os04g0257500	OsEREB60	AP2/ERF-ERF
Os04g0398000	OsEREB61	AP2/ERF-ERF
Os04g0399800	OsEREB62	AP2/ERF-ERF
Os04g0429050	OsEREB63	AP2/ERF-ERF
Os04g0529100	OsEREB66	AP2/ERF-ERF
Os04g0546800	OsEREB67	AP2/ERF-ERF
Os04g0547600	OsEREB69	AP2/ERF-ERF
Os04g0549700	OsEREB70	AP2/ERF-ERF
Os04g0549800	OsEREB71	AP2/ERF-ERF
Os04g0550200	OsEREB72	AP2/ERF-ERF
Os04g0572200	OsEREB174	AP2/ERF-ERF
Os04g0572400	OsEREB74	AP2/ERF-ERF
Os04g0610400	OsEREB75	AP2/ERF-ERF
Os04g0648900	OsEREB76	AP2/ERF-ERF
Os04g0655700	OsEREB79	AP2/ERF-ERF
Os04g0669200	OsEREB80	AP2/ERF-ERF
Os05g0316800	OsEREB83	AP2/ERF-ERF
Os05g0346200	OsEREB84	AP2/ERF-ERF
Os05g0351200	OsEREB85	AP2/ERF-ERF
Os05g0361700	OsEREB87	AP2/ERF-ERF
Os05g0389000	OsEREB88	AP2/ERF-ERF
Os05g0420300	OsEREB89	AP2/ERF-ERF
Os05g0437100	OsEREB175	AP2/ERF-ERF
Os05g0473300	OsEREB91	AP2/ERF-ERF
Os05g0497200	OsEREB92	AP2/ERF-ERF
Os05g0497300	OsEREB93	AP2/ERF-ERF
Os05g0572000	OsEREB97	AP2/ERF-ERF
Os06g0127100	OsEREB98	AP2/ERF-ERF
Os06g0165600	OsEREB101	AP2/ERF-ERF
Os06g0166400	OsEREB102	AP2/ERF-ERF
Os06g0181700	OsEREB103	AP2/ERF-ERF
Os06g0194000	OsEREB104	AP2/ERF-ERF
Os06g0604000	OsEREB114	AP2/ERF-ERF
Os06g0691100	OsEREB118	AP2/ERF-ERF
Os07g0204000	OsEREB120	AP2/ERF-ERF
Os07g0227600	OsEREB121	AP2/ERF-ERF
Os07g0410700	OsEREB124	AP2/ERF-ERF
Os07g0575000	OsEREB125	AP2/ERF-ERF
Os07g0617000	OsEREB126	AP2/ERF-ERF
Os07g0669500	OsEREB127	AP2/ERF-ERF
Os07g0674800	OsEREB128	AP2/ERF-ERF
Os08g0173700	OsEREB130	AP2/ERF-ERF
Os08g0408500	OsEREB132	AP2/ERF-ERF
Os08g0454000	OsEREB134	AP2/ERF-ERF
Os08g0474000	OsEREB135	AP2/ERF-ERF
Os08g0521600	OsEREB136	AP2/ERF-ERF
Os08g0537900	OsEREB137	AP2/ERF-ERF
Os08g0565200	OsEREB141	AP2/ERF-ERF
Os09g0286600	OsEREB142	AP2/ERF-ERF
Os09g0287000	OsEREB143	AP2/ERF-ERF
Os09g0309700	OsEREB144	AP2/ERF-ERF
Os09g0369000	OsEREB145	AP2/ERF-ERF
Os09g0434500	OsEREB147	AP2/ERF-ERF
Os09g0457900	OsEREB148	AP2/ERF-ERF
Os09g0522000	OsEREB149	AP2/ERF-ERF
Os09g0522100	OsEREB150	AP2/ERF-ERF
Os09g0522200	OsEREB151	AP2/ERF-ERF
Os09g0571700	OsEREB152	AP2/ERF-ERF
Os09g0572000	OsEREB153	AP2/ERF-ERF
Os10g0371100	OsEREB154	AP2/ERF-ERF
Os10g0390800	OsEREB155	AP2/ERF-ERF
Os10g0523900	OsEREB158	AP2/ERF-ERF
Os10g0562900	OsEREB160	AP2/ERF-ERF
Os11g0168500	OsEREB162	AP2/ERF-ERF
Os11g0242300	OsEREB163	AP2/ERF-ERF
Os12g0168100	OsEREB176	AP2/ERF-ERF
Os12g0582900	OsEREB166	AP2/ERF-ERF
Os12g0602450	OsEREB167	AP2/ERF-ERF
Os12g0602966	OsEREB168	AP2/ERF-ERF
Os12g0603100	OsEREB177	AP2/ERF-ERF
Os12g0603300	OsEREB170	AP2/ERF-ERF
SORBI_3001G002500	SbEREB1	AP2/ERF-ERF
SORBI_3001G039800	SbEREB2	AP2/ERF-ERF
SORBI_3001G169400	SbEREB5	AP2/ERF-ERF
SORBI_3001G234500	SbEREB3	AP2/ERF-ERF
SORBI_3001G253400	SbEREB4	AP2/ERF-ERF
SORBI_3001G296300	SbEREB57	AP2/ERF-ERF
SORBI_3001G298100	SbEREB6	AP2/ERF-ERF
SORBI_3001G320601	SbEREB10	AP2/ERF-ERF
SORBI_3001G378900	SbEREB7	AP2/ERF-ERF
SORBI_3001G428700	SbEREB8	AP2/ERF-ERF
SORBI_3001G473900	SbEREB9	AP2/ERF-ERF
SORBI_3001G481202	SbEREB15	AP2/ERF-ERF
SORBI_3001G481300	SbEREB11	AP2/ERF-ERF
SORBI_3001G481400	SbEREB12	AP2/ERF-ERF
SORBI_3001G481600	SbEREB18	AP2/ERF-ERF
SORBI_3001G486800	SbEREB13	AP2/ERF-ERF
SORBI_3001G494151	SbEREB14	AP2/ERF-ERF
SORBI_3001G502300	SbEREB16	AP2/ERF-ERF
SORBI_3001G531100	SbEREB17	AP2/ERF-ERF
SORBI_3002G069100	SbEREB19	AP2/ERF-ERF
SORBI_3002G069166	SbEREB20	AP2/ERF-ERF
SORBI_3002G069400	SbEREB21	AP2/ERF-ERF
SORBI_3002G071600	SbEREB23	AP2/ERF-ERF
SORBI_3002G081300	SbEREB24	AP2/ERF-ERF
SORBI_3002G115400	SbEREB25	AP2/ERF-ERF
SORBI_3002G139300	SbEREB26	AP2/ERF-ERF
SORBI_3002G139400	SbEREB27	AP2/ERF-ERF
SORBI_3002G165600	SbEREB30	AP2/ERF-ERF
SORBI_3002G165700	SbEREB28	AP2/ERF-ERF
SORBI_3002G184400	SbEREB29	AP2/ERF-ERF
SORBI_3002G212000	SbEREB31	AP2/ERF-ERF
SORBI_3002G225700	SbEREB32	AP2/ERF-ERF
SORBI_3002G260800	SbEREB33	AP2/ERF-ERF
SORBI_3002G269032	SbEREB37	AP2/ERF-ERF
SORBI_3002G269100	SbEREB34	AP2/ERF-ERF
SORBI_3002G269300	SbEREB84	AP2/ERF-ERF
SORBI_3002G269400	SbEREB35	AP2/ERF-ERF
SORBI_3002G269500	SbEREB36	AP2/ERF-ERF
SORBI_3002G269600	SbEREB38	AP2/ERF-ERF
SORBI_3002G350500	SbEREB39	AP2/ERF-ERF
SORBI_3002G375400	SbEREB40	AP2/ERF-ERF
SORBI_3002G411000	SbEREB41	AP2/ERF-ERF
SORBI_3002G415600	SbEREB42	AP2/ERF-ERF
SORBI_3003G012800	SbEREB43	AP2/ERF-ERF
SORBI_3003G028000	SbEREB44	AP2/ERF-ERF
SORBI_3003G058200	SbEREB45	AP2/ERF-ERF
SORBI_3003G085600	SbEREB46	AP2/ERF-ERF
SORBI_3003G148600	SbEREB47	AP2/ERF-ERF
SORBI_3003G243500	SbEREB48	AP2/ERF-ERF
SORBI_3003G297600	SbEREB49	AP2/ERF-ERF
SORBI_3003G324400	SbEREB54	AP2/ERF-ERF
SORBI_3003G324500	SbEREB55	AP2/ERF-ERF
SORBI_3003G369100	SbEREB50	AP2/ERF-ERF
SORBI_3003G380900	SbEREB51	AP2/ERF-ERF
SORBI_3003G381400	SbEREB52	AP2/ERF-ERF
SORBI_3003G442100	SbEREB53	AP2/ERF-ERF
SORBI_3004G047002	SbEREB56	AP2/ERF-ERF
SORBI_3004G073100	SbEREB58	AP2/ERF-ERF
SORBI_3004G084600	SbEREB59	AP2/ERF-ERF
SORBI_3004G100500	SbEREB60	AP2/ERF-ERF
SORBI_3004G100700	SbEREB61	AP2/ERF-ERF
SORBI_3004G151500	SbEREB62	AP2/ERF-ERF
SORBI_3004G158902	SbEREB65	AP2/ERF-ERF
SORBI_3004G159500	SbEREB63	AP2/ERF-ERF
SORBI_3004G171300	SbEREB64	AP2/ERF-ERF
SORBI_3004G179900	SbEREB66	AP2/ERF-ERF
SORBI_3004G200700	SbEREB67	AP2/ERF-ERF
SORBI_3004G227400	SbEREB70	AP2/ERF-ERF
SORBI_3004G233200	SbEREB68	AP2/ERF-ERF
SORBI_3004G283201	SbEREB73	AP2/ERF-ERF
SORBI_3004G283300	SbEREB74	AP2/ERF-ERF
SORBI_3004G295500	SbEREB71	AP2/ERF-ERF
SORBI_3004G295600	SbEREB72	AP2/ERF-ERF
SORBI_3004G295700	SbEREB75	AP2/ERF-ERF
SORBI_3004G296900	SbEREB76	AP2/ERF-ERF
SORBI_3004G297100	SbEREB77	AP2/ERF-ERF
SORBI_3004G308900	SbEREB78	AP2/ERF-ERF
SORBI_3004G310600	SbEREB79	AP2/ERF-ERF
SORBI_3004G319700	SbEREB80	AP2/ERF-ERF
SORBI_3004G321300	SbEREB81	AP2/ERF-ERF
SORBI_3004G331300	SbEREB82	AP2/ERF-ERF
SORBI_3005G014800	SbEREB86	AP2/ERF-ERF
SORBI_3005G051200	SbEREB83	AP2/ERF-ERF
SORBI_3005G087600	SbEREB85	AP2/ERF-ERF
SORBI_3005G103000	SbEREB87	AP2/ERF-ERF
SORBI_3005G103100	SbEREB88	AP2/ERF-ERF
SORBI_3005G158500	SbEREB89	AP2/ERF-ERF
SORBI_3005G217400	SbEREB90	AP2/ERF-ERF
SORBI_3006G058732	SbEREB91	AP2/ERF-ERF
SORBI_3006G059800	SbEREB92	AP2/ERF-ERF
SORBI_3006G080200	SbEREB93	AP2/ERF-ERF
SORBI_3006G091200	SbEREB94	AP2/ERF-ERF
SORBI_3006G156100	SbEREB95	AP2/ERF-ERF
SORBI_3006G167800	SbEREB96	AP2/ERF-ERF
SORBI_3006G167900	SbEREB97	AP2/ERF-ERF
SORBI_3006G168000	SbEREB98	AP2/ERF-ERF
SORBI_3006G168100	SbEREB99	AP2/ERF-ERF
SORBI_3006G168200	SbEREB100	AP2/ERF-ERF
SORBI_3006G169900	SbEREB102	AP2/ERF-ERF
SORBI_3006G170000	SbEREB103	AP2/ERF-ERF
SORBI_3006G170100	SbEREB104	AP2/ERF-ERF
SORBI_3006G184700	SbEREB105	AP2/ERF-ERF
SORBI_3006G184800	SbEREB106	AP2/ERF-ERF
SORBI_3006G210300	SbEREB108	AP2/ERF-ERF
SORBI_3006G240500	SbEREB109	AP2/ERF-ERF
SORBI_3006G247000	SbEREB110	AP2/ERF-ERF
SORBI_3006G259000	SbEREB112	AP2/ERF-ERF
SORBI_3007G058300	SbEREB113	AP2/ERF-ERF
SORBI_3007G077001	SbEREB107	AP2/ERF-ERF
SORBI_3007G077100	SbEREB114	AP2/ERF-ERF
SORBI_3007G077200	SbEREB115	AP2/ERF-ERF
SORBI_3007G077300	SbEREB116	AP2/ERF-ERF
SORBI_3007G107400	SbEREB111	AP2/ERF-ERF
SORBI_3007G124100	SbEREB117	AP2/ERF-ERF
SORBI_3007G147300	SbEREB118	AP2/ERF-ERF
SORBI_3007G148500	SbEREB119	AP2/ERF-ERF
SORBI_3007G156700	SbEREB121	AP2/ERF-ERF
SORBI_3007G162700	SbEREB122	AP2/ERF-ERF
SORBI_3007G164900	SbEREB123	AP2/ERF-ERF
SORBI_3007G181500	SbEREB124	AP2/ERF-ERF
SORBI_3007G188701	SbEREB120	AP2/ERF-ERF
SORBI_3007G205100	SbEREB129	AP2/ERF-ERF
SORBI_3007G205200	SbEREB130	AP2/ERF-ERF
SORBI_3007G205400	SbEREB131	AP2/ERF-ERF
SORBI_3008G050600	SbEREB125	AP2/ERF-ERF
SORBI_3008G145000	SbEREB126	AP2/ERF-ERF
SORBI_3009G101400	SbEREB132	AP2/ERF-ERF
SORBI_3009G103800	SbEREB133	AP2/ERF-ERF
SORBI_3009G111200	SbEREB136	AP2/ERF-ERF
SORBI_3009G141500	SbEREB137	AP2/ERF-ERF
SORBI_3009G145200	SbEREB134	AP2/ERF-ERF
SORBI_3009G151600	SbEREB135	AP2/ERF-ERF
SORBI_3009G170800	SbEREB138	AP2/ERF-ERF
SORBI_3009G184300	SbEREB139	AP2/ERF-ERF
SORBI_3009G184400	SbEREB140	AP2/ERF-ERF
SORBI_3009G233100	SbEREB142	AP2/ERF-ERF
SORBI_3009G238500	SbEREB143	AP2/ERF-ERF
SORBI_3010G016500	SbEREB175	AP2/ERF-ERF
SORBI_3010G047500	SbEREB144	AP2/ERF-ERF
SORBI_3010G052600	SbEREB145	AP2/ERF-ERF
SORBI_3010G063900	SbEREB146	AP2/ERF-ERF
SORBI_3010G071700	SbEREB147	AP2/ERF-ERF
SORBI_3010G080400	SbEREB148	AP2/ERF-ERF
SORBI_3010G089700	SbEREB150	AP2/ERF-ERF
SORBI_3010G133566	SbEREB149	AP2/ERF-ERF
SORBI_3010G164800	SbEREB151	AP2/ERF-ERF
SORBI_3010G185300	SbEREB152	AP2/ERF-ERF
SORBI_3010G200200	SbEREB153	AP2/ERF-ERF
SORBI_3010G200400	SbEREB155	AP2/ERF-ERF
SORBI_3010G240900	SbEREB154	AP2/ERF-ERF
Os01g0236300	OsARF1	ARF
Os01g0670800	OsARF2	ARF
Os01g0753500	OsARF3	ARF
Os01g0927600	OsARF4	ARF
Os02g0141100	OsARF5	ARF
Os02g0164900	OsARF6	ARF
Os02g0557200	OsARF7	ARF
Os02g0628600	OsARF8	ARF
Os04g0442000	OsARF9	ARF
Os04g0519700	OsARF10	ARF
Os04g0664400	OsARF11	ARF
Os04g0671900	OsARF12	ARF
Os04g0690600	OsARF13	ARF
Os05g0515400	OsARF14	ARF
Os05g0563400	OsARF15	ARF
Os06g0196700	OsARF16	ARF
Os06g0677800	OsARF17	ARF
Os06g0685700	OsARF18	ARF
Os06g0702600	OsARF19	ARF
Os07g0183100	OsARF28	ARF
Os07g0183200	OsARF29	ARF
Os07g0183350	OsARF27	ARF
Os07g0183700	OsARF26	ARF
Os08g0520550	OsARF30	ARF
Os10g0479900	OsARF22	ARF
Os11g0523800	OsARF23	ARF
Os12g0479400	OsARF24	ARF
Os12g0613700	OsARF25	ARF
SORBI_3001G217300	SbARF6	ARF
SORBI_3002G290600	SbARF7	ARF
SORBI_3003G003800	SbARF9	ARF
SORBI_3003G251700	SbARF10	ARF
SORBI_3003G298600	SbARF11	ARF
SORBI_3003G411900	SbARF12	ARF
SORBI_3004G037800	SbARF13	ARF
SORBI_3004G051900	SbARF14	ARF
SORBI_3004G178500	SbARF15	ARF
SORBI_3004G221400	SbARF16	ARF
SORBI_3005G132000	SbARF17	ARF
SORBI_3006G089500	SbARF19	ARF
SORBI_3006G149600	SbARF20	ARF
SORBI_3006G255300	SbARF21	ARF
SORBI_3006G262100	SbARF22	ARF
SORBI_3006G278900	SbARF23	ARF
SORBI_3007G203500	SbARF24	ARF
SORBI_3008G096000	SbARF25	ARF
SORBI_3008G169400	SbARF26	ARF
SORBI_3009G196900	SbARF27	ARF
SORBI_3009G231800	SbARF1	ARF
SORBI_3010G073600	SbARF2	ARF
SORBI_3010G229000	SbARF3	ARF
SORBI_3010G236300	SbARF4	ARF
SORBI_3010G253300	SbARF5	ARF
Os02g0469900	OsARID1	ARID
Os02g0714300	OsARID2	ARID
Os04g0166400	OsARID7	ARID
Os05g0202200	OsARID8	ARID
Os06g0622300	OsARID3	ARID
Os08g0451400	OsARID4	ARID
Os10g0446400	OsARID9	ARID
SORBI_3001G233600	SbARID1	ARID
SORBI_3002G211800	SbARID2	ARID
SORBI_3004G143300	SbARID3	ARID
SORBI_3004G261700	SbARID4	ARID
SORBI_3006G017800	SbARID8	ARID
SORBI_3007G146900	SbARID5	ARID
SORBI_3010G194700	SbARID6	ARID
SORBI_3010G279450	SbARID7	ARID
Os02g0796500	OsARR2	ARR-B
Os06g0183100	OsARR7	ARR-B
Os03g0224200	OsARR3	ARR-B
Os02g0182100	OsARR1	ARR-B
Os01g0904700	OsARR9	ARR-B
Os06g0647200	OsARR8	ARR-B
SORBI_3003G393300	SbARR3	ARR-B
SORBI_3004G066600	SbARR4	ARR-B
SORBI_3004G330900	SbARR5	ARR-B
SORBI_3010G064700	SbARR9	ARR-B
SORBI_3005G050700	SbARR6	ARR-B
SORBI_3001G451000	SbARR2	ARR-B
SORBI_3001G227900	SbARR1	ARR-B
SORBI_3010G192200	SbARR10	ARR-B
SORBI_3006G035700	SbARR7	ARR-B
SORBI_3008G071200	SbARR8	ARR-B
Os01g0158800	OsALF1	Alfin-like
Os01g0887700	OsALF2	Alfin-like
Os02g0564100	OsALF3	Alfin-like
Os03g0818300	OsALF11	Alfin-like
Os04g0444900	OsALF5	Alfin-like
Os05g0163100	OsALF6	Alfin-like
Os05g0419100	OsALF7	Alfin-like
Os07g0233300	OsALF8	Alfin-like
Os07g0608400	OsALF9	Alfin-like
Os11g0244800	OsALF10	Alfin-like
Os11g0474000	OsALF12	Alfin-like
SORBI_3001G037000	SbALF1	Alfin-like
SORBI_3002G083400	SbALF2	Alfin-like
SORBI_3002G371000	SbALF3	Alfin-like
SORBI_3003G062400	SbALF4	Alfin-like
SORBI_3003G382100	SbALF5	Alfin-like
SORBI_3004G182900	SbALF6	Alfin-like
SORBI_3005G086200	SbALF7	Alfin-like
SORBI_3006G093200	SbALF8	Alfin-like
SORBI_3007G011900	SbALF14	Alfin-like
SORBI_3008G073600	SbALF9	Alfin-like
SORBI_3009G056300	SbALF10	Alfin-like
SORBI_3009G116000	SbALF11	Alfin-like
SORBI_3009G116200	SbALF12	Alfin-like
SORBI_3009G140700	SbALF13	Alfin-like
Os01g0178500	OsIAA1	Aux/IAA
Os01g0190300	OsIAA2	Aux/IAA
Os01g0231000	OsIAA3	Aux/IAA
Os01g0286900	OsIAA4	Aux/IAA
Os01g0675700	OsIAA5	Aux/IAA
Os01g0741900	OsIAA6	Aux/IAA
Os02g0228900	OsIAA7	Aux/IAA
Os02g0723400	OsIAA8	Aux/IAA
Os02g0805100	OsIAA9	Aux/IAA
Os02g0817600	OsIAA10	Aux/IAA
Os03g0633500	OsIAA11	Aux/IAA
Os03g0633800	OsIAA12	Aux/IAA
Os03g0742900	OsIAA13	Aux/IAA
Os03g0797800	OsIAA14	Aux/IAA
Os04g0653300	OsIAA15	Aux/IAA
Os05g0178600	OsIAA16	Aux/IAA
Os05g0230700	OsIAA17	Aux/IAA
Os05g0523300	OsIAA18	Aux/IAA
Os05g0559400	OsIAA19	Aux/IAA
Os06g0166500	OsIAA20	Aux/IAA
Os06g0335500	OsIAA21	Aux/IAA
Os06g0597000	OsIAA22	Aux/IAA
Os07g0182400	OsIAA23	Aux/IAA
Os08g0109400	OsIAA24	Aux/IAA
Os09g0527700	OsIAA25	Aux/IAA
Os11g0221000	OsIAA26	Aux/IAA
Os11g0221200	OsIAA27	Aux/IAA
Os11g0221300	OsIAA28	Aux/IAA
Os12g0601300	OsIAA29	Aux/IAA
Os12g0601400	OsIAA30	Aux/IAA
SORBI_3001G056100	SbIAA1	Aux/IAA
SORBI_3001G094800	SbIAA2	Aux/IAA
SORBI_3001G161500	SbIAA3	Aux/IAA
SORBI_3001G161601	SbIAA4	Aux/IAA
SORBI_3002G055900	SbIAA5	Aux/IAA
SORBI_3002G273400	SbIAA6	Aux/IAA
SORBI_3003G035700	SbIAA7	Aux/IAA
SORBI_3003G044900	SbIAA8	Aux/IAA
SORBI_3003G137200	SbIAA9	Aux/IAA
SORBI_3003G254800	SbIAA10	Aux/IAA
SORBI_3003G291200	SbIAA11	Aux/IAA
SORBI_3004G099600	SbIAA12	Aux/IAA
SORBI_3004G336500	SbIAA13	Aux/IAA
SORBI_3004G345600	SbIAA14	Aux/IAA
SORBI_3005G098300	SbIAA15	Aux/IAA
SORBI_3005G098400	SbIAA16	Aux/IAA
SORBI_3006G245300	SbIAA17	Aux/IAA
SORBI_3007G009300	SbIAA18	Aux/IAA
SORBI_3008G156900	SbIAA19	Aux/IAA
SORBI_3008G157000	SbIAA20	Aux/IAA
SORBI_3009G065000	SbIAA21	Aux/IAA
SORBI_3009G069700	SbIAA22	Aux/IAA
SORBI_3009G085100	SbIAA23	Aux/IAA
SORBI_3009G203700	SbIAA24	Aux/IAA
SORBI_3009G229200	SbIAA25	Aux/IAA
SORBI_3010G052700	SbIAA26	Aux/IAA
SORBI_3010G146400	SbIAA27	Aux/IAA
SORBI_3010G180600	SbIAA28	Aux/IAA
Os03g0237401	OsBBR5	BBR/BPC
Os06g0130600	OsBBR1	BBR/BPC
Os10g0114500	OsBBR2	BBR/BPC
Os10g0115200	OsBBR3	BBR/BPC
Os10g0115500	OsBBR4	BBR/BPC
SORBI_3001G051500	SbBBR6	BBR/BPC
SORBI_3001G224700	SbBBR7	BBR/BPC
SORBI_3002G114000	SbBBR1	BBR/BPC
SORBI_3002G114200	SbBBR2	BBR/BPC
SORBI_3002G114400	SbBBR3	BBR/BPC
SORBI_3003G214600	SbBBR8	BBR/BPC
SORBI_3004G177700	SbBBR9	BBR/BPC
SORBI_3006G068900	SbBBR10	BBR/BPC
SORBI_3006G113500	SbBBR11	BBR/BPC
SORBI_3007G120600	SbBBR12	BBR/BPC
SORBI_3008G076900	SbBBR13	BBR/BPC
SORBI_3010G021200	SbBBR4	BBR/BPC
SORBI_3010G056000	SbBBR5	BBR/BPC
Os01g0273300	OsBSD1	BSD
Os01g0314300	OsBSD2	BSD
Os01g0766600	OsBSD3	BSD
Os02g0726400	OsBSD4	BSD
Os03g0729900	OsBSD5	BSD
Os05g0510700	OsBSD6	BSD
Os06g0175400	OsBSD7	BSD
Os07g0647400	OsBSD8	BSD
Os08g0338200	OsBSD9	BSD
Os11g0557300	OsBSD10	BSD
SORBI_3001G104000	SbBSD1	BSD
SORBI_3002G398800	SbBSD2	BSD
SORBI_3003G127400	SbBSD3	BSD
SORBI_3003G148900	SbBSD4	BSD
SORBI_3003G307900	SbBSD5	BSD
SORBI_3004G253900	SbBSD6	BSD
SORBI_3005G155300	SbBSD7	BSD
SORBI_3006G252300	SbBSD8	BSD
SORBI_3007G042900	SbBSD9	BSD
SORBI_3009G194300	SbBSD10	BSD
SORBI_3010G058900	SbBSD11	BSD
Os01g0176900	OsBZR1	BZR
Os01g0203000	OsBZR2	BZR
Os02g0129600	OsBZR3	BZR
Os02g0233200	OsBZR4	BZR
Os06g0552300	OsBZR5	BZR
Os07g0580500	OsBZR6	BZR
SORBI_3001G511400	SbBZR1	BZR
SORBI_3002G335100	SbBZR9	BZR
SORBI_3002G353200	SbBZR2	BZR
SORBI_3003G026300	SbBZR3	BZR
SORBI_3003G046600	SbBZR4	BZR
SORBI_3004G027800	SbBZR5	BZR
SORBI_3004G102500	SbBZR6	BZR
SORBI_3004G102600	SbBZR10	BZR
SORBI_3004G102700	SbBZR7	BZR
SORBI_3010G163900	SbBZR8	BZR
Os02g0178100	OsCOL1	C2C2-CO-like
Os02g0610500	OsCOL2	C2C2-CO-like
Os02g0724000	OsCOL3	C2C2-CO-like
Os02g0731700	OsCOL4	C2C2-CO-like
Os03g0351100	OsCOL5	C2C2-CO-like
Os03g0711100	OsCOL6	C2C2-CO-like
Os04g0497700	OsCOL7	C2C2-CO-like
Os06g0103000	OsCOL8	C2C2-CO-like
Os06g0264200	OsCOL9	C2C2-CO-like
Os06g0275000	OsCOL10	C2C2-CO-like
Os06g0298200	OsCOL11	C2C2-CO-like
Os07g0667300	OsCOL13	C2C2-CO-like
Os08g0536300	OsCOL15	C2C2-CO-like
Os09g0240200	OsCOL16	C2C2-CO-like
Os09g0509700	OsCOL17	C2C2-CO-like
SORBI_3001G118100	SbCOL1	C2C2-CO-like
SORBI_3001G372700	SbCOL10	C2C2-CO-like
SORBI_3002G408500	SbCOL11	C2C2-CO-like
SORBI_3004G063200	SbCOL2	C2C2-CO-like
SORBI_3004G211200	SbCOL3	C2C2-CO-like
SORBI_3004G249500	SbCOL4	C2C2-CO-like
SORBI_3004G252300	SbCOL12	C2C2-CO-like
SORBI_3004G256200	SbCOL5	C2C2-CO-like
SORBI_3006G135100	SbCOL6	C2C2-CO-like
SORBI_3007G092000	SbCOL13	C2C2-CO-like
SORBI_3007G189800	SbCOL14	C2C2-CO-like
SORBI_3010G001200	SbCOL15	C2C2-CO-like
SORBI_3010G108500	SbCOL7	C2C2-CO-like
SORBI_3010G115800	SbCOL8	C2C2-CO-like
SORBI_3010G123500	SbCOL9	C2C2-CO-like
SORBI_3010G214000	SbCOL16	C2C2-CO-like
Os01g0264000	OsDOF2	C2C2-Dof
Os01g0277500	OsDOF3	C2C2-Dof
Os01g0673700	OsDOF4	C2C2-Dof
Os01g0758200	OsDOF5	C2C2-Dof
Os01g0865800	OsDOF6	C2C2-Dof
Os02g0252400	OsDOF7	C2C2-Dof
Os02g0673700	OsDOF8	C2C2-Dof
Os02g0707200	OsDOF9	C2C2-Dof
Os02g0726300	OsDOF10	C2C2-Dof
Os03g0169600	OsDOF11	C2C2-Dof
Os03g0619151	OsDOF14	C2C2-Dof
Os03g0764900	OsDOF15	C2C2-Dof
Os03g0821200	OsDOF16	C2C2-Dof
Os04g0567800	OsDOF17	C2C2-Dof
Os04g0678400	OsDOF18	C2C2-Dof
Os05g0112200	OsDOF19	C2C2-Dof
Os05g0440000	OsDOF20	C2C2-Dof
Os06g0284500	OsDOF21	C2C2-Dof
Os07g0236700	OsDOF22	C2C2-Dof
Os07g0685000	OsDOF24	C2C2-Dof
Os08g0490100	OsDOF25	C2C2-Dof
Os09g0475800	OsDOF26	C2C2-Dof
Os10g0406300	OsDOF27	C2C2-Dof
Os10g0496000	OsDOF28	C2C2-Dof
Os12g0133700	OsDOF31	C2C2-Dof
Os12g0569900	OsDOF29	C2C2-Dof
Os12g0590700	OsDOF30	C2C2-Dof
SORBI_3001G034300	SbDOF1	C2C2-Dof
SORBI_3001G078700	SbDOF2	C2C2-Dof
SORBI_3001G166200	SbDOF3	C2C2-Dof
SORBI_3001G179300	SbDOF4	C2C2-Dof
SORBI_3001G206300	SbDOF5	C2C2-Dof
SORBI_3001G252800	SbDOF6	C2C2-Dof
SORBI_3001G420300	SbDOF7	C2C2-Dof
SORBI_3001G489900	SbDOF8	C2C2-Dof
SORBI_3002G236600	SbDOF9	C2C2-Dof
SORBI_3002G313800	SbDOF10	C2C2-Dof
SORBI_3002G421900	SbDOF11	C2C2-Dof
SORBI_3003G033500	SbDOF12	C2C2-Dof
SORBI_3003G121400	SbDOF13	C2C2-Dof
SORBI_3003G131100	SbDOF14	C2C2-Dof
SORBI_3003G253200	SbDOF15	C2C2-Dof
SORBI_3003G301700	SbDOF16	C2C2-Dof
SORBI_3003G367100	SbDOF17	C2C2-Dof
SORBI_3004G254000	SbDOF18	C2C2-Dof
SORBI_3004G266200	SbDOF19	C2C2-Dof
SORBI_3004G284400	SbDOF20	C2C2-Dof
SORBI_3005G001500	SbDOF21	C2C2-Dof
SORBI_3006G182300	SbDOF22	C2C2-Dof
SORBI_3006G267900	SbDOF23	C2C2-Dof
SORBI_3007G223200	SbDOF24	C2C2-Dof
SORBI_3008G001700	SbDOF25	C2C2-Dof
SORBI_3008G136100	SbDOF26	C2C2-Dof
SORBI_3008G148101	SbDOF27	C2C2-Dof
SORBI_3009G014400	SbDOF30	C2C2-Dof
SORBI_3009G153400	SbDOF28	C2C2-Dof
SORBI_3009G196100	SbDOF29	C2C2-Dof
Os01g0343300	OsGATA1	C2C2-GATA
Os01g0662800	OsGATA2	C2C2-GATA
Os01g0745700	OsGATA3	C2C2-GATA
Os01g0976800	OsGATA4	C2C2-GATA
Os02g0220400	OsGATA6	C2C2-GATA
Os02g0645600	OsGATA7	C2C2-GATA
Os03g0145200	OsGATA10	C2C2-GATA
Os03g0181600	OsGATA11	C2C2-GATA
Os03g0734900	OsZIM2	C2C2-GATA
Os03g0831200	OsGATA12	C2C2-GATA
Os04g0295400	OsGATA28	C2C2-GATA
Os04g0539500	OsGATA29	C2C2-GATA
Os04g0544500	OsGATA14	C2C2-GATA
Os05g0155400	OsGATA15	C2C2-GATA
Os05g0520300	OsGATA16	C2C2-GATA
Os05g0567900	OsGATA17	C2C2-GATA
Os05g0578900	OsGATA18	C2C2-GATA
Os06g0571800	OsGATA19	C2C2-GATA
Os07g0615900	OsGATA21	C2C2-GATA
Os10g0557600	OsGATA23	C2C2-GATA
Os11g0187200	OsGATA24	C2C2-GATA
Os12g0168800	OsGATA26	C2C2-GATA
Os12g0624900	OsGATA27	C2C2-GATA
SORBI_3001G023900	SbGATA1	C2C2-GATA
SORBI_3001G062700	SbGATA2	C2C2-GATA
SORBI_3001G137300	SbGATA3	C2C2-GATA
SORBI_3001G229200	SbGATA4	C2C2-GATA
SORBI_3001G299600	SbGATA5	C2C2-GATA
SORBI_3001G482200	SbGATA28	C2C2-GATA
SORBI_3001G506066	SbGATA29	C2C2-GATA
SORBI_3002G374300	SbGATA30	C2C2-GATA
SORBI_3003G157300	SbGATA6	C2C2-GATA
SORBI_3003G246800	SbGATA7	C2C2-GATA
SORBI_3003G293100	SbGATA8	C2C2-GATA
SORBI_3003G445800	SbGATA9	C2C2-GATA
SORBI_3004G023500	SbGATA10	C2C2-GATA
SORBI_3004G094100	SbGATA12	C2C2-GATA
SORBI_3004G123600	SbGATA31	C2C2-GATA
SORBI_3004G301100	SbGATA13	C2C2-GATA
SORBI_3004G337500	SbGATA14	C2C2-GATA
SORBI_3005G022400	SbGATA15	C2C2-GATA
SORBI_3005G162400	SbGATA16	C2C2-GATA
SORBI_3006G162800	SbGATA17	C2C2-GATA
SORBI_3006G166100	SbGATA18	C2C2-GATA
SORBI_3008G051400	SbGATA19	C2C2-GATA
SORBI_3008G051500	SbGATA20	C2C2-GATA
SORBI_3008G051700	SbGATA21	C2C2-GATA
SORBI_3008G179800	SbGATA22	C2C2-GATA
SORBI_3009G050600	SbGATA23	C2C2-GATA
SORBI_3009G202000	SbGATA24	C2C2-GATA
SORBI_3009G236000	SbGATA25	C2C2-GATA
SORBI_3009G243600	SbGATA26	C2C2-GATA
SORBI_3010G173400	SbGATA27	C2C2-GATA
Os01g0612700	OsYAB9	C2C2-YABBY
Os02g0643200	OsYAB1	C2C2-YABBY
Os03g0215200	OsYAB2	C2C2-YABBY
Os03g0650000	OsYAB3	C2C2-YABBY
Os04g0536300	OsYAB4	C2C2-YABBY
Os05g0586400	OsYAB10	C2C2-YABBY
Os07g0160100	OsYAB5	C2C2-YABBY
Os07g0571800	OsYAB6	C2C2-YABBY
Os09g0326900	OsYAB11	C2C2-YABBY
Os10g0508300	OsYAB7	C2C2-YABBY
Os12g0621100	OsYAB8	C2C2-YABBY
SORBI_3001G152901	SbYAB1	C2C2-YABBY
SORBI_3001G199200	SbYAB2	C2C2-YABBY
SORBI_3001G402500	SbYAB9	C2C2-YABBY
SORBI_3001G456000	SbYAB3	C2C2-YABBY
SORBI_3002G023600	SbYAB10	C2C2-YABBY
SORBI_3002G039400	SbYAB4	C2C2-YABBY
SORBI_3002G346800	SbYAB5	C2C2-YABBY
SORBI_3004G040900	SbYAB11	C2C2-YABBY
SORBI_3004G302700	SbYAB6	C2C2-YABBY
SORBI_3004G348100	SbYAB12	C2C2-YABBY
SORBI_3006G160800	SbYAB7	C2C2-YABBY
SORBI_3007G050100	SbYAB13	C2C2-YABBY
SORBI_3008G176300	SbYAB8	C2C2-YABBY
SORBI_3009G068400	SbYAB14	C2C2-YABBY
SORBI_3010G275225	SbYAB15	C2C2-YABBY
Os05g0121400	OsC2H1	C2H2
Os05g0106000	OsC2H2	C2H2
Os02g0551900	OsC2H17	C2H2
Os07g0598800	OsC2H3	C2H2
Os12g0578800	OsC2H109	C2H2
Os01g0935000	OsC2H4	C2H2
Os02g0659500	OsC2H5	C2H2
Os04g0552700	OsC2H6	C2H2
Os01g0572300	OsC2H7	C2H2
Os08g0554400	OsC2H8	C2H2
Os01g0242200	OsC2H9	C2H2
Os03g0197800	OsC2H10	C2H2
Os01g0195000	OsC2H11	C2H2
Os02g0672100	OsC2H12	C2H2
Os11g0702400	OsC2H13	C2H2
Os07g0581366	OsC2H14	C2H2
Os02g0196100	OsC2H15	C2H2
Os04g0566400	OsC2H16	C2H2
Os04g0471000	OsC2H19	C2H2
Os02g0572900	OsC2H18	C2H2
Os06g0727000	OsC2H20	C2H2
Os03g0764100	OsC2H21	C2H2
Os04g0165200	OsC2H43	C2H2
Os03g0425900	OsC2H22	C2H2
Os09g0555700	OsC2H23	C2H2
Os01g0859100	OsC2H24	C2H2
Os02g0823900	OsC2H25	C2H2
Os08g0504000	OsC2H27	C2H2
Os01g0838600	OsC2H28	C2H2
Os12g0170400	OsC2H105	C2H2
Os03g0838800	OsC2H40	C2H2
Os04g0162500	OsC2H29	C2H2
Os05g0444200	OsC2H30	C2H2
Os03g0820400	OsC2H31	C2H2
Os01g0839100	OsC2H32	C2H2
Os05g0114400	OsC2H33	C2H2
Os03g0237250	OsC2H26	C2H2
Os08g0562300	OsC2H85	C2H2
Os03g0820300	OsC2H34	C2H2
Os03g0279700	OsC2H35	C2H2
Os08g0485600	OsC2H36	C2H2
Os02g0116000	OsC2H37	C2H2
Os12g0583700	OsC2H38	C2H2
Os10g0419200	OsC2H39	C2H2
Os11g0702300	OsC2H41	C2H2
Os06g0166200	OsC2H42	C2H2
Os11g0169400	OsC2H44	C2H2
Os07g0590100	OsC2H45	C2H2
Os03g0437200	OsC2H46	C2H2
Os01g0871200	OsC2H47	C2H2
Os08g0485700	OsC2H48	C2H2
Os07g0588600	OsC2H49	C2H2
Os03g0148800	OsC2H50	C2H2
Os05g0460900	OsC2H51	C2H2
Os05g0461200	OsC2H52	C2H2
Os02g0518500	OsC2H53	C2H2
Os02g0659100	OsC2H54	C2H2
Os06g0612300	OsC2H55	C2H2
Os08g0467100	OsC2H56	C2H2
Os07g0588700	OsC2H57	C2H2
Os03g0437100	OsC2H58	C2H2
Os11g0340477	OsC2H59	C2H2
Os07g0417400	OsC2H60	C2H2
Os09g0431900	OsC2H61	C2H2
Os04g0690100	OsC2H62	C2H2
Os04g0168100	OsC2H63	C2H2
Os04g0552400	OsC2H64	C2H2
Os05g0286100	OsC2H65	C2H2
Os08g0300366	OsC2H66	C2H2
Os09g0560900	OsC2H67	C2H2
Os09g0307400	OsC2H68	C2H2
Os09g0282100	OsC2H69	C2H2
Os11g0442900	OsC2H70	C2H2
Os09g0570200	OsC2H71	C2H2
Os09g0449400	OsC2H72	C2H2
Os11g0707300	OsC2H73	C2H2
Os10g0555300	OsC2H74	C2H2
Os12g0578600	OsC2H107	C2H2
Os03g0264600	OsC2H75	C2H2
Os01g0785900	OsC2H76	C2H2
Os09g0122000	OsC2H77	C2H2
Os07g0569700	OsC2H78	C2H2
Os04g0115500	OsC2H79	C2H2
Os11g0498400	OsC2H80	C2H2
Os03g0239300	OsC2H81	C2H2
Os04g0444100	OsC2H82	C2H2
Os07g0101800	OsC2H83	C2H2
Os08g0555700	OsC2H84	C2H2
Os09g0431750	OsC2H86	C2H2
Os09g0430600	OsC2H87	C2H2
Os02g0182300	OsC2H88	C2H2
Os09g0485600	OsC2H89	C2H2
Os04g0464600	OsC2H90	C2H2
Os03g0610400	OsC2H91	C2H2
Os05g0597100	OsC2H92	C2H2
Os01g0534800	OsC2H93	C2H2
Os09g0485500	OsC2H94	C2H2
Os03g0831900	OsC2H95	C2H2
Os12g0502700	OsC2H96	C2H2
Os07g0153600	OsC2H97	C2H2
Os05g0502500	OsC2H98	C2H2
Os09g0566100	OsC2H99	C2H2
Os07g0640000	OsC2H100	C2H2
Os08g0441900	OsC2H101	C2H2
Os02g0293900	OsC2H102	C2H2
Os07g0593000	OsC2H103	C2H2
SORBI_3001G020200	SbC2H1	C2H2
SORBI_3001G035000	SbC2H8	C2H2
SORBI_3001G035100	SbC2H9	C2H2
SORBI_3001G035300	SbC2H10	C2H2
SORBI_3001G079500	SbC2H11	C2H2
SORBI_3001G127600	SbC2H12	C2H2
SORBI_3001G242900	SbC2H13	C2H2
SORBI_3001G301900	SbC2H14	C2H2
SORBI_3001G330100	SbC2H15	C2H2
SORBI_3001G330200	SbC2H16	C2H2
SORBI_3001G330400	SbC2H17	C2H2
SORBI_3001G333700	SbC2H18	C2H2
SORBI_3001G356700	SbC2H19	C2H2
SORBI_3001G356800	SbC2H20	C2H2
SORBI_3001G357000	SbC2H21	C2H2
SORBI_3001G357100	SbC2H22	C2H2
SORBI_3001G416200	SbC2H23	C2H2
SORBI_3001G427600	SbC2H24	C2H2
SORBI_3001G441500	SbC2H25	C2H2
SORBI_3001G443000	SbC2H2	C2H2
SORBI_3001G469100	SbC2H26	C2H2
SORBI_3001G503200	SbC2H28	C2H2
SORBI_3002G001700	SbC2H29	C2H2
SORBI_3002G026700	SbC2H30	C2H2
SORBI_3002G027100	SbC2H31	C2H2
SORBI_3002G116600	SbC2H32	C2H2
SORBI_3002G137200	SbC2H33	C2H2
SORBI_3002G145300	SbC2H34	C2H2
SORBI_3002G153900	SbC2H35	C2H2
SORBI_3002G164700	SbC2H36	C2H2
SORBI_3002G197700	SbC2H37	C2H2
SORBI_3002G197800	SbC2H38	C2H2
SORBI_3002G209800	SbC2H39	C2H2
SORBI_3002G209900	SbC2H40	C2H2
SORBI_3002G221400	SbC2H41	C2H2
SORBI_3002G245500	SbC2H42	C2H2
SORBI_3002G293000	SbC2H43	C2H2
SORBI_3002G293100	SbC2H44	C2H2
SORBI_3002G295000	SbC2H45	C2H2
SORBI_3002G297200	SbC2H46	C2H2
SORBI_3002G345300	SbC2H47	C2H2
SORBI_3002G353700	SbC2H48	C2H2
SORBI_3002G359300	SbC2H49	C2H2
SORBI_3002G360100	SbC2H50	C2H2
SORBI_3002G364700	SbC2H51	C2H2
SORBI_3003G001300	SbC2H52	C2H2
SORBI_3003G025500	SbC2H53	C2H2
SORBI_3003G031800	SbC2H54	C2H2
SORBI_3003G037900	SbC2H55	C2H2
SORBI_3003G076400	SbC2H56	C2H2
SORBI_3003G086800	SbC2H57	C2H2
SORBI_3003G087400	SbC2H58	C2H2
SORBI_3003G194600	SbC2H59	C2H2
SORBI_3003G198300	SbC2H60	C2H2
SORBI_3003G242300	SbC2H61	C2H2
SORBI_3003G242400	SbC2H62	C2H2
SORBI_3003G320300	SbC2H63	C2H2
SORBI_3003G349600	SbC2H64	C2H2
SORBI_3003G349700	SbC2H65	C2H2
SORBI_3003G363200	SbC2H66	C2H2
SORBI_3003G370700	SbC2H67	C2H2
SORBI_3003G383400	SbC2H68	C2H2
SORBI_3003G396600	SbC2H69	C2H2
SORBI_3003G417500	SbC2H70	C2H2
SORBI_3004G000800	SbC2H71	C2H2
SORBI_3004G066700	SbC2H72	C2H2
SORBI_3004G153200	SbC2H73	C2H2
SORBI_3004G160100	SbC2H74	C2H2
SORBI_3004G162700	SbC2H75	C2H2
SORBI_3004G174400	SbC2H3	C2H2
SORBI_3004G186200	SbC2H76	C2H2
SORBI_3004G188300	SbC2H4	C2H2
SORBI_3004G265500	SbC2H77	C2H2
SORBI_3004G285400	SbC2H78	C2H2
SORBI_3004G294100	SbC2H79	C2H2
SORBI_3004G294200	SbC2H80	C2H2
SORBI_3004G349237	SbC2H81	C2H2
SORBI_3004G351700	SbC2H82	C2H2
SORBI_3005G025100	SbC2H83	C2H2
SORBI_3005G052700	SbC2H84	C2H2
SORBI_3005G100400	SbC2H85	C2H2
SORBI_3005G121100	SbC2H86	C2H2
SORBI_3005G134100	SbC2H87	C2H2
SORBI_3005G163100	SbC2H88	C2H2
SORBI_3005G163500	SbC2H89	C2H2
SORBI_3005G225700	SbC2H90	C2H2
SORBI_3005G226100	SbC2H91	C2H2
SORBI_3005G231700	SbC2H92	C2H2
SORBI_3006G009400	SbC2H93	C2H2
SORBI_3006G009500	SbC2H94	C2H2
SORBI_3006G015600	SbC2H95	C2H2
SORBI_3006G018600	SbC2H96	C2H2
SORBI_3006G092300	SbC2H97	C2H2
SORBI_3006G109775	SbC2H98	C2H2
SORBI_3006G115400	SbC2H99	C2H2
SORBI_3006G118100	SbC2H100	C2H2
SORBI_3006G171500	SbC2H101	C2H2
SORBI_3006G171600	SbC2H102	C2H2
SORBI_3006G180900	SbC2H103	C2H2
SORBI_3006G197200	SbC2H104	C2H2
SORBI_3006G278400	SbC2H105	C2H2
SORBI_3007G141600	SbC2H106	C2H2
SORBI_3007G153300	SbC2H107	C2H2
SORBI_3007G166000	SbC2H5	C2H2
SORBI_3007G172800	SbC2H108	C2H2
SORBI_3007G173200	SbC2H109	C2H2
SORBI_3007G202900	SbC2H110	C2H2
SORBI_3007G212900	SbC2H111	C2H2
SORBI_3007G223400	SbC2H112	C2H2
SORBI_3007G225100	SbC2H113	C2H2
SORBI_3008G014850	SbC2H114	C2H2
SORBI_3008G104400	SbC2H116	C2H2
SORBI_3008G141833	SbC2H117	C2H2
SORBI_3008G141900	SbC2H118	C2H2
SORBI_3008G144500	SbC2H119	C2H2
SORBI_3008G173200	SbC2H120	C2H2
SORBI_3009G006900	SbC2H121	C2H2
SORBI_3009G016300	SbC2H122	C2H2
SORBI_3009G024400	SbC2H7	C2H2
SORBI_3009G067700	SbC2H123	C2H2
SORBI_3009G084600	SbC2H124	C2H2
SORBI_3009G155200	SbC2H125	C2H2
SORBI_3009G164600	SbC2H126	C2H2
SORBI_3009G189000	SbC2H127	C2H2
SORBI_3009G211700	SbC2H128	C2H2
SORBI_3009G260600	SbC2H129	C2H2
SORBI_3010G052500	SbC2H130	C2H2
SORBI_3010G133275	SbC2H131	C2H2
SORBI_3010G190400	SbC2H132	C2H2
SORBI_3010G194400	SbC2H133	C2H2
SORBI_3010G237800	SbC2H134	C2H2
SORBI_3010G274200	SbC2H135	C2H2
SORBI_3010G274300	SbC2H136	C2H2
SORBI_3010G279600	SbC2H137	C2H2
Os01g0616400	OsC3H8	C3H
Os01g0917400	OsC3H12	C3H
Os11g0472000	OsC3H66	C3H
Os01g0258700	OsC3H6	C3H
Os12g0405100	OsC3H69	C3H
Os01g0257400	OsC3H5	C3H
Os12g0278800	OsC3H68	C3H
Os08g0159800	OsC3H59	C3H
Os06g0520600	OsC3H44	C3H
Os06g0519400	OsC3H43	C3H
Os06g0318700	OsC3H42	C3H
Os05g0576300	OsC3H40	C3H
Os04g0665700	OsC3H32	C3H
Os01g0645000	OsC3H9	C3H
Os02g0194200	OsC3H14	C3H
Os06g0618100	OsC3H45	C3H
Os03g0301500	OsC3H21	C3H
Os04g0438700	OsC3H70	C3H
Os07g0139000	OsC3H52	C3H
Os08g0135800	OsC3H71	C3H
Os02g0301000	OsC3H15	C3H
Os08g0491700	OsC3H60	C3H
Os01g0572100	OsC3H7	C3H
Os01g0256800	OsC3H4	C3H
Os06g0677700	OsC3H72	C3H
Os07g0138400	OsC3H51	C3H
Os06g0704300	OsC3H50	C3H
Os01g0252200	OsC3H3	C3H
Os09g0305900	OsC3H61	C3H
Os05g0195200	OsC3H73	C3H
Os06g0638000	OsC3H74	C3H
Os01g0192000	OsC3H2	C3H
Os09g0364000	OsC3H75	C3H
Os05g0128200	OsC3H34	C3H
Os01g0174600	OsC3H1	C3H
Os04g0487550	OsC3H30	C3H
Os05g0525900	OsC3H38	C3H
Os06g0682800	OsC3H49	C3H
Os07g0568300	OsC3H54	C3H
Os03g0698800	OsC3H24	C3H
Os03g0112700	OsC3H76	C3H
Os09g0530600	OsC3H77	C3H
Os02g0161200	OsC3H13	C3H
Os05g0497500	OsC3H78	C3H
Os02g0677700	OsC3H17	C3H
Os02g0557500	OsC3H16	C3H
Os04g0117600	OsC3H79	C3H
Os10g0511900	OsC3H80	C3H
Os01g0834700	OsC3H81	C3H
Os12g0515500	OsC3H82	C3H
Os01g0738400	OsC3H83	C3H
Os04g0671800	OsC3H84	C3H
Os12g0129550	OsC3H85	C3H
Os02g0793000	OsC3H86	C3H
Os04g0663200	OsC3H87	C3H
Os04g0572700	OsC3H88	C3H
Os07g0668600	OsC3H89	C3H
SORBI_3001G127200	SbC3H2	C3H
SORBI_3001G128800	SbC3H3	C3H
SORBI_3001G132200	SbC3H4	C3H
SORBI_3001G196500	SbC3H45	C3H
SORBI_3001G260000	SbC3H46	C3H
SORBI_3001G399600	SbC3H6	C3H
SORBI_3002G182000	SbC3H47	C3H
SORBI_3002G343300	SbC3H9	C3H
SORBI_3003G034400	SbC3H11	C3H
SORBI_3003G049000	SbC3H12	C3H
SORBI_3003G113900	SbC3H13	C3H
SORBI_3003G117700	SbC3H15	C3H
SORBI_3003G117800	SbC3H16	C3H
SORBI_3003G194500	SbC3H17	C3H
SORBI_3003G220700	SbC3H18	C3H
SORBI_3003G236701	SbC3H48	C3H
SORBI_3003G346700	SbC3H49	C3H
SORBI_3003G402000	SbC3H20	C3H
SORBI_3004G049700	SbC3H21	C3H
SORBI_3004G078100	SbC3H22	C3H
SORBI_3004G113700	SbC3H23	C3H
SORBI_3004G259300	SbC3H50	C3H
SORBI_3004G283000	SbC3H26	C3H
SORBI_3004G327400	SbC3H51	C3H
SORBI_3004G357200	SbC3H27	C3H
SORBI_3005G111700	SbC3H29	C3H
SORBI_3006G010400	SbC3H52	C3H
SORBI_3006G087100	SbC3H53	C3H
SORBI_3006G254600	SbC3H54	C3H
SORBI_3006G256500	SbC3H31	C3H
SORBI_3006G261800	SbC3H32	C3H
SORBI_3007G031600	SbC3H33	C3H
SORBI_3007G050300	SbC3H34	C3H
SORBI_3008G092300	SbC3H37	C3H
SORBI_3008G112500	SbC3H55	C3H
SORBI_3009G028500	SbC3H38	C3H
SORBI_3009G063700	SbC3H56	C3H
SORBI_3009G072100	SbC3H39	C3H
SORBI_3009G205100	SbC3H57	C3H
SORBI_3009G241600	SbC3H41	C3H
SORBI_3010G131900	SbC3H42	C3H
SORBI_3010G193800	SbC3H43	C3H
SORBI_3010G201500	SbC3H58	C3H
SORBI_3010G228700	SbC3H59	C3H
SORBI_3010G233000	SbC3H60	C3H
SORBI_3010G254900	SbC3H44	C3H
Os01g0923600	OsCAMTA1	CAMTA
Os03g0191000	OsCAMTA2	CAMTA
Os04g0388500	OsCAMTA3	CAMTA
Os07g0490200	OsCAMTA4	CAMTA
Os10g0375600	OsCAMTA6	CAMTA
SORBI_3001G261501	SbCAMTA6	CAMTA
SORBI_3001G351700	SbCAMTA1	CAMTA
SORBI_3001G474600	SbCAMTA2	CAMTA
SORBI_3002G306000	SbCAMTA3	CAMTA
SORBI_3002G380200	SbCAMTA4	CAMTA
SORBI_3003G407200	SbCAMTA5	CAMTA
SORBI_3006G051800	SbCAMTA7	CAMTA
Os01g0153100	OsCADR1	CCAAT-DR1
Os01g0839500	OsCADR2	CCAAT-DR1
Os03g0279000	OsCADR3	CCAAT-DR1
Os05g0574300	OsCADR4	CCAAT-DR1
Os05g0460475	OsCADR5	CCAAT-DR1
Os01g0153300	OsCADR6	CCAAT-DR1
Os08g0490900	OsCADR7	CCAAT-DR1
Os01g0858500	OsCADR8	CCAAT-DR1
Os01g0152300	OsCADR9	CCAAT-DR1
Os01g0149600	OsCADR10	CCAAT-DR1
Os01g0152900	OsCADR11	CCAAT-DR1
Os12g0415800	OsCADR12	CCAAT-DR1
Os06g0160001	OsCADR13	CCAAT-DR1
Os11g0155900	OsCADR14	CCAAT-DR1
Os01g0835900	OsCADR15	CCAAT-DR1
Os02g0684500	OsCADR16	CCAAT-DR1
Os03g0119900	OsCADR17	CCAAT-DR1
Os04g0583600	OsCADR18	CCAAT-DR1
Os05g0462700	OsCADR19	CCAAT-DR1
Os05g0466600	OsCADR20	CCAAT-DR1
Os06g0159725	OsCADR21	CCAAT-DR1
Os07g0549900	OsCADR22	CCAAT-DR1
Os09g0433600	OsCADR23	CCAAT-DR1
Os09g0553100	OsCADR24	CCAAT-DR1
Os10g0539500	OsCADR25	CCAAT-DR1
Os06g0186900	OsCADR26	CCAAT-DR1
Os05g0462900	OsCADR27	CCAAT-DR1
Os06g0160100	OsCADR28	CCAAT-DR1
Os04g0419600	OsCADR29	CCAAT-DR1
Os03g0390600	OsCADR30	CCAAT-DR1
Os06g0130900	OsCADR31	CCAAT-DR1
Os01g0846900	OsCADR32	CCAAT-DR1
Os02g0665800	OsCADR33	CCAAT-DR1
Os01g0510800	OsCADR34	CCAAT-DR1
Os04g0397700	OsCADR35	CCAAT-DR1
Os09g0403000	OsCADR36	CCAAT-DR1
Os05g0489800	OsCADR37	CCAAT-DR1
Os09g0570850	OsCADR38	CCAAT-DR1
SORBI_3001G081200	SbCADR1	CCAAT-DR1
SORBI_3001G094500	SbCADR2	CCAAT-DR1
SORBI_3001G284800	SbCADR3	CCAAT-DR1
SORBI_3001G297400	SbCADR4	CCAAT-DR1
SORBI_3001G313200	SbCADR5	CCAAT-DR1
SORBI_3001G319900	SbCADR6	CCAAT-DR1
SORBI_3001G350501	SbCADR7	CCAAT-DR1
SORBI_3001G417000	SbCADR8	CCAAT-DR1
SORBI_3001G529400	SbCADR9	CCAAT-DR1
SORBI_3002G138000	SbCADR10	CCAAT-DR1
SORBI_3002G158700	SbCADR11	CCAAT-DR1
SORBI_3002G196900	SbCADR12	CCAAT-DR1
SORBI_3002G210200	SbCADR13	CCAAT-DR1
SORBI_3002G210500	SbCADR14	CCAAT-DR1
SORBI_3002G291066	SbCADR15	CCAAT-DR1
SORBI_3002G353500	SbCADR16	CCAAT-DR1
SORBI_3002G403400	SbCADR17	CCAAT-DR1
SORBI_3003G056600	SbCADR18	CCAAT-DR1
SORBI_3003G057100	SbCADR19	CCAAT-DR1
SORBI_3003G057367	SbCADR20	CCAAT-DR1
SORBI_3003G065002	SbCADR21	CCAAT-DR1
SORBI_3003G067300	SbCADR22	CCAAT-DR1
SORBI_3003G067500	SbCADR23	CCAAT-DR1
SORBI_3003G092200	SbCADR24	CCAAT-DR1
SORBI_3003G200501	SbCADR25	CCAAT-DR1
SORBI_3003G347900	SbCADR26	CCAAT-DR1
SORBI_3003G350100	SbCADR27	CCAAT-DR1
SORBI_3003G355000	SbCADR28	CCAAT-DR1
SORBI_3003G362900	SbCADR29	CCAAT-DR1
SORBI_3003G367402	SbCADR30	CCAAT-DR1
SORBI_3004G170500	SbCADR31	CCAAT-DR1
SORBI_3004G188000	SbCADR32	CCAAT-DR1
SORBI_3004G265400	SbCADR33	CCAAT-DR1
SORBI_3004G279601	SbCADR34	CCAAT-DR1
SORBI_3005G168500	SbCADR35	CCAAT-DR1
SORBI_3006G076400	SbCADR36	CCAAT-DR1
SORBI_3006G081800	SbCADR37	CCAAT-DR1
SORBI_3006G100600	SbCADR38	CCAAT-DR1
SORBI_3006G191800	SbCADR39	CCAAT-DR1
SORBI_3007G149600	SbCADR40	CCAAT-DR1
SORBI_3007G221800	SbCADR41	CCAAT-DR1
SORBI_3009G152902	SbCADR42	CCAAT-DR1
SORBI_3009G164200	SbCADR43	CCAAT-DR1
SORBI_3009G167500	SbCADR44	CCAAT-DR1
SORBI_3009G178900	SbCADR45	CCAAT-DR1
SORBI_3009G256100	SbCADR46	CCAAT-DR1
SORBI_3010G021402	SbCADR47	CCAAT-DR1
SORBI_3010G047100	SbCADR48	CCAAT-DR1
SORBI_3010G047200	SbCADR49	CCAAT-DR1
Os02g0776400	OsCA2P1	CCAAT-HAP2
Os03g0174900	OsCA2P2	CCAAT-HAP2
Os03g0411100	OsCA2P3	CCAAT-HAP2
Os03g0647600	OsCA2P4	CCAAT-HAP2
Os03g0696300	OsCA2P5	CCAAT-HAP2
Os07g0158500	OsCA2P6	CCAAT-HAP2
Os07g0608200	OsCA2P7	CCAAT-HAP2
Os08g0196700	OsCA2P8	CCAAT-HAP2
Os10g0397900	OsCA2P9	CCAAT-HAP2
Os12g0613000	OsCA2P10	CCAAT-HAP2
Os12g0618600	OsCA2P11	CCAAT-HAP2
SORBI_3001G127800	SbCA2P1	CCAAT-HAP2
SORBI_3001G154500	SbCA2P2	CCAAT-HAP2
SORBI_3001G340200	SbCA2P3	CCAAT-HAP2
SORBI_3001G486000	SbCA2P4	CCAAT-HAP2
SORBI_3002G038500	SbCA2P5	CCAAT-HAP2
SORBI_3002G370800	SbCA2P6	CCAAT-HAP2
SORBI_3004G316500	SbCA2P7	CCAAT-HAP2
SORBI_3006G215050	SbCA2P10	CCAAT-HAP2
SORBI_3008G168300	SbCA2P8	CCAAT-HAP2
SORBI_3008G174500	SbCA2P11	CCAAT-HAP2
SORBI_3008G174650	SbCA2P9	CCAAT-HAP2
Os02g0725700	OsCA3P4	CCAAT-HAP3
Os02g0725900	OsCA3P5	CCAAT-HAP3
Os06g0285200	OsCA3P9	CCAAT-HAP3
Os08g0383700	OsCA3P13	CCAAT-HAP3
Os01g0834400	OsCA3P1	CCAAT-HAP3
Os01g0935100	OsCA3P2	CCAAT-HAP3
Os01g0935200	OsCA3P3	CCAAT-HAP3
Os03g0413000	OsCA3P6	CCAAT-HAP3
Os05g0463800	OsCA3P7	CCAAT-HAP3
Os05g0573500	OsCA3P8	CCAAT-HAP3
Os07g0606600	OsCA3P10	CCAAT-HAP3
Os08g0174500	OsCA3P11	CCAAT-HAP3
Os09g0568200	OsCA3P12	CCAAT-HAP3
SORBI_3001G338700	SbCA3P1	CCAAT-HAP3
SORBI_3002G135100	SbCA3P2	CCAAT-HAP3
SORBI_3002G369800	SbCA3P3	CCAAT-HAP3
SORBI_3003G346500	SbCA3P4	CCAAT-HAP3
SORBI_3003G417700	SbCA3P5	CCAAT-HAP3
SORBI_3003G417800	SbCA3P6	CCAAT-HAP3
SORBI_3004G254400	SbCA3P7	CCAAT-HAP3
SORBI_3004G254500	SbCA3P8	CCAAT-HAP3
SORBI_3007G059500	SbCA3P9	CCAAT-HAP3
SORBI_3007G117100	SbCA3P10	CCAAT-HAP3
SORBI_3009G166200	SbCA3P11	CCAAT-HAP3
SORBI_3009G239600	SbCA3P12	CCAAT-HAP3
SORBI_3010G029500	SbCA3P13	CCAAT-HAP3
SORBI_3010G029600	SbCA3P14	CCAAT-HAP3
SORBI_3010G119200	SbCA3P15	CCAAT-HAP3
Os01g0102400	OsCA5P1	CCAAT-HAP5
Os01g0183400	OsCA5P2	CCAAT-HAP5
Os01g0346900	OsCA5P3	CCAAT-HAP5
Os01g0580400	OsCA5P4	CCAAT-HAP5
Os02g0170500	OsCA5P5	CCAAT-HAP5
Os03g0162200	OsCA5P23	CCAAT-HAP5
Os03g0251350	OsCA5P6	CCAAT-HAP5
Os03g0279200	OsCA5P24	CCAAT-HAP5
Os03g0743400	OsCA5P25	CCAAT-HAP5
Os03g0852300	OsCA5P8	CCAAT-HAP5
Os04g0683400	OsCA5P9	CCAAT-HAP5
Os05g0113900	OsCA5P26	CCAAT-HAP5
Os05g0304800	OsCA5P10	CCAAT-HAP5
Os05g0461400	OsCA5P27	CCAAT-HAP5
Os05g0494100	OsCA5P11	CCAAT-HAP5
Os06g0667100	OsCA5P12	CCAAT-HAP5
Os07g0545300	OsCA5P13	CCAAT-HAP5
Os07g0545400	OsCA5P14	CCAAT-HAP5
Os08g0206500	OsCA5P15	CCAAT-HAP5
Os08g0427700	OsCA5P16	CCAAT-HAP5
Os08g0496500	OsCA5P17	CCAAT-HAP5
Os09g0480700	OsCA5P18	CCAAT-HAP5
Os10g0191900	OsCA5P19	CCAAT-HAP5
Os10g0418000	OsCA5P28	CCAAT-HAP5
Os11g0544700	OsCA5P20	CCAAT-HAP5
Os12g0438000	OsCA5P21	CCAAT-HAP5
Os12g0530000	OsCA5P22	CCAAT-HAP5
SORBI_3001G009200	SbCA3P1	CCAAT-HAP5
SORBI_3001G009700	SbCA3P2	CCAAT-HAP5
SORBI_3001G110000	SbCA3P3	CCAAT-HAP5
SORBI_3001G296700	SbCA3P4	CCAAT-HAP5
SORBI_3001G416800	SbCA3P5	CCAAT-HAP5
SORBI_3001G416900	SbCA3P6	CCAAT-HAP5
SORBI_3001G435500	SbCA3P7	CCAAT-HAP5
SORBI_3001G495700	SbCA3P8	CCAAT-HAP5
SORBI_3002G059200	SbCA3P9	CCAAT-HAP5
SORBI_3002G241500	SbCA3P10	CCAAT-HAP5
SORBI_3002G276000	SbCA3P11	CCAAT-HAP5
SORBI_3002G329900	SbCA3P12	CCAAT-HAP5
SORBI_3002G330000	SbCA3P13	CCAAT-HAP5
SORBI_3003G040500	SbCA3P14	CCAAT-HAP5
SORBI_3004G205300	SbCA3P15	CCAAT-HAP5
SORBI_3005G089101	SbCA3P16	CCAAT-HAP5
SORBI_3005G143400	SbCA3P17	CCAAT-HAP5
SORBI_3006G272400	SbCA3P18	CCAAT-HAP5
SORBI_3007G054700	SbCA3P19	CCAAT-HAP5
SORBI_3007G063200	SbCA3P20	CCAAT-HAP5
SORBI_3007G070100	SbCA3P21	CCAAT-HAP5
SORBI_3007G219500	SbCA3P22	CCAAT-HAP5
SORBI_3008G043000	SbCA3P23	CCAAT-HAP5
SORBI_3008G071900	SbCA3P24	CCAAT-HAP5
SORBI_3008G114500	SbCA3P25	CCAAT-HAP5
SORBI_3009G015900	SbCA3P26	CCAAT-HAP5
SORBI_3009G164900	SbCA3P27	CCAAT-HAP5
SORBI_3009G181900	SbCA3P28	CCAAT-HAP5
SORBI_3010G221400	SbCA3P29	CCAAT-HAP5
Os07g0176200	OsCPP8	CPP
Os12g0605500	OsCPP11	CPP
Os06g0332700	OsCPP7	CPP
Os02g0274600	OsCPP2	CPP
Os01g0761100	OsCPP1	CPP
Os05g0509400	OsCPP5	CPP
Os12g0605300	OsCPP10	CPP
Os08g0369600	OsCPP9	CPP
Os08g0363900	OsCPP12	CPP
Os03g0638300	OsCPP3	CPP
Os03g0307800	OsCPP13	CPP
Os06g0275500	OsCPP14	CPP
SORBI_3001G159500	SbCPP1	CPP
SORBI_3001G395500	SbCPP9	CPP
SORBI_3002G050700	SbCPP2	CPP
SORBI_3003G303800	SbCPP3	CPP
SORBI_3004G124300	SbCPP4	CPP
SORBI_3004G241300	SbCPP10	CPP
SORBI_3008G160500	SbCPP5	CPP
SORBI_3008G160600	SbCPP6	CPP
SORBI_3009G191600	SbCPP7	CPP
SORBI_3010G052400	SbCPP11	CPP
SORBI_3010G147000	SbCPP8	CPP
Os01g0546250	OsCSD1	CSD
Os02g0121100	OsCSD2	CSD
Os03g0277800	OsCSD3	CSD
Os05g0524666	OsCSD4	CSD
Os08g0129200	OsCSD5	CSD
SORBI_3004G018200	SbCSD1	CSD
SORBI_3006G228000	SbCSD2	CSD
Os06g0179700	OsDBP1	DBP
Os02g0799000	OsDBP2	DBP
Os06g0597200	OsDBP3	DBP
SORBI_3004G332900	DBP1	DBP
SORBI_3010G062500	DBP2	DBP
SORBI_3009G032400	DBP3	DBP
SORBI_3010G180700	DBP4	DBP
Os02g0192400	OsDDT1	DDT
Os02g0556900	OsDDT2	DDT
Os05g0562400	OsDDT3	DDT
SORBI_3001G051400	SbDDT7	DDT
SORBI_3002G068100	SbDDT1	DDT
SORBI_3002G405800	SbDDT2	DDT
SORBI_3003G041400	SbDDT8	DDT
SORBI_3003G252100	SbDDT9	DDT
SORBI_3004G075700	SbDDT10	DDT
SORBI_3004G177600	SbDDT3	DDT
SORBI_3005G034700	SbDDT4	DDT
SORBI_3006G087800	SbDDT5	DDT
SORBI_3008G033900	SbDDT6	DDT
Os01g0678700	OsE2F1	E2F-DP
Os02g0537500	OsE2F2	E2F-DP
Os02g0739700	OsE2F3	E2F-DP
Os03g0152100	OsE2F4	E2F-DP
Os04g0112200	OsE2F5	E2F-DP
Os04g0416100	OsE2F6	E2F-DP
Os06g0245900	OsE2F7	E2F-DP
Os10g0440100	OsE2F8	E2F-DP
Os12g0158800	OsE2F9	E2F-DP
SORBI_3001G237600	SbE2F1	E2F-DP
SORBI_3001G501000	SbE2F2	E2F-DP
SORBI_3003G256300	SbE2F3	E2F-DP
SORBI_3004G168300	SbE2F4	E2F-DP
SORBI_3004G243900	SbE2F5	E2F-DP
SORBI_3005G189100	SbE2F6	E2F-DP
SORBI_3006G008800	SbE2F7	E2F-DP
SORBI_3006G074600	SbE2F11	E2F-DP
SORBI_3008G042700	SbE2F8	E2F-DP
SORBI_3009G008000	SbE2F9	E2F-DP
SORBI_3010G101100	SbE2F10	E2F-DP
SORBI_3010G187100	SbE2F12	E2F-DP
Os02g0574800	OsEIL1	EIL
Os02g0689132	OsEIL10	EIL
Os03g0324200	OsEIL2	EIL
Os03g0324300	OsEIL3	EIL
Os04g0456900	OsEIL4	EIL
Os07g0685700	OsEIL7	EIL
Os08g0486233	OsEIL11	EIL
Os08g0508700	OsEIL8	EIL
Os09g0490200	OsEIL9	EIL
SORBI_3001G387600	SbEIL1	EIL
SORBI_3002G078850	SbEIL2	EIL
SORBI_3002G247500	SbEIL3	EIL
SORBI_3002G422300	SbEIL4	EIL
SORBI_3003G068700	SbEIL8	EIL
SORBI_3004G072600	SbEIL9	EIL
SORBI_3004G189100	SbEIL5	EIL
SORBI_3006G104000	SbEIL6	EIL
SORBI_3007G210700	SbEIL7	EIL
Os07g0563600	OsFARL2	FAR1-like
Os03g0255400	OsFARL3	FAR1-like
Os07g0496300	OsFARL7	FAR1-like
Os03g0655600	OsFARL8	FAR1-like
Os02g0542200	OsFARL9	FAR1-like
Os12g0160900	OsFARL10	FAR1-like
Os06g0166100	OsFARL11	FAR1-like
Os02g0550900	OsFARL12	FAR1-like
Os01g0852650	OsFARL13	FAR1-like
Os03g0164400	OsFARL14	FAR1-like
Os04g0615900	OsFARL15	FAR1-like
Os12g0225300	OsFARL16	FAR1-like
Os04g0476500	OsFARL17	FAR1-like
Os04g0421700	OsFARL18	FAR1-like
Os03g0777700	OsFARL19	FAR1-like
Os03g0843700	OsFARL20	FAR1-like
Os06g0597800	OsFARL22	FAR1-like
Os02g0284500	OsFARL23	FAR1-like
Os02g0202800	OsFARL24	FAR1-like
Os10g0571900	OsFARL25	FAR1-like
Os02g0608300	OsFARL26	FAR1-like
Os04g0354200	OsFARL27	FAR1-like
Os11g0244900	OsFARL28	FAR1-like
Os04g0443000	OsFARL29	FAR1-like
Os02g0608100	OsFARL30	FAR1-like
Os03g0255000	OsFARL31	FAR1-like
Os11g0681300	OsFARL33	FAR1-like
Os11g0272900	OsFARL34	FAR1-like
SORBI_3001G016600	SbFARL1	FAR1-like
SORBI_3001G070600	SbFARL2	FAR1-like
SORBI_3001G149000	SbFARL3	FAR1-like
SORBI_3001G433000	SbFARL4	FAR1-like
SORBI_3001G433300	SbFARL5	FAR1-like
SORBI_3002G030400	SbFARL6	FAR1-like
SORBI_3002G112850	SbFARL7	FAR1-like
SORBI_3002G165080	SbFARL10	FAR1-like
SORBI_3002G275050	SbFARL11	FAR1-like
SORBI_3002G309200	SbFARL12	FAR1-like
SORBI_3002G316600	SbFARL13	FAR1-like
SORBI_3002G340000	SbFARL15	FAR1-like
SORBI_3002G355000	SbFARL8	FAR1-like
SORBI_3002G397650	SbFARL16	FAR1-like
SORBI_3003G170501	SbFARL17	FAR1-like
SORBI_3003G176700	SbFARL18	FAR1-like
SORBI_3003G198000	SbFARL19	FAR1-like
SORBI_3004G173300	SbFARL21	FAR1-like
SORBI_3004G209600	SbFARL22	FAR1-like
SORBI_3004G209700	SbFARL23	FAR1-like
SORBI_3004G239400	SbFARL24	FAR1-like
SORBI_3005G093601	SbFARL25	FAR1-like
SORBI_3006G026250	SbFARL26	FAR1-like
SORBI_3006G090700	SbFARL27	FAR1-like
SORBI_3006G119400	SbFARL28	FAR1-like
SORBI_3006G142925	SbFARL29	FAR1-like
SORBI_3006G235650	SbFARL30	FAR1-like
SORBI_3006G245900	SbFARL31	FAR1-like
SORBI_3007G054400	SbFARL32	FAR1-like
SORBI_3008G016300	SbFARL33	FAR1-like
SORBI_3008G044100	SbFARL34	FAR1-like
SORBI_3008G059632	SbFARL35	FAR1-like
SORBI_3009G135300	SbFARL36	FAR1-like
SORBI_3010G141700	SbFARL37	FAR1-like
SORBI_3010G181200	SbFARL38	FAR1-like
Os06g0275900	OsFHA1	FHA
Os08g0326100	OsFHA2	FHA
Os05g0545600	OsFHA3	FHA
Os11g0171700	OsFHA4	FHA
Os07g0211400	OsFHA5	FHA
Os03g0809700	OsFHA6	FHA
Os11g0127800	OsFHA7	FHA
Os12g0124000	OsFHA8	FHA
Os03g0728500	OsFHA9	FHA
Os03g0127600	OsFHA10	FHA
Os04g0448900	OsFHA11	FHA
Os10g0487300	OsFHA12	FHA
Os08g0528900	OsFHA13	FHA
Os03g0800800	OsFHA14	FHA
Os09g0505200	OsFHA15	FHA
Os07g0190900	OsFHA16	FHA
SORBI_3001G103400	SbFHA1	FHA
SORBI_3001G176200	SbFHA2	FHA
SORBI_3001G212900	SbFHA3	FHA
SORBI_3001G398800	SbFHA4	FHA
SORBI_3001G522400	SbFHA5	FHA
SORBI_3002G064900	SbFHA6	FHA
SORBI_3002G076500	SbFHA7	FHA
SORBI_3002G126101	SbFHA8	FHA
SORBI_3002G324300	SbFHA9	FHA
SORBI_3005G056800	SbFHA10	FHA
SORBI_3005G111500	SbFHA11	FHA
SORBI_3005G175300	SbFHA12	FHA
SORBI_3005G198400	SbFHA13	FHA
SORBI_3005G207500	SbFHA14	FHA
SORBI_3006G097500	SbFHA15	FHA
SORBI_3007G195400	SbFHA16	FHA
SORBI_3008G021300	SbFHA17	FHA
SORBI_3008G123166	SbFHA18	FHA
SORBI_3008G123300	SbFHA19	FHA
SORBI_3009G058100	SbFHA20	FHA
SORBI_3009G105800	SbFHA21	FHA
SORBI_3010G116600	SbFHA22	FHA
Os04g0598300	OsLFY1	FLO/LFY
SORBI_3006G201600	SbLFY1	FLO/LFY
SORBI_3009G029600	SbLFY2	FLO/LFY
Os01g0239000	OsGLK2	G2-like
Os06g0348800	OsGLK1	G2-like
Os05g0412000	OsGLK3	G2-like
Os01g0844900	OsGLK4	G2-like
Os01g0971800	OsGLK5	G2-like
Os07g0685300	OsGLK6	G2-like
Os05g0488600	OsGLK7	G2-like
Os03g0325500	OsGLK8	G2-like
Os09g0299200	OsGLK9	G2-like
Os03g0764600	OsGLK10	G2-like
Os08g0346500	OsGLK11	G2-like
Os12g0586300	OsGLK12	G2-like
Os04g0600000	OsGLK13	G2-like
Os02g0139000	OsGLK14	G2-like
Os02g0325600	OsGLK15	G2-like
Os02g0174000	OsGLK16	G2-like
Os04g0665600	OsGLK17	G2-like
Os02g0700300	OsGLK18	G2-like
Os03g0329900	OsGLK19	G2-like
Os07g0119300	OsGLK20	G2-like
Os01g0176700	OsGLK21	G2-like
Os06g0609500	OsGLK22	G2-like
Os06g0703900	OsGLK23	G2-like
Os09g0299000	OsGLK24	G2-like
Os06g0670300	OsGLK25	G2-like
Os08g0346400	OsGLK26	G2-like
Os04g0566600	OsGLK27	G2-like
Os07g0438800	OsGLK28	G2-like
Os05g0491500	OsGLK29	G2-like
Os08g0160300	OsGLK30	G2-like
Os11g0106100	OsGLK31	G2-like
Os12g0105600	OsGLK32	G2-like
Os03g0766500	OsGLK33	G2-like
Os08g0434700	OsGLK34	G2-like
Os02g0696900	OsGLK35	G2-like
Os09g0395300	OsGLK36	G2-like
Os08g0426866	OsGLK37	G2-like
Os02g0168200	OsGLK38	G2-like
Os03g0624000	OsGLK39	G2-like
Os02g0241200	OsGLK40	G2-like
Os06g0543200	OsGLK41	G2-like
Os03g0241001	OsGLK42	G2-like
SORBI_3001G077800	SbGLK1	G2-like
SORBI_3002G422000	SbGLK10	G2-like
SORBI_3003G002600	SbGLK11	G2-like
SORBI_3003G046800	SbGLK12	G2-like
SORBI_3003G146200	SbGLK13	G2-like
SORBI_3003G353700	SbGLK14	G2-like
SORBI_3004G036500	SbGLK16	G2-like
SORBI_3004G058700	SbGLK17	G2-like
SORBI_3004G106300	SbGLK18	G2-like
SORBI_3004G270600	SbGLK19	G2-like
SORBI_3001G078900	SbGLK2	G2-like
SORBI_3004G273000	SbGLK20	G2-like
SORBI_3004G285300	SbGLK21	G2-like
SORBI_3005G004000	SbGLK22	G2-like
SORBI_3006G181600	SbGLK23	G2-like
SORBI_3006G202300	SbGLK24	G2-like
SORBI_3006G256200	SbGLK25	G2-like
SORBI_3007G050500	SbGLK26	G2-like
SORBI_3007G132000	SbGLK27	G2-like
SORBI_3007G137300	SbGLK28	G2-like
SORBI_3008G004200	SbGLK29	G2-like
SORBI_3001G164500	SbGLK3	G2-like
SORBI_3008G036900	SbGLK30	G2-like
SORBI_3008G147101	SbGLK31	G2-like
SORBI_3008G149650	SbGLK32	G2-like
SORBI_3009G137366	SbGLK33	G2-like
SORBI_3009G178000	SbGLK34	G2-like
SORBI_3009G180500	SbGLK35	G2-like
SORBI_3010G096300	SbGLK36	G2-like
SORBI_3010G160900	SbGLK37	G2-like
SORBI_3010G208100	SbGLK38	G2-like
SORBI_3010G220000	SbGLK39	G2-like
SORBI_3001G384300	SbGLK4	G2-like
SORBI_3010G224200	SbGLK40	G2-like
SORBI_3010G254300	SbGLK41	G2-like
SORBI_3001G386700	SbGLK5	G2-like
SORBI_3001G519100	SbGLK6	G2-like
SORBI_3002G016300	SbGLK7	G2-like
SORBI_3002G121600	SbGLK8	G2-like
SORBI_3002G161800	SbGLK9	G2-like
Os11g0525800	OsHAG1	GNAT
Os01g0610400	OsHAG2	GNAT
Os04g0635800	OsHAG3	GNAT
Os03g0699400	OsHAG4	GNAT
Os02g0806000	OsHAG5	GNAT
Os07g0116600	OsHAG6	GNAT
Os05g0481000	OsHAG7	GNAT
Os03g0764000	OsHAG8	GNAT
Os06g0650300	OsHAG9	GNAT
Os09g0488000	OsHAG10	GNAT
Os10g0500400	OsHAG11	GNAT
Os02g0717700	OsHAG12	GNAT
Os07g0585600	OsHAG13	GNAT
Os02g0180400	OsHAG14	GNAT
Os03g0151600	OsHAG15	GNAT
Os03g0177000	OsHAG16	GNAT
Os03g0431200	OsHAG17	GNAT
Os03g0794200	OsHAG18	GNAT
Os10g0415900	OsHAG19	GNAT
Os07g0264800	OsHAG20	GNAT
Os02g0772300	OsHAG21	GNAT
Os08g0102000	OsHAG22	GNAT
Os03g0205800	OsHAG23	GNAT
Os05g0387800	OsHAG24	GNAT
Os03g0794400	OsHAG25	GNAT
Os03g0794300	OsHAG26	GNAT
Os03g0665000	OsHAG27	GNAT
Os04g0259100	OsHAG28	GNAT
Os03g0664800	OsHAG29	GNAT
Os04g0465500	OsHAG30	GNAT
Os05g0376600	OsHAG31	GNAT
Os03g0194400	OsHAG32	GNAT
Os04g0484900	OsHAG33	GNAT
Os01g0708100	OsHAG34	GNAT
Os09g0347800	OsHAG35	GNAT
Os04g0431300	OsHAG36	GNAT
Os04g0498900	OsHAG37	GNAT
Os05g0376300	OsHAG38	GNAT
Os07g0626600	OsHAG39	GNAT
Os12g0170700	OsHAG40	GNAT
Os01g0358800	OsHAG41	GNAT
Os01g0965700	OsHAG42	GNAT
Os02g0694201	OsHAG43	GNAT
SORBI_3001G059300	SbHAG1	GNAT
SORBI_3001G059400	SbHAG2	GNAT
SORBI_3001G079600	SbHAG3	GNAT
SORBI_3001G126200	SbHAG4	GNAT
SORBI_3001G144300	SbHAG5	GNAT
SORBI_3001G144400	SbHAG6	GNAT
SORBI_3001G204200	SbHAG7	GNAT
SORBI_3001G248100	SbHAG8	GNAT
SORBI_3001G325700	SbHAG9	GNAT
SORBI_3001G463900	SbHAG10	GNAT
SORBI_3001G471600	SbHAG11	GNAT
SORBI_3001G484800	SbHAG12	GNAT
SORBI_3001G501600	SbHAG13	GNAT
SORBI_3002G011400	SbHAG14	GNAT
SORBI_3002G102200	SbHAG15	GNAT
SORBI_3002G177700	SbHAG16	GNAT
SORBI_3002G246800	SbHAG17	GNAT
SORBI_3002G356200	SbHAG18	GNAT
SORBI_3002G383300	SbHAG19	GNAT
SORBI_3003G216700	SbHAG20	GNAT
SORBI_3003G273400	SbHAG21	GNAT
SORBI_3004G065400	SbHAG22	GNAT
SORBI_3004G259800	SbHAG23	GNAT
SORBI_3004G274400	SbHAG24	GNAT
SORBI_3004G313500	SbHAG25	GNAT
SORBI_3004G313700	SbHAG26	GNAT
SORBI_3005G055150	SbHAG27	GNAT
SORBI_3005G132700	SbHAG28	GNAT
SORBI_3006G082700	SbHAG29	GNAT
SORBI_3006G110900	SbHAG30	GNAT
SORBI_3006G125900	SbHAG31	GNAT
SORBI_3006G136000	SbHAG32	GNAT
SORBI_3006G231500	SbHAG33	GNAT
SORBI_3007G001401	SbHAG34	GNAT
SORBI_3007G003800	SbHAG35	GNAT
SORBI_3007G052900	SbHAG36	GNAT
SORBI_3007G093900	SbHAG37	GNAT
SORBI_3009G085600	SbHAG38	GNAT
SORBI_3009G119700	SbHAG39	GNAT
SORBI_3009G175500	SbHAG40	GNAT
SORBI_3009G246500	SbHAG41	GNAT
SORBI_3010G210100	SbHAG42	GNAT
Os07g0583600	OsGRAS36	GRAS
Os03g0707600	OsGRAS18	GRAS
Os01g0881500	OsGRAS3	GRAS
Os03g0193000	OsGRAS11	GRAS
Os07g0545800	OsGRAS34	GRAS
Os12g0122000	OsGRAS53	GRAS
Os11g0124300	OsGRAS41	GRAS
Os01g0646300	OsGRAS1	GRAS
Os01g0842200	OsGRAS2	GRAS
Os03g0690600	OsGRAS17	GRAS
Os06g0127800	OsGRAS30	GRAS
Os04g0590400	OsGRAS23	GRAS
Os12g0573200	OsGRAS58	GRAS
Os01g0948200	OsGRAS6	GRAS
Os11g0705200	OsGRAS48	GRAS
Os11g0705900	OsGRAS50	GRAS
Os03g0723000	OsGRAS19	GRAS
Os05g0574900	OsGRAS28	GRAS
Os12g0138100	OsGRAS55	GRAS
Os11g0141500	OsGRAS43	GRAS
Os07g0586900	OsGRAS37	GRAS
Os02g0681900	OsGRAS10	GRAS
Os07g0589200	OsGRAS38	GRAS
Os03g0433200	OsGRAS14	GRAS
Os11g0706200	OsGRAS52	GRAS
Os03g0263300	OsGRAS12	GRAS
Os06g0610350	OsGRAS59	GRAS
Os12g0138200	OsGRAS56	GRAS
Os04g0580300	OsGRAS22	GRAS
Os11g0141700	OsGRAS44	GRAS
Os02g0197300	OsGRAS7	GRAS
Os05g0485400	OsGRAS26	GRAS
Os05g0500600	OsGRAS27	GRAS
Os02g0663100	OsGRAS9	GRAS
Os02g0662700	OsGRAS8	GRAS
Os04g0432100	OsGRAS20	GRAS
Os04g0555000	OsGRAS21	GRAS
Os10g0551200	OsGRAS40	GRAS
Os03g0103400	OsGRAS60	GRAS
Os05g0378500	OsGRAS25	GRAS
Os05g0378200	OsGRAS24	GRAS
Os11g0160550	OsGRAS45	GRAS
Os12g0138166	OsGRAS61	GRAS
Os06g0105350	OsGRAS29	GRAS
Os03g0408600	OsGRAS13	GRAS
Os07g0567700	OsGRAS35	GRAS
Os11g0139600	OsGRAS42	GRAS
Os06g0211500	OsGRAS31	GRAS
Os12g0162700	OsGRAS57	GRAS
Os11g0141550	OsGRAS62	GRAS
Os11g0500050	OsGRAS63	GRAS
Os06g0476100	OsGRAS64	GRAS
Os07g0200900	OsGRAS65	GRAS
Os01g0903100	OsGRAS5	GRAS
Os11g0303600	OsGRAS66	GRAS
SORBI_3001G033200	SbGRAS1	GRAS
SORBI_3001G109100	SbGRAS2	GRAS
SORBI_3001G120900	SbGRAS3	GRAS
SORBI_3001G174100	SbGRAS4	GRAS
SORBI_3001G174200	SbGRAS5	GRAS
SORBI_3001G174300	SbGRAS77	GRAS
SORBI_3001G174500	SbGRAS6	GRAS
SORBI_3001G181100	SbGRAS7	GRAS
SORBI_3001G304500	SbGRAS8	GRAS
SORBI_3001G327900	SbGRAS9	GRAS
SORBI_3001G341400	SbGRAS10	GRAS
SORBI_3001G421900	SbGRAS11	GRAS
SORBI_3001G428600	SbGRAS12	GRAS
SORBI_3001G472600	SbGRAS13	GRAS
SORBI_3001G541201	SbGRAS14	GRAS
SORBI_3002G079300	SbGRAS78	GRAS
SORBI_3002G301800	SbGRAS79	GRAS
SORBI_3002G316500	SbGRAS15	GRAS
SORBI_3002G330300	SbGRAS16	GRAS
SORBI_3002G342800	SbGRAS17	GRAS
SORBI_3002G354900	SbGRAS18	GRAS
SORBI_3002G357800	SbGRAS19	GRAS
SORBI_3002G359800	SbGRAS20	GRAS
SORBI_3002G372100	SbGRAS21	GRAS
SORBI_3003G237201	SbGRAS23	GRAS
SORBI_3003G352600	SbGRAS24	GRAS
SORBI_3003G377900	SbGRAS25	GRAS
SORBI_3003G392800	SbGRAS27	GRAS
SORBI_3003G423900	SbGRAS28	GRAS
SORBI_3004G080300	SbGRAS29	GRAS
SORBI_3004G281200	SbGRAS30	GRAS
SORBI_3004G290800	SbGRAS31	GRAS
SORBI_3004G291000	SbGRAS32	GRAS
SORBI_3005G017500	SbGRAS33	GRAS
SORBI_3005G029600	SbGRAS34	GRAS
SORBI_3005G046201	SbGRAS35	GRAS
SORBI_3005G123000	SbGRAS36	GRAS
SORBI_3005G209000	SbGRAS38	GRAS
SORBI_3005G209100	SbGRAS39	GRAS
SORBI_3005G209200	SbGRAS40	GRAS
SORBI_3005G209300	SbGRAS41	GRAS
SORBI_3005G229400	SbGRAS42	GRAS
SORBI_3005G229500	SbGRAS43	GRAS
SORBI_3005G229600	SbGRAS44	GRAS
SORBI_3005G229700	SbGRAS45	GRAS
SORBI_3005G229900	SbGRAS80	GRAS
SORBI_3005G230000	SbGRAS46	GRAS
SORBI_3005G230100	SbGRAS81	GRAS
SORBI_3005G230200	SbGRAS47	GRAS
SORBI_3005G230300	SbGRAS48	GRAS
SORBI_3005G230400	SbGRAS49	GRAS
SORBI_3005G230500	SbGRAS51	GRAS
SORBI_3005G230600	SbGRAS52	GRAS
SORBI_3005G230700	SbGRAS53	GRAS
SORBI_3005G230800	SbGRAS54	GRAS
SORBI_3005G230900	SbGRAS55	GRAS
SORBI_3005G231000	SbGRAS56	GRAS
SORBI_3006G083201	SbGRAS57	GRAS
SORBI_3006G093700	SbGRAS82	GRAS
SORBI_3006G093800	SbGRAS58	GRAS
SORBI_3006G172900	SbGRAS59	GRAS
SORBI_3006G188900	SbGRAS60	GRAS
SORBI_3008G012700	SbGRAS83	GRAS
SORBI_3008G012800	SbGRAS61	GRAS
SORBI_3008G023401	SbGRAS84	GRAS
SORBI_3008G046700	SbGRAS62	GRAS
SORBI_3008G138600	SbGRAS63	GRAS
SORBI_3008G168400	SbGRAS64	GRAS
SORBI_3009G011000	SbGRAS85	GRAS
SORBI_3009G011100	SbGRAS65	GRAS
SORBI_3009G011200	SbGRAS66	GRAS
SORBI_3009G011300	SbGRAS67	GRAS
SORBI_3009G117700	SbGRAS68	GRAS
SORBI_3009G117800	SbGRAS69	GRAS
SORBI_3009G143400	SbGRAS70	GRAS
SORBI_3009G177100	SbGRAS71	GRAS
SORBI_3009G187500	SbGRAS72	GRAS
SORBI_3010G003700	SbGRAS73	GRAS
SORBI_3010G017400	SbGRAS74	GRAS
SORBI_3010G115450	SbGRAS75	GRAS
SORBI_3010G189500	SbGRAS76	GRAS
Os02g0678800	OsGRF1	GRF
Os02g0701300	OsGRF2	GRF
Os02g0776900	OsGRF3	GRF
Os03g0674700	OsGRF4	GRF
Os03g0729500	OsGRF5	GRF
Os04g0574500	OsGRF6	GRF
Os04g0600900	OsGRF7	GRF
Os06g0116200	OsGRF8	GRF
Os06g0204800	OsGRF12	GRF
Os07g0467500	OsGRF9	GRF
Os11g0551900	OsGRF10	GRF
Os12g0484900	OsGRF11	GRF
SORBI_3001G104500	SbGRF1	GRF
SORBI_3001G139800	SbGRF2	GRF
SORBI_3002G297800	SbGRF3	GRF
SORBI_3004G269900	SbGRF4	GRF
SORBI_3004G282601	SbGRF5	GRF
SORBI_3004G317000	SbGRF6	GRF
SORBI_3005G150900	SbGRF7	GRF
SORBI_3006G203400	SbGRF8	GRF
SORBI_3010G013500	SbGRF9	GRF
SORBI_3010G077200	SbGRF10	GRF
Os09g0451700	OsGBP16	GeBP
Os07g0636100	OsGBP11	GeBP
Os03g0370250	OsGBP7	GeBP
Os08g0467600	OsGBP12	GeBP
Os02g0771200	OsGBP6	GeBP
Os02g0288200	OsGBP4	GeBP
Os03g0708800	OsGBP8	GeBP
Os09g0101300	OsGBP17	GeBP
Os09g0102300	OsGBP14	GeBP
Os01g0249900	OsGBP1	GeBP
Os09g0100800	OsGBP13	GeBP
Os02g0768700	OsGBP5	GeBP
Os06g0498000	OsGBP18	GeBP
Os09g0126600	OsGBP19	GeBP
Os07g0210800	OsGBP20	GeBP
Os10g0468301	OsGBP21	GeBP
Os03g0643100	OsGBP22	GeBP
Os05g0345900	OsGBP23	GeBP
Os07g0115800	OsGBP24	GeBP
Os09g0122200	OsGBP25	GeBP
Os08g0496700	OsGBP26	GeBP
Os04g0422950	OsGBP27	GeBP
Os09g0558200	OsGBP28	GeBP
Os12g0562600	OsGBP29	GeBP
Os11g0160700	OsGBP30	GeBP
Os11g0482500	OsGBP31	GeBP
SORBI_3001G069400	SbGBP1	GeBP
SORBI_3001G119700	SbGBP2	GeBP
SORBI_3001G261513	SbGBP16	GeBP
SORBI_3001G262500	SbGBP3	GeBP
SORBI_3001G359800	SbGBP4	GeBP
SORBI_3001G410950	SbGBP17	GeBP
SORBI_3002G222300	SbGBP5	GeBP
SORBI_3002G389600	SbGBP6	GeBP
SORBI_3003G060400	SbGBP7	GeBP
SORBI_3003G112700	SbGBP8	GeBP
SORBI_3003G200100	SbGBP18	GeBP
SORBI_3003G224466	SbGBP19	GeBP
SORBI_3003G257200	SbGBP20	GeBP
SORBI_3004G042400	SbGBP21	GeBP
SORBI_3004G063825	SbGBP22	GeBP
SORBI_3004G129600	SbGBP23	GeBP
SORBI_3004G156633	SbGBP24	GeBP
SORBI_3004G311200	SbGBP9	GeBP
SORBI_3004G311300	SbGBP10	GeBP
SORBI_3004G312700	SbGBP12	GeBP
SORBI_3006G004800	SbGBP13	GeBP
SORBI_3007G029600	SbGBP25	GeBP
SORBI_3007G153700	SbGBP14	GeBP
SORBI_3008G052300	SbGBP26	GeBP
SORBI_3009G155400	SbGBP27	GeBP
SORBI_3010G079800	SbGBP15	GeBP
Os01g0184900	OsHMG1	HMG
Os01g0666200	OsHMG2	HMG
Os02g0258200	OsHMG3	HMG
Os02g0258250	OsHMG4	HMG
Os02g0670400	OsHMG5	HMG
Os02g0770600	OsHMG6	HMG
Os04g0564600	OsHMG7	HMG
Os05g0182600	OsHMG8	HMG
Os08g0101100	OsHMG9	HMG
Os09g0551600	OsHMG10	HMG
Os06g0728000	OsHMG11	HMG
SORBI_3002G289800	SbHMG1	HMG
SORBI_3003G038500	SbHMG2	HMG
SORBI_3003G249100	SbHMG3	HMG
SORBI_3004G115600	SbHMG4	HMG
SORBI_3004G185600	SbHMG5	HMG
SORBI_3004G285900	SbHMG6	HMG
SORBI_3004G312300	SbHMG7	HMG
SORBI_3006G179800	SbHMG8	HMG
SORBI_3007G000500	SbHMG9	HMG
Os07g0586700	OsHRT1	HRT
SORBI_3002G357400	SbHRT1	HRT
Os01g0571300	OsHSF1	HSF
Os01g0625300	OsHSF2	HSF
Os01g0733200	OsHSF3	HSF
Os01g0749300	OsHSF4	HSF
Os02g0232000	OsHSF5	HSF
Os02g0496100	OsHSF6	HSF
Os02g0527300	OsHSF7	HSF
Os03g0161900	OsHSF8	HSF
Os03g0224700	OsHSF9	HSF
Os03g0366800	OsHSF10	HSF
Os03g0745000	OsHSF11	HSF
Os03g0795900	OsHSF12	HSF
Os03g0854500	OsHSF13	HSF
Os04g0568700	OsHSF14	HSF
Os05g0530400	OsHSF15	HSF
Os06g0553100	OsHSF17	HSF
Os06g0565200	OsHSF18	HSF
Os07g0178600	OsHSF19	HSF
Os07g0640900	OsHSF20	HSF
Os08g0471000	OsHSF21	HSF
Os08g0546800	OsHSF22	HSF
Os09g0455200	OsHSF23	HSF
Os09g0456800	OsHSF24	HSF
Os09g0526600	OsHSF25	HSF
Os10g0419300	OsHSF26	HSF
SORBI_3001G007200	SbHSF1	HSF
SORBI_3001G057700	SbHSF2	HSF
SORBI_3001G093200	SbHSF3	HSF
SORBI_3001G243000	SbHSF4	HSF
SORBI_3001G361100	SbHSF5	HSF
SORBI_3001G450700	SbHSF6	HSF
SORBI_3001G496200	SbHSF7	HSF
SORBI_3002G051900	SbHSF8	HSF
SORBI_3002G224200	SbHSF9	HSF
SORBI_3002G225300	SbHSF10	HSF
SORBI_3002G271100	SbHSF11	HSF
SORBI_3002G392500	SbHSF12	HSF
SORBI_3003G194400	SbHSF13	HSF
SORBI_3003G226800	SbHSF14	HSF
SORBI_3003G286700	SbHSF15	HSF
SORBI_3003G295900	SbHSF16	HSF
SORBI_3004G101400	SbHSF17	HSF
SORBI_3004G150400	SbHSF18	HSF
SORBI_3004G163200	SbHSF19	HSF
SORBI_3006G182800	SbHSF20	HSF
SORBI_3007G180300	SbHSF21	HSF
SORBI_3009G208000	SbHSF22	HSF
SORBI_3010G164400	SbHSF23	HSF
SORBI_3010G170600	SbHSF24	HSF
Os09g0526300	OsHB95	Homeobox
Os04g0569100	OsHB44	Homeobox
Os02g0674800	OsHB18	Homeobox
Os06g0208100	OsHB58	Homeobox
Os08g0187500	OsHB70	Homeobox
Os10g0575600	OsHB89	Homeobox
Os08g0136100	OsHB69	Homeobox
Os02g0729700	OsHB19	Homeobox
Os01g0760800	OsHB5	Homeobox
Os08g0292000	OsHB72	Homeobox
Os08g0416000	OsHB74	Homeobox
Os09g0528200	OsHB81	Homeobox
Os08g0481400	OsHB76	Homeobox
Os03g0188900	OsHB25	Homeobox
Os09g0379600	OsHB77	Homeobox
Os09g0470500	OsHB79	Homeobox
Os10g0404900	OsHB84	Homeobox
Os02g0149900	OsHB13	Homeobox
Os01g0672201	OsHB4	Homeobox
Os10g0377300	OsHB83	Homeobox
Os01g0818400	OsHB7	Homeobox
Os06g0140700	OsHB57	Homeobox
Os06g0140400	OsHB56	Homeobox
Os03g0198600	OsHB26	Homeobox
Os10g0561800	OsHB88	Homeobox
Os07g0581700	OsHB67	Homeobox
Os02g0565600	OsHB16	Homeobox
Os01g0840300	OsHB8	Homeobox
Os11g0102100	OsHB90	Homeobox
Os12g0101600	OsHB92	Homeobox
Os07g0619600	OsHB96	Homeobox
Os01g0854500	OsHB10	Homeobox
Os05g0118700	OsHB48	Homeobox
Os04g0649400	OsHB46	Homeobox
Os04g0663600	OsHB47	Homeobox
Os07g0533201	OsHB66	Homeobox
Os01g0667400	OsHB3	Homeobox
Os08g0242400	OsHB71	Homeobox
Os07g0684900	OsHB68	Homeobox
Os05g0564500	OsHB54	Homeobox
Os03g0325600	OsHB28	Homeobox
Os01g0788800	OsHB6	Homeobox
Os06g0229300	OsHB59	Homeobox
Os05g0455200	OsHB52	Homeobox
Os03g0673500	OsHB32	Homeobox
Os01g0848400	OsHB9	Homeobox
Os07g0129700	OsHB64	Homeobox
Os11g0158600	OsHB91	Homeobox
Os03g0771500	OsHB40	Homeobox
Os05g0129700	OsHB49	Homeobox
Os01g0302500	OsHB1	Homeobox
Os12g0636200	OsHB94	Homeobox
Os03g0732100	OsHB38	Homeobox
Os03g0680800	OsHB35	Homeobox
Os10g0534900	OsHB86	Homeobox
Os03g0165300	OsHB23	Homeobox
Os06g0108900	OsHB55	Homeobox
Os03g0124000	OsHB22	Homeobox
Os06g0601000	OsHB61	Homeobox
Os02g0226600	OsHB15	Homeobox
Os03g0727000	OsHB36	Homeobox
Os03g0673000	OsHB30	Homeobox
Os03g0769800	OsHB39	Homeobox
Os03g0680700	OsHB34	Homeobox
Os06g0562300	OsHB97	Homeobox
Os01g0934300	OsHB11	Homeobox
Os08g0292900	OsHB73	Homeobox
Os03g0123500	OsHB21	Homeobox
Os06g0646600	OsHB62	Homeobox
Os02g0182800	OsHB14	Homeobox
Os06g0485100	OsHB60	Homeobox
Os03g0772100	OsHB41	Homeobox
Os03g0109400	OsHB20	Homeobox
Os03g0727200	OsHB98	Homeobox
Os10g0480200	OsHB85	Homeobox
Os03g0640800	OsHB29	Homeobox
Os05g0188600	OsHB99	Homeobox
Os12g0612700	OsHB93	Homeobox
Os09g0447000	OsHB78	Homeobox
Os06g0698200	OsHB63	Homeobox
Os10g0103700	OsHB82	Homeobox
Os04g0541700	OsHB42	Homeobox
Os02g0649300	OsHB17	Homeobox
SORBI_3001G049800	SbHB84	Homeobox
SORBI_3001G075101	SbHB1	Homeobox
SORBI_3001G102300	SbHB2	Homeobox
SORBI_3001G106000	SbHB3	Homeobox
SORBI_3001G106200	SbHB4	Homeobox
SORBI_3001G137100	SbHB5	Homeobox
SORBI_3001G137200	SbHB6	Homeobox
SORBI_3001G140200	SbHB7	Homeobox
SORBI_3001G157400	SbHB8	Homeobox
SORBI_3001G217200	SbHB9	Homeobox
SORBI_3001G253900	SbHB10	Homeobox
SORBI_3001G278800	SbHB11	Homeobox
SORBI_3001G286700	SbHB12	Homeobox
SORBI_3001G297200	SbHB13	Homeobox
SORBI_3001G314900	SbHB14	Homeobox
SORBI_3001G386600	SbHB15	Homeobox
SORBI_3001G447400	SbHB16	Homeobox
SORBI_3001G468400	SbHB17	Homeobox
SORBI_3001G476300	SbHB18	Homeobox
SORBI_3001G488900	SbHB19	Homeobox
SORBI_3001G494000	SbHB20	Homeobox
SORBI_3001G525900	SbHB85	Homeobox
SORBI_3001G526200	SbHB21	Homeobox
SORBI_3001G537300	SbHB22	Homeobox
SORBI_3002G023900	SbHB23	Homeobox
SORBI_3002G115900	SbHB24	Homeobox
SORBI_3002G165800	SbHB25	Homeobox
SORBI_3002G189000	SbHB26	Homeobox
SORBI_3002G220300	SbHB27	Homeobox
SORBI_3002G233800	SbHB28	Homeobox
SORBI_3002G270900	SbHB29	Homeobox
SORBI_3002G272900	SbHB30	Homeobox
SORBI_3002G353800	SbHB31	Homeobox
SORBI_3002G421800	SbHB32	Homeobox
SORBI_3003G028300	SbHB33	Homeobox
SORBI_3003G096300	SbHB34	Homeobox
SORBI_3003G144200	SbHB35	Homeobox
SORBI_3003G235900	SbHB36	Homeobox
SORBI_3003G250100	SbHB86	Homeobox
SORBI_3003G252200	SbHB38	Homeobox
SORBI_3003G294600	SbHB39	Homeobox
SORBI_3003G303500	SbHB87	Homeobox
SORBI_3003G321500	SbHB40	Homeobox
SORBI_3003G336600	SbHB41	Homeobox
SORBI_3003G350900	SbHB42	Homeobox
SORBI_3003G356200	SbHB43	Homeobox
SORBI_3003G360200	SbHB44	Homeobox
SORBI_3003G416700	SbHB88	Homeobox
SORBI_3004G040000	SbHB45	Homeobox
SORBI_3004G041600	SbHB46	Homeobox
SORBI_3004G067100	SbHB47	Homeobox
SORBI_3004G097700	SbHB48	Homeobox
SORBI_3004G185200	SbHB49	Homeobox
SORBI_3004G251300	SbHB50	Homeobox
SORBI_3004G300300	SbHB51	Homeobox
SORBI_3004G313900	SbHB52	Homeobox
SORBI_3005G042200	SbHB53	Homeobox
SORBI_3005G045200	SbHB54	Homeobox
SORBI_3005G082300	SbHB89	Homeobox
SORBI_3005G200800	SbHB90	Homeobox
SORBI_3006G020700	SbHB55	Homeobox
SORBI_3006G034900	SbHB56	Homeobox
SORBI_3006G163900	SbHB57	Homeobox
SORBI_3006G169200	SbHB58	Homeobox
SORBI_3006G183200	SbHB59	Homeobox
SORBI_3006G223300	SbHB60	Homeobox
SORBI_3006G241000	SbHB61	Homeobox
SORBI_3006G254900	SbHB62	Homeobox
SORBI_3007G032100	SbHB63	Homeobox
SORBI_3007G065300	SbHB64	Homeobox
SORBI_3007G087600	SbHB65	Homeobox
SORBI_3007G126400	SbHB66	Homeobox
SORBI_3007G152300	SbHB67	Homeobox
SORBI_3007G226600	SbHB68	Homeobox
SORBI_3008G168100	SbHB69	Homeobox
SORBI_3008G188900	SbHB70	Homeobox
SORBI_3009G023900	SbHB71	Homeobox
SORBI_3009G030200	SbHB72	Homeobox
SORBI_3009G159900	SbHB73	Homeobox
SORBI_3009G200500	SbHB74	Homeobox
SORBI_3009G233000	SbHB75	Homeobox
SORBI_3010G006300	SbHB76	Homeobox
SORBI_3010G030100	SbHB77	Homeobox
SORBI_3010G030200	SbHB78	Homeobox
SORBI_3010G078700	SbHB79	Homeobox
SORBI_3010G169200	SbHB80	Homeobox
SORBI_3010G183400	SbHB81	Homeobox
SORBI_3010G207500	SbHB82	Homeobox
SORBI_3010G247500	SbHB83	Homeobox
Os03g0815900	OsIWS1	IWS1/SPN1
Os07g0229700	OsIWS2	IWS1/SPN1
SORBI_3001G039700	SbIWS1	IWS1/SPN1
Os03g0151300	OsJMJ6	JUMONJI
Os05g0196500	OsJMJ10	JUMONJI
Os05g0302300	OsJMJ11	JUMONJI
Os01g0907400	OsJMJ2	JUMONJI
Os12g0279100	OsJMJ16	JUMONJI
Os10g0577600	OsJMJ13	JUMONJI
Os02g0828900	OsJMJ17	JUMONJI
Os06g0731500	OsJMJ18	JUMONJI
Os05g0357800	OsJMJ19	JUMONJI
Os01g0546900	OsJMJ1	JUMONJI
Os03g0389900	OsJMJ8	JUMONJI
Os03g0430400	OsJMJ9	JUMONJI
Os02g0109400	OsJMJ3	JUMONJI
Os09g0393200	OsJMJ12	JUMONJI
Os02g0828900	OsJMJ5	JUMONJI
Os11g0572800	OsJMJ14	JUMONJI
Os03g0346700	OsJMJ7	JUMONJI
Os02g0696700	OsJMJ4	JUMONJI
Os09g0489200	OsJMJ20	JUMONJI
Os08g0508500	OsJMJ21	JUMONJI
Os09g0483600	OsJMJ22	JUMONJI
Os01g0773200	OsJMJ23	JUMONJI
Os08g0127900	OsJMJ24	JUMONJI
SORBI_3001G284400	SbJMJ2	JUMONJI
SORBI_3002G007800	SbJMJ5	JUMONJI
SORBI_3003G394900	SbJMJ8	JUMONJI
SORBI_3004G273100	SbJMJ10	JUMONJI
SORBI_3004G338500	SbJMJ11	JUMONJI
SORBI_3009G090500	SbJMJ15	JUMONJI
SORBI_3010G112100	SbJMJ16	JUMONJI
SORBI_3008G088842	SbJMJ17	JUMONJI
SORBI_3001G501800	SbJMJ18	JUMONJI
SORBI_3001G501800	SbJMJ19	JUMONJI
SORBI_3003G184400	SbJMJ7	JUMONJI
SORBI_3001G350900	SbJMJ3	JUMONJI
SORBI_3001G175000	SbJMJ1	JUMONJI
SORBI_3004G355200	SbJMJ12	JUMONJI
SORBI_3004G006600	SbJMJ9	JUMONJI
SORBI_3005G160600	SbJMJ13	JUMONJI
SORBI_3002G193300	SbJMJ6	JUMONJI
SORBI_3007G131100	SbJMJ14	JUMONJI
SORBI_3001G374100	SbJMJ4	JUMONJI
SORBI_3007G210801	SbJMJ20	JUMONJI
Os05g0346800	OsLBD1	LBD
Os05g0417000	OsLBD2	LBD
Os11g0106900	OsLBD3	LBD
Os12g0106200	OsLBD4	LBD
Os01g0169400	OsLBD5	LBD
Os01g0889400	OsLBD6	LBD
Os03g0612400	OsLBD7	LBD
Os05g0165450	OsLBD8	LBD
Os03g0287400	OsLBD9	LBD
Os01g0825000	OsLBD10	LBD
Os03g0246900	OsLBD11	LBD
Os10g0162600	OsLBD12	LBD
Os08g0402100	OsLBD13	LBD
Os03g0149100	OsLBD14	LBD
Os02g0820500	OsLBD15	LBD
Os03g0149000	OsLBD16	LBD
Os08g0563400	OsLBD17	LBD
Os01g0772100	OsLBD18	LBD
Os01g0242400	OsLBD19	LBD
Os01g0571500	OsLBD20	LBD
Os01g0571800	OsLBD21	LBD
Os01g0511000	OsLBD22	LBD
Os03g0445700	OsLBD23	LBD
Os07g0589000	OsLBD24	LBD
Os03g0609500	OsLBD25	LBD
Os09g0364100	OsLBD26	LBD
Os08g0517100	OsLBD27	LBD
Os05g0123000	OsLBD28	LBD
Os08g0163800	OsLBD29	LBD
Os03g0659700	OsLBD30	LBD
Os01g0129600	OsLBD31	LBD
SORBI_3001G062800	SbLBD1	LBD
SORBI_3001G147000	SbLBD2	LBD
SORBI_3001G167600	SbLBD3	LBD
SORBI_3001G169200	SbLBD4	LBD
SORBI_3001G261700	SbLBD5	LBD
SORBI_3001G328500	SbLBD6	LBD
SORBI_3001G338600	SbLBD7	LBD
SORBI_3001G409200	SbLBD8	LBD
SORBI_3001G437300	SbLBD9	LBD
SORBI_3001G503000	SbLBD10	LBD
SORBI_3001G503100	SbLBD11	LBD
SORBI_3002G039900	SbLBD12	LBD
SORBI_3002G049800	SbLBD13	LBD
SORBI_3002G182701	SbLBD14	LBD
SORBI_3002G359700	SbLBD15	LBD
SORBI_3003G052900	SbLBD16	LBD
SORBI_3003G086600	SbLBD17	LBD
SORBI_3003G311100	SbLBD18	LBD
SORBI_3003G340100	SbLBD19	LBD
SORBI_3003G353600	SbLBD20	LBD
SORBI_3003G383700	SbLBD21	LBD
SORBI_3004G277100	SbLBD22	LBD
SORBI_3004G348800	SbLBD23	LBD
SORBI_3005G004700	SbLBD24	LBD
SORBI_3005G226800	SbLBD25	LBD
SORBI_3007G122600	SbLBD26	LBD
SORBI_3007G165100	SbLBD27	LBD
SORBI_3007G200400	SbLBD28	LBD
SORBI_3008G005000	SbLBD29	LBD
SORBI_3008G190800	SbLBD30	LBD
SORBI_3009G025900	SbLBD31	LBD
SORBI_3009G058600	SbLBD32	LBD
SORBI_3009G102400	SbLBD33	LBD
SORBI_3009G138500	SbLBD34	LBD
SORBI_3009G199300	SbLBD35	LBD
SORBI_3009G199402	SbLBD36	LBD
SORBI_3009G258300	SbLBD37	LBD
SORBI_3010G037701	SbLBD38	LBD
SORBI_3010G259400	SbLBD39	LBD
Os03g0860900	OsLUG1	LEUNIG
Os03g0235100	OsLUG2	LEUNIG
Os07g0405100	OsLUG3	LEUNIG
Os01g0177100	OsLUG4	LEUNIG
Os02g0813800	OsLUG5	LEUNIG
Os04g0510200	OsLUG6	LEUNIG
Os01g0607600	OsLUG7	LEUNIG
Os04g0691200	OsLUG8	LEUNIG
Os01g0775600	OsLUG9	LEUNIG
SORBI_3001G001900	SbLUG1	LEUNIG
SORBI_3001G169600	SbLUG2	LEUNIG
SORBI_3001G444300	SbLUG3	LEUNIG
SORBI_3001G479951	SbLUG4	LEUNIG
SORBI_3003G046400	SbLUG5	LEUNIG
SORBI_3003G073300	SbLUG6	LEUNIG
SORBI_3003G214700	SbLUG7	LEUNIG
SORBI_3003G314100	SbLUG8	LEUNIG
SORBI_3004G341700	SbLUG9	LEUNIG
SORBI_3006G019300	SbLUG10	LEUNIG
SORBI_3006G279200	SbLUG11	LEUNIG
Os06g0237300	OsLIM1	LIM
Os04g0532500	OsLIM2	LIM
Os02g0641000	OsLIM3	LIM
Os10g0503100	OsLIM4	LIM
Os03g0626600	OsLIM5	LIM
Os12g0596800	OsLIM6	LIM
Os12g0510900	OsLIM7	LIM
Os03g0267800	OsLIM8	LIM
Os06g0182500	OsLIM9	LIM
SORBI_3001G162500	SbLIM1	LIM
SORBI_3001G425100	SbLIM2	LIM
SORBI_3001G426200	SbLIM3	LIM
SORBI_3002G145550	SbLIM4	LIM
SORBI_3003G288800	SbLIM5	LIM
SORBI_3004G133302	SbLIM6	LIM
SORBI_3004G303700	SbLIM7	LIM
SORBI_3006G159000	SbLIM8	LIM
SORBI_3008G110200	SbLIM9	LIM
SORBI_3008G152600	SbLIM10	LIM
SORBI_3010G064600	SbLIM11	LIM
SORBI_3010G097600	SbLIM12	LIM
SORBI_3010G207100	SbLIM13	LIM
Os12g0611000	OsLSD1	LSD
Os08g0159500	OsLSD2	LSD
Os03g0639600	OsLSD3	LSD
Os08g0130100	OsLSD4	LSD
Os02g0807700	OsLSD5	LSD
Os07g0472200	OsLSD6	LSD
Os03g0389400	OsLSD7	LSD
Os10g0565100	OsLSD8	LSD
SORBI_3001G158500	SbLSD1	LSD
SORBI_3001G294000	SbLSD2	LSD
SORBI_3001G351100	SbLSD3	LSD
SORBI_3001G351200	SbLSD4	LSD
SORBI_3001G378500	SbLSD5	LSD
SORBI_3001G378600	SbLSD6	LSD
SORBI_3002G112400	SbLSD7	LSD
SORBI_3003G218700	SbLSD8	LSD
SORBI_3007G028700	SbLSD9	LSD
SORBI_3008G165000	SbLSD10	LSD
Os07g0108900	OsMADS50	MADS
Os01g0201700	OsMADS1	MADS
Os04g0461300	OsMADS33	MADS
Os03g0752800	OsMADS14	MADS
Os08g0494100	OsMADS56	MADS
Os09g0116800	OsMADS60	MADS
Os01g0975800	OsMADS15	MADS
Os01g0922800	OsMADS28	MADS
Os06g0504100	OsMADS46	MADS
Os06g0223300	OsMADS43	MADS
Os12g0407000	OsMADS67	MADS
Os01g0903800	OsMADS69	MADS
Os03g0834466	OsMADS70	MADS
Os09g0116000	OsMADS59	MADS
Os11g0658700	OsMADS64	MADS
Os03g0582400	OsMADS27	MADS
Os09g0402533	OsMADS71	MADS
Os01g0213300	OsMADS2	MADS
Os01g0340100	OsMADS6	MADS
Os04g0387300	OsMADS72	MADS
Os01g0340400	OsMADS8	MADS
Os01g0912400	OsMADS73	MADS
SORBI_3001G086500	SbMADS2	MADS
SORBI_3001G180400	SbMADS76	MADS
SORBI_3001G180600	SbMADS77	MADS
SORBI_3002G026500	SbMADS8	MADS
SORBI_3002G027401	SbMADS10	MADS
SORBI_3002G080600	SbMADS13	MADS
SORBI_3002G080700	SbMADS14	MADS
SORBI_3002G081000	SbMADS15	MADS
SORBI_3002G352302	SbMADS17	MADS
SORBI_3003G137500	SbMADS21	MADS
SORBI_3003G156600	SbMADS22	MADS
SORBI_3003G216800	SbMADS23	MADS
SORBI_3003G216901	SbMADS24	MADS
SORBI_3003G398600	SbMADS28	MADS
SORBI_3003G399166	SbMADS29	MADS
SORBI_3003G406800	SbMADS30	MADS
SORBI_3004G051500	SbMADS32	MADS
SORBI_3004G056000	SbMADS33	MADS
SORBI_3004G168100	SbMADS78	MADS
SORBI_3005G179700	SbMADS39	MADS
SORBI_3005G179800	SbMADS40	MADS
SORBI_3005G179900	SbMADS41	MADS
SORBI_3005G180000	SbMADS42	MADS
SORBI_3005G180100	SbMADS43	MADS
SORBI_3005G180200	SbMADS44	MADS
SORBI_3005G180400	SbMADS45	MADS
SORBI_3005G204600	SbMADS46	MADS
SORBI_3006G189500	SbMADS50	MADS
SORBI_3007G090421	SbMADS79	MADS
SORBI_3007G090412	SbMADS47	MADS
SORBI_3007G086100	SbMADS53	MADS
SORBI_3007G086200	SbMADS54	MADS
SORBI_3007G192900	SbMADS56	MADS
SORBI_3007G193300	SbMADS57	MADS
SORBI_3008G069200	SbMADS58	MADS
SORBI_3008G103500	SbMADS61	MADS
SORBI_3009G035700	SbMADS62	MADS
SORBI_3009G102200	SbMADS64	MADS
SORBI_3009G239000	SbMADS66	MADS
SORBI_3010G029200	SbMADS67	MADS
SORBI_3010G050500	SbMADS68	MADS
SORBI_3010G148100	SbMADS71	MADS
SORBI_3010G148400	SbMADS72	MADS
SORBI_3010G162300	SbMADS73	MADS
Os03g0122600	OsMADS22	MADS-MIKC
Os02g0682200	OsMADS19	MADS-MIKC
Os04g0580700	OsMADS34	MADS-MIKC
Os10g0536100	OsMADS62	MADS-MIKC
Os07g0605200	OsMADS52	MADS-MIKC
Os09g0507200	OsMADS61	MADS-MIKC
Os08g0531700	OsMADS57	MADS-MIKC
Os06g0347700	OsMADS45	MADS-MIKC
Os12g0207000	OsMADS66	MADS-MIKC
Os02g0731200	OsMADS20	MADS-MIKC
Os08g0531900	OsMADS58	MADS-MIKC
Os02g0104100	OsMADS74	MADS-MIKC
Os06g0108500	OsMADS40	MADS-MIKC
Os04g0614100	OsMADS35	MADS-MIKC
Os03g0753100	OsMADS29	MADS-MIKC
Os12g0206800	OsMADS65	MADS-MIKC
Os01g0883100	OsMADS10	MADS-MIKC
Os06g0162800	OsMADS41	MADS-MIKC
Os02g0170300	OsMADS17	MADS-MIKC
Os06g0217300	OsMADS42	MADS-MIKC
Os08g0431900	OsMADS55	MADS-MIKC
Os04g0304400	OsMADS30	MADS-MIKC
Os03g0186600	OsMADS23	MADS-MIKC
Os06g0712700	OsMADS49	MADS-MIKC
Os03g0215400	OsMADS24	MADS-MIKC
Os12g0501700	OsMADS75	MADS-MIKC
Os06g0667200	OsMADS48	MADS-MIKC
Os05g0423400	OsMADS39	MADS-MIKC
Os08g0112700	OsMADS53	MADS-MIKC
Os01g0726400	OsMADS9	MADS-MIKC
Os02g0761000	OsMADS21	MADS-MIKC
Os05g0203800	OsMADS37	MADS-MIKC
Os01g0886200	OsMADS11	MADS-MIKC
Os02g0579600	OsMADS18	MADS-MIKC
SORBI_3001G086400	SbMADS1	MADS-MIKC
SORBI_3001G314400	SbMADS3	MADS-MIKC
SORBI_3001G455900	SbMADS4	MADS-MIKC
SORBI_3001G478400	SbMADS5	MADS-MIKC
SORBI_3001G526800	SbMADS6	MADS-MIKC
SORBI_3002G010100	SbMADS7	MADS-MIKC
SORBI_3002G080500	SbMADS12	MADS-MIKC
SORBI_3002G258000	SbMADS16	MADS-MIKC
SORBI_3002G368700	SbMADS18	MADS-MIKC
SORBI_3003G027000	SbMADS19	MADS-MIKC
SORBI_3003G073700	SbMADS20	MADS-MIKC
SORBI_3003G282400	SbMADS25	MADS-MIKC
SORBI_3003G379000	SbMADS26	MADS-MIKC
SORBI_3003G381100	SbMADS27	MADS-MIKC
SORBI_3004G003434	SbMADS31	MADS-MIKC
SORBI_3004G191901	SbMADS34	MADS-MIKC
SORBI_3004G250000	SbMADS35	MADS-MIKC
SORBI_3004G281000	SbMADS36	MADS-MIKC
SORBI_3004G306500	SbMADS37	MADS-MIKC
SORBI_3006G091500	SbMADS48	MADS-MIKC
SORBI_3006G107700	SbMADS49	MADS-MIKC
SORBI_3006G213900	SbMADS51	MADS-MIKC
SORBI_3007G013800	SbMADS52	MADS-MIKC
SORBI_3007G135301	SbMADS55	MADS-MIKC
SORBI_3008G072900	SbMADS60	MADS-MIKC
SORBI_3009G075500	SbMADS63	MADS-MIKC
SORBI_3009G142500	SbMADS65	MADS-MIKC
SORBI_3010G085400	SbMADS69	MADS-MIKC
SORBI_3010G090200	SbMADS70	MADS-MIKC
SORBI_3010G221500	SbMADS74	MADS-MIKC
SORBI_3010G261800	SbMADS75	MADS-MIKC
Os06g0592500	OsMBF1_1	MBF1
Os08g0366100	OsMBF1_2	MBF1
SORBI_3007G106400	SbMBF1	MBF1
SORBI_3010G178500	SbMBF2	MBF1
Os12g0165700	OsMED26_1	MED26
Os11g0166800	OsMED26_2	MED26
Os02g0742000	OsMED26_3	MED26
Os06g0315900	OsMED26_4	MED26
Os07g0642600	OsMED26_5	MED26
Os01g0147200	OsMED26_6	MED26
Os05g0244900	OsMED26_7	MED26
Os12g0582600	OsMED26_8	MED26
Os03g0364700	OsMED26_9	MED26
Os03g0295866	OsMED26_10	MED26
Os06g0691500	OsMED26_11	MED26
Os06g0693800	OsMED26_12	MED26
Os07g0241700	OsMED26_13	MED26
Os11g0679000	OsMED26_14	MED26
SORBI_3001G123800	SbMED26.1	MED26
SORBI_3001G289600	SbMED26.2	MED26
SORBI_3001G289800	SbMED26.3	MED26
SORBI_3001G316700	SbMED26.4	MED26
SORBI_3001G361700	SbMED26.5	MED26
SORBI_3002G085300	SbMED26.6	MED26
SORBI_3002G242100	SbMED26.7	MED26
SORBI_3002G301300	SbMED26.8	MED26
SORBI_3002G394400	SbMED26.9	MED26
SORBI_3003G073000	SbMED26.10	MED26
SORBI_3005G049000	SbMED26.11	MED26
SORBI_3007G047900	SbMED26.12	MED26
SORBI_3008G036200	SbMED26.13	MED26
SORBI_3008G048300	SbMED26.14	MED26
SORBI_3008G097900	SbMED26.15	MED26
SORBI_3009G137800	SbMED26.16	MED26
SORBI_3010G241400	SbMED26.17	MED26
SORBI_3010G244800	SbMED26.18	MED26
SORBI_3010G278200	SbMED26.19	MED26
Os07g0164600	OsMED31_1	MED31
Os10g0564100	OsMED31_2	MED31
Os11g0642100	OsMED31_3	MED31
Os04g0325300	OsMED31_4	MED31
SORBI_3001G294800	SbMED31.1	MED31
SORBI_3007G166400	SbMED31.2	MED31
Os06g0217500	OsMED6	MED6
SORBI_3001G497000	SbMED6.1	MED6
SORBI_3010G085200	SbMED6.2	MED6
Os04g0661800	OsMED7_1	MED7
Os03g0801500	OsMED7_2	MED7
Os11g0462500	OsMED7_3	MED7
SORBI_3006G113900	SbMED7.1	MED7
SORBI_3006G252100	SbMED7.2	MED7
SORBI_3008G043600	SbMED7.3	MED7
Os01g0841500	OsMYB18	MYB
Os12g0238000	OsMYB121	MYB
Os05g0459000	OsMYB69	MYB
Os02g0187700	OsMYB26	MYB
Os06g0221000	OsMYB77	MYB
Os07g0558100	OsMYB88	MYB
Os05g0350900	OsMYB65	MYB
Os02g0579300	OsMYB28	MYB
Os09g0106700	OsMYB103	MYB
Os09g0538400	OsMYB108	MYB
Os06g0637500	OsMYB81	MYB
Os08g0486300	OsMYB101	MYB
Os11g0684000	OsMYB116	MYB
Os04g0461000	OsMYB52	MYB
Os12g0175400	OsMYB120	MYB
Os05g0429900	OsMYB66	MYB
Os01g0977300	OsMYB24	MYB
Os04g0533200	OsMYB57	MYB
Os01g0709000	OsMYB15	MYB
Os07g0688200	OsMYB92	MYB
Os02g0618400	OsMYB29	MYB
Os01g0874300	OsMYB22	MYB
Os02g0754400	OsMYB36	MYB
Os04g0508500	OsMYB54	MYB
Os11g0207600	OsMYB114	MYB
Os08g0549000	OsMYB102	MYB
Os07g0629000	OsMYB90	MYB
Os01g0850400	OsMYB19	MYB
Os07g0497500	OsMYB87	MYB
Os10g0478300	OsMYB110	MYB
Os03g0142600	OsMYB38	MYB
Os04g0594100	OsMYB60	MYB
Os05g0543600	OsMYB71	MYB
Os11g0180900	OsMYB113	MYB
Os03g0720800	OsMYB48	MYB
Os03g0236300	OsMYB39	MYB
Os03g0315400	OsMYB42	MYB
Os01g0545100	OsMYB10	MYB
Os07g0244500	OsMYB85	MYB
Os02g0695200	OsMYB33	MYB
Os02g0641900	OsMYB32	MYB
Os11g0700500	OsMYB117	MYB
Os12g0567300	OsMYB124	MYB
Os01g0274800	OsMYB6	MYB
Os08g0437300	OsMYB99	MYB
Os09g0414300	OsMYB105	MYB
Os03g0388600	OsMYB45	MYB
Os03g0296000	OsMYB40	MYB
Os02g0114800	OsMYB25	MYB
Os06g0112700	OsMYB74	MYB
Os01g0305900	OsMYB9	MYB
Os01g0812000	OsMYB17	MYB
Os04g0470600	OsMYB53	MYB
Os01g0128000	OsMYB1	MYB
Os08g0151300	OsMYB93	MYB
Os01g0855400	OsMYB21	MYB
Os02g0641300	OsMYB31	MYB
Os11g0558200	OsMYB115	MYB
Os05g0140100	OsMYB64	MYB
Os01g0298400	OsMYB8	MYB
Os06g0162700	OsMYB75	MYB
Os01g0702700	OsMYB14	MYB
Os01g0637800	OsMYB11	MYB
Os06g0258000	OsMYB78	MYB
Os07g0222600	OsMYB84	MYB
Os01g0285300	OsMYB7	MYB
Os09g0532900	OsMYB107	MYB
Os03g0578900	OsMYB47	MYB
Os08g0435700	OsMYB98	MYB
Os05g0568200	OsMYB73	MYB
Os08g0428200	OsMYB96	MYB
Os02g0624300	OsMYB30	MYB
Os02g0732600	OsMYB35	MYB
Os04g0532800	OsMYB56	MYB
Os03g0410000	OsMYB46	MYB
Os12g0515300	OsMYB122	MYB
Os03g0371800	OsMYB43	MYB
Os01g0695900	OsMYB13	MYB
Os09g0401000	OsMYB104	MYB
Os11g0128500	OsMYB112	MYB
Os12g0125000	OsMYB118	MYB
Os05g0490600	OsMYB70	MYB
Os06g0605600	OsMYB80	MYB
Os04g0593200	OsMYB59	MYB
Os05g0553400	OsMYB72	MYB
Os06g0679400	OsMYB82	MYB
Os01g0191900	OsMYB4	MYB
Os01g0169100	OsMYB3	MYB
Os03g0771100	OsMYB49	MYB
Os08g0248700	OsMYB95	MYB
Os03g0378500	OsMYB44	MYB
Os01g0722300	OsMYB16	MYB
Os06g0205100	OsMYB76	MYB
Os02g0786400	OsMYB126	MYB
Os08g0450900	OsMYB100	MYB
Os03g0303500	OsMYB41	MYB
Os09g0431300	OsMYB106	MYB
Os07g0627300	OsMYB89	MYB
Os10g0499900	OsMYB111	MYB
Os04g0549500	OsMYB58	MYB
Os04g0348300	OsMYB50	MYB
Os08g0433400	OsMYB97	MYB
Os01g0142500	OsMYB2	MYB
Os01g0975300	OsMYB23	MYB
Os07g0434300	OsMYB86	MYB
Os12g0572000	OsMYB125	MYB
Os02g0271900	OsMYB127	MYB
Os05g0449900	OsMYB68	MYB
Os05g0442400	OsMYB67	MYB
Os01g0853700	OsMYB20	MYB
Os07g0484700	OsMYB128	MYB
Os01g0863300	OsMYB129	MYB
Os04g0676700	OsMYB61	MYB
Os06g0250760	OsMYB130	MYB
Os01g0210200	OsMYB131	MYB
Os01g0524500	OsMYB132	MYB
Os03g0309600	OsMYB133	MYB
Os06g0258500	OsMYB134	MYB
Os04g0377932	OsMYB51	MYB
Os08g0159000	OsMYB135	MYB
Os07g0434125	OsMYB136	MYB
Os06g0303700	OsMYB137	MYB
Os10g0350200	OsMYB138	MYB
Os06g0173800	OsMYB139	MYB
Os07g0136800	OsMYB140	MYB
Os12g0633501	OsMYB141	MYB
Os03g0424300	OsMYB142	MYB
Os07g0660200	OsMYB143	MYB
SORBI_3001G056000	SbMYB1	MYB
SORBI_3001G075300	SbMYB2	MYB
SORBI_3001G110900	SbMYB3	MYB
SORBI_3001G158600	SbMYB4	MYB
SORBI_3001G183100	SbMYB5	MYB
SORBI_3001G204400	SbMYB6	MYB
SORBI_3001G219200	SbMYB7	MYB
SORBI_3001G340900	SbMYB8	MYB
SORBI_3001G358900	SbMYB9	MYB
SORBI_3001G391500	SbMYB10	MYB
SORBI_3001G397900	SbMYB11	MYB
SORBI_3001G404400	SbMYB12	MYB
SORBI_3001G443700	SbMYB13	MYB
SORBI_3001G508400	SbMYB14	MYB
SORBI_3002G029900	SbMYB15	MYB
SORBI_3002G139800	SbMYB16	MYB
SORBI_3002G141300	SbMYB17	MYB
SORBI_3002G196000	SbMYB18	MYB
SORBI_3002G196100	SbMYB19	MYB
SORBI_3002G201000	SbMYB20	MYB
SORBI_3002G209300	SbMYB21	MYB
SORBI_3002G275500	SbMYB22	MYB
SORBI_3002G279100	SbMYB23	MYB
SORBI_3002G308400	SbMYB24	MYB
SORBI_3002G337800	SbMYB25	MYB
SORBI_3002G384300	SbMYB26	MYB
SORBI_3002G385450	SbMYB27	MYB
SORBI_3002G388700	SbMYB28	MYB
SORBI_3002G423300	SbMYB29	MYB
SORBI_3003G034500	SbMYB30	MYB
SORBI_3003G053200	SbMYB31	MYB
SORBI_3003G087600	SbMYB32	MYB
SORBI_3003G128900	SbMYB33	MYB
SORBI_3003G129000	SbMYB34	MYB
SORBI_3003G129100	SbMYB35	MYB
SORBI_3003G136600	SbMYB36	MYB
SORBI_3003G142300	SbMYB37	MYB
SORBI_3003G145100	SbMYB38	MYB
SORBI_3003G164500	SbMYB39	MYB
SORBI_3003G183800	SbMYB40	MYB
SORBI_3003G232800	SbMYB41	MYB
SORBI_3003G260300	SbMYB42	MYB
SORBI_3003G270300	SbMYB43	MYB
SORBI_3003G274000	SbMYB44	MYB
SORBI_3003G280000	SbMYB45	MYB
SORBI_3003G331100	SbMYB46	MYB
SORBI_3003G352200	SbMYB47	MYB
SORBI_3003G357300	SbMYB48	MYB
SORBI_3003G359800	SbMYB49	MYB
SORBI_3003G373000	SbMYB50	MYB
SORBI_3003G409900	SbMYB51	MYB
SORBI_3004G011100	SbMYB52	MYB
SORBI_3004G070900	SbMYB53	MYB
SORBI_3004G123400	SbMYB54	MYB
SORBI_3004G191800	SbMYB55	MYB
SORBI_3004G216900	SbMYB56	MYB
SORBI_3004G219800	SbMYB57	MYB
SORBI_3004G231700	SbMYB58	MYB
SORBI_3004G248700	SbMYB59	MYB
SORBI_3004G273800	SbMYB60	MYB
SORBI_3004G303400	SbMYB61	MYB
SORBI_3004G303600	SbMYB62	MYB
SORBI_3005G014100	SbMYB63	MYB
SORBI_3005G104800	SbMYB65	MYB
SORBI_3005G155900	SbMYB66	MYB
SORBI_3005G217200	SbMYB67	MYB
SORBI_3005G224700	SbMYB68	MYB
SORBI_3006G030200	SbMYB69	MYB
SORBI_3006G107500	SbMYB70	MYB
SORBI_3006G115200	SbMYB71	MYB
SORBI_3006G148000	SbMYB72	MYB
SORBI_3006G159100	SbMYB73	MYB
SORBI_3006G159200	SbMYB74	MYB
SORBI_3006G169700	SbMYB75	MYB
SORBI_3006G199800	SbMYB76	MYB
SORBI_3006G266600	SbMYB77	MYB
SORBI_3007G039100	SbMYB78	MYB
SORBI_3007G055300	SbMYB79	MYB
SORBI_3007G092300	SbMYB80	MYB
SORBI_3007G136500	SbMYB81	MYB
SORBI_3007G137101	SbMYB82	MYB
SORBI_3007G138800	SbMYB83	MYB
SORBI_3007G138900	SbMYB84	MYB
SORBI_3007G146500	SbMYB85	MYB
SORBI_3007G177100	SbMYB86	MYB
SORBI_3007G178300	SbMYB87	MYB
SORBI_3007G204200	SbMYB88	MYB
SORBI_3007G224800	SbMYB89	MYB
SORBI_3008G020300	SbMYB90	MYB
SORBI_3008G050500	SbMYB91	MYB
SORBI_3008G055800	SbMYB92	MYB
SORBI_3008G063400	SbMYB93	MYB
SORBI_3008G100100	SbMYB94	MYB
SORBI_3008G112200	SbMYB95	MYB
SORBI_3008G131400	SbMYB96	MYB
SORBI_3008G133700	SbMYB97	MYB
SORBI_3008G137500	SbMYB98	MYB
SORBI_3009G016600	SbMYB99	MYB
SORBI_3009G031900	SbMYB100	MYB
SORBI_3009G032000	SbMYB101	MYB
SORBI_3009G036500	SbMYB102	MYB
SORBI_3009G083800	SbMYB103	MYB
SORBI_3009G103900	SbMYB104	MYB
SORBI_3009G157500	SbMYB105	MYB
SORBI_3009G216900	SbMYB106	MYB
SORBI_3009G224500	SbMYB107	MYB
SORBI_3010G077237	SbMYB108	MYB
SORBI_3010G106601	SbMYB109	MYB
SORBI_3010G186100	SbMYB110	MYB
SORBI_3010G201388	SbMYB111	MYB
SORBI_3010G230200	SbMYB112	MYB
SORBI_3001G301700	SbMYB131	MYB
SORBI_3003G008700	SbMYB132	MYB
SORBI_3003G365600	SbMYB133	MYB
SORBI_3004G123200	SbMYB134	MYB
SORBI_3004G322800	SbMYB135	MYB
SORBI_3005G062000	SbMYB136	MYB
SORBI_3005G224800	SbMYB137	MYB
SORBI_3008G020600	SbMYB138	MYB
SORBI_3009G027300	SbMYB139	MYB
SORBI_3009G154200	SbMYB140	MYB
SORBI_3001G356000	SbMYB114	MYB
SORBI_3002G161700	SbMYB115	MYB
SORBI_3003G053300	SbMYB116	MYB
SORBI_3003G076500	SbMYB117	MYB
SORBI_3003G267400	SbMYB118	MYB
SORBI_3003G446300	SbMYB113	MYB
SORBI_3004G353650	SbMYB119	MYB
SORBI_3005G020200	SbMYB120	MYB
SORBI_3006G049900	SbMYB121	MYB
SORBI_3006G142000	SbMYB122	MYB
SORBI_3006G198700	SbMYB123	MYB
SORBI_3007G049900	SbMYB124	MYB
SORBI_3007G132600	SbMYB125	MYB
SORBI_3008G055700	SbMYB126	MYB
SORBI_3008G187001	SbMYB127	MYB
SORBI_3009G016633	SbMYB128	MYB
SORBI_3009G148100	SbMYB129	MYB
SORBI_3010G008000	SbMYB130	MYB
Os01g0127450	OsMYBR81	MYBR
Os06g0728700	OsMYBR63	MYBR
Os01g0156000	OsMYBR2	MYBR
Os04g0583900	OsMYBR42	MYBR
Os02g0685200	OsMYBR22	MYBR
Os03g0750800	OsMYBR33	MYBR
Os10g0562100	OsMYBR76	MYBR
Os01g0192300	OsMYBR5	MYBR
Os05g0195700	OsMYBR44	MYBR
Os08g0157600	OsMYBR69	MYBR
Os08g0151000	OsMYBR68	MYBR
Os02g0680700	OsMYBR21	MYBR
Os06g0118150	OsMYBR82	MYBR
Os10g0561400	OsMYBR75	MYBR
Os05g0162800	OsMYBR43	MYBR
Os02g0194000	OsMYBR18	MYBR
Os01g0187900	OsMYBR4	MYBR
Os08g0144000	OsMYBR67	MYBR
Os01g0619100	OsMYBR12	MYBR
Os06g0105800	OsMYBR51	MYBR
Os05g0589400	OsMYBR50	MYBR
Os01g0603300	OsMYBR11	MYBR
Os12g0564100	OsMYB123	MYBR
Os08g0548000	OsMYBR83	MYBR
Os01g0589300	OsMYBR10	MYBR
Os07g0443500	OsMYBR64	MYBR
Os01g0708000	OsMYBR16	MYBR
Os12g0613300	OsMYBR80	MYBR
Os07g0695900	OsMYBR66	MYBR
Os09g0124200	OsMYBR84	MYBR
Os05g0132700	OsMYB63	MYBR
Os06g0141950	OsMYBR85	MYBR
Os03g0241100	OsMYBR26	MYBR
Os03g0773100	OsMYBR86	MYBR
Os01g0193900	OsMYBR6	MYBR
Os09g0491660	OsMYBR87	MYBR
Os07g0634900	OsMYB91	MYBR
Os01g0685400	OsMYB12	MYBR
Os04g0517100	OsMYB55	MYBR
Os12g0522516	OsMYBR79	MYBR
Os10g0443800	OsMYBR73	MYBR
Os01g0663051	OsMYBR15	MYBR
Os10g0444100	OsMYBR88	MYBR
Os02g0551400	OsMYBR89	MYBR
Os05g0567600	OsMYBR90	MYBR
Os03g0252900	OsMYBR91	MYBR
Os08g0510700	OsMYBR70	MYBR
Os01g0635000	OsMYBR13	MYBR
Os05g0114700	OsMYBR92	MYBR
Os02g0776700	OsMYBR93	MYBR
Os06g0181300	OsMYBR57	MYBR
Os02g0817800	OsMYBR94	MYBR
Os01g0635200	OsMYBR95	MYBR
Os02g0706400	OsMYBR96	MYBR
Os08g0177300	OsMYBR97	MYBR
Os07g0137000	OsMYBR98	MYBR
Os09g0317700	OsMYBR99	MYBR
Os03g0274300	OsMYBR100	MYBR
Os05g0579700	OsMYBR49	MYBR
Os05g0540800	OsMYBR101	MYBR
Os05g0579600	OsMYBR102	MYBR
Os03g0425800	OsMYBR103	MYBR
Os06g0669700	OsMYBR62	MYBR
Os01g0549300	OsMYBR104	MYBR
Os08g0178900	OsMYBR105	MYBR
Os02g0817000	OsMYBR106	MYBR
Os05g0305700	OsMYBR107	MYBR
Os02g0189566	OsMYBR108	MYBR
Os04g0523100	OsMYBR109	MYBR
Os07g0683025	OsMYBR110	MYBR
Os05g0388025	OsMYBR111	MYBR
Os01g0619900	OsMYBR112	MYBR
SORBI_3001G088100	SbMYBR1	MYBR
SORBI_3001G143100	SbMYBR3	MYBR
SORBI_3001G156900	SbMYBR5	MYBR
SORBI_3001G190000	SbMYBR6	MYBR
SORBI_3001G235100	SbMYBR7	MYBR
SORBI_3001G295600	SbMYBR8	MYBR
SORBI_3001G297500	SbMYBR9	MYBR
SORBI_3001G301100	SbMYBR10	MYBR
SORBI_3001G440800	SbMYBR12	MYBR
SORBI_3001G512700	SbMYBR13	MYBR
SORBI_3001G537400	SbMYBR14	MYBR
SORBI_3001G541000	SbMYBR15	MYBR
SORBI_3002G165300	SbMYBR16	MYBR
SORBI_3002G248600	SbMYBR17	MYBR
SORBI_3002G320300	SbMYBR18	MYBR
SORBI_3002G320500	SbMYBR19	MYBR
SORBI_3003G033000	SbMYBR21	MYBR
SORBI_3003G034300	SbMYBR22	MYBR
SORBI_3003G036600	SbMYBR23	MYBR
SORBI_3003G059200	SbMYBR24	MYBR
SORBI_3003G064200	SbMYBR25	MYBR
SORBI_3003G076600	SbMYBR26	MYBR
SORBI_3003G132300	SbMYBR27	MYBR
SORBI_3003G202600	SbMYBR28	MYBR
SORBI_3003G211200	SbMYBR29	MYBR
SORBI_3003G223400	SbMYBR30	MYBR
SORBI_3003G231700	SbMYBR31	MYBR
SORBI_3003G246900	SbMYBR32	MYBR
SORBI_3003G273300	SbMYBR33	MYBR
SORBI_3004G267000	SbMYBR38	MYBR
SORBI_3004G279300	SbMYBR39	MYBR
SORBI_3004G281800	SbMYBR40	MYBR
SORBI_3004G342200	SbMYBR42	MYBR
SORBI_3006G192100	SbMYBR48	MYBR
SORBI_3007G020500	SbMYBR49	MYBR
SORBI_3007G037100	SbMYBR50	MYBR
SORBI_3007G039200	SbMYBR51	MYBR
SORBI_3007G047400	SbMYBR52	MYBR
SORBI_3007G209500	SbMYBR54	MYBR
SORBI_3009G039000	SbMYBR60	MYBR
SORBI_3009G039100	SbMYBR61	MYBR
SORBI_3009G039200	SbMYBR62	MYBR
SORBI_3009G039600	SbMYBR63	MYBR
SORBI_3009G039700	SbMYBR64	MYBR
SORBI_3009G040000	SbMYBR65	MYBR
SORBI_3009G072200	SbMYBR66	MYBR
SORBI_3009G235500	SbMYBR68	MYBR
SORBI_3009G244300	SbMYBR69	MYBR
SORBI_3009G244600	SbMYBR70	MYBR
SORBI_3009G253300	SbMYBR71	MYBR
SORBI_3010G004300	SbMYBR72	MYBR
SORBI_3010G058000	SbMYBR73	MYBR
SORBI_3010G063566	SbMYBR74	MYBR
SORBI_3010G075100	SbMYBR75	MYBR
SORBI_3010G085700	SbMYBR76	MYBR
SORBI_3010G109700	SbMYBR77	MYBR
SORBI_3010G111400	SbMYBR78	MYBR
SORBI_3010G111500	SbMYBR79	MYBR
SORBI_3010G275700	SbMYBR80	MYBR
SORBI_3001G235200	SbMYBR80	MYBR
SORBI_3001G235266	SbMYBR81	MYBR
SORBI_3001G235400	SbMYBR82	MYBR
SORBI_3001G333800	SbMYBR83	MYBR
SORBI_3001G363500	SbMYBR84	MYBR
SORBI_3001G398100	SbMYBR85	MYBR
SORBI_3001G398200	SbMYBR86	MYBR
SORBI_3001G421500	SbMYBR87	MYBR
SORBI_3001G434800	SbMYBR88	MYBR
SORBI_3001G459200	SbMYBR89	MYBR
SORBI_3001G490350	SbMYBR90	MYBR
SORBI_3002G179400	SbMYBR91	MYBR
SORBI_3002G194400	SbMYBR92	MYBR
SORBI_3002G291850	SbMYBR93	MYBR
SORBI_3003G088300	SbMYBR94	MYBR
SORBI_3003G196300	SbMYBR95	MYBR
SORBI_3003G231800	SbMYBR96	MYBR
SORBI_3004G084300	SbMYBR97	MYBR
SORBI_3004G316700	SbMYBR98	MYBR
SORBI_3006G118700	SbMYBR99	MYBR
SORBI_3007G053700	SbMYBR100	MYBR
SORBI_3008G061601	SbMYBR57	MYBR
SORBI_3009G039500	SbMYBR101	MYBR
SORBI_3009G039900	SbMYBR102	MYBR
SORBI_3009G040100	SbMYBR103	MYBR
SORBI_3009G151200	SbMYBR104	MYBR
SORBI_3009G252300	SbMYBR105	MYBR
SORBI_3009G256300	SbMYBR106	MYBR
SORBI_3010G025850	SbMYBR107	MYBR
SORBI_3010G070600	SbMYBR108	MYBR
SORBI_3010G191900	SbMYBR109	MYBR
SORBI_3010G223700	SbMYBR110	MYBR
SORBI_3010G257000	SbMYBR111	MYBR
Os07g0566500	OsNAC74	NAC
Os03g0119966	OsNAC26	NAC
Os03g0327800	OsNAC31	NAC
Os01g0816100	OsNAC9	NAC
Os11g0126900	OsNAC107	NAC
Os09g0497900	OsNAC92	NAC
Os04g0536500	OsNAC127	NAC
Os07g0684800	OsNAC76	NAC
Os03g0327100	OsNAC30	NAC
Os03g0815100	OsNAC37	NAC
Os02g0643600	OsNAC21	NAC
Os02g0745250	OsNAC128	NAC
Os09g0552800	OsNAC94	NAC
Os12g0123700	OsNAC118	NAC
Os04g0460600	OsNAC42	NAC
Os06g0344900	OsNAC60	NAC
Os01g0393100	OsNAC5	NAC
Os01g0104500	OsNAC2	NAC
Os03g0624600	OsNAC34	NAC
Os08g0562200	OsNAC87	NAC
Os07g0225300	OsNAC69	NAC
Os01g0884300	OsNAC11	NAC
Os06g0104200	OsNAC57	NAC
Os08g0436700	OsNAC84	NAC
Os08g0157900	OsNAC80	NAC
Os10g0532000	OsNAC105	NAC
Os01g0104200	OsNAC1	NAC
Os02g0579000	OsNAC18	NAC
Os01g0261200	OsNAC4	NAC
Os08g0115800	OsNAC79	NAC
Os08g0103900	OsNAC77	NAC
Os06g0131700	OsNAC58	NAC
Os03g0133000	OsNAC28	NAC
Os08g0511200	OsNAC85	NAC
Os12g0123800	OsNAC119	NAC
Os06g0530400	OsNAC61	NAC
Os03g0777000	OsNAC35	NAC
Os04g0515900	OsNAC44	NAC
Os02g0252200	OsNAC16	NAC
Os01g0888300	OsNAC12	NAC
Os11g0127600	OsNAC109	NAC
Os10g0477600	OsNAC104	NAC
Os05g0426200	OsNAC52	NAC
Os05g0418800	OsNAC50	NAC
Os03g0109000	OsNAC25	NAC
Os12g0610600	OsNAC126	NAC
Os02g0822400	OsNAC24	NAC
Os07g0138200	OsNAC65	NAC
Os06g0101800	OsNAC56	NAC
Os06g0726300	OsNAC64	NAC
Os05g0415400	OsNAC49	NAC
Os08g0433500	OsNAC83	NAC
Os06g0675600	OsNAC63	NAC
Os02g0810900	OsNAC23	NAC
Os08g0200600	OsNAC81	NAC
Os09g0493700	OsNAC91	NAC
Os12g0477400	OsNAC125	NAC
Os04g0691300	OsNAC46	NAC
Os05g0442700	OsNAC53	NAC
Os11g0154500	OsNAC111	NAC
Os12g0156100	OsNAC120	NAC
Os01g0862800	OsNAC10	NAC
Os02g0214500	OsNAC15	NAC
Os01g0925400	OsNAC13	NAC
Os09g0509100	OsNAC93	NAC
Os11g0512000	OsNAC113	NAC
Os02g0555300	OsNAC17	NAC
Os11g0146900	OsNAC110	NAC
Os01g0811500	OsNAC8	NAC
Os04g0437000	OsNAC41	NAC
Os08g0535800	OsNAC86	NAC
Os11g0512100	OsNAC114	NAC
Os05g0515800	OsNAC54	NAC
Os03g0588000	OsNAC33	NAC
Os11g0512200	OsNAC115	NAC
Os07g0457100	OsNAC73	NAC
Os11g0184900	OsNAC112	NAC
Os07g0242800	OsNAC70	NAC
Os07g0196800	OsNAC68	NAC
Os03g0587700	OsNAC32	NAC
Os07g0196500	OsNAC67	NAC
Os03g0811850	OsNAC36	NAC
Os07g0195600	OsNAC66	NAC
Os01g0191300	OsNAC3	NAC
Os05g0563000	OsNAC55	NAC
Os05g0325300	OsNAC48	NAC
Os10g0395700	OsNAC129	NAC
Os01g0675800	OsNAC130	NAC
Os05g0194500	OsNAC47	NAC
Os06g0560300	OsNAC62	NAC
Os10g0402100	OsNAC101	NAC
Os07g0456900	OsNAC72	NAC
Os07g0272700	OsNAC71	NAC
Os02g0594800	OsNAC19	NAC
Os10g0571600	OsNAC106	NAC
Os12g0415000	OsNAC122	NAC
Os12g0418300	OsNAC123	NAC
Os10g0414000	OsNAC103	NAC
Os11g0127000	OsNAC108	NAC
Os12g0135850	OsNAC131	NAC
Os11g0179300	OsNAC132	NAC
Os08g0327800	OsNAC82	NAC
Os09g0295000	OsNAC88	NAC
Os10g0413700	OsNAC102	NAC
Os01g0946200	OsNAC133	NAC
Os12g0630800	OsNAC127	NAC
Os10g0396050	OsNAC99	NAC
Os09g0552900	OsNAC95	NAC
Os03g0832000	OsNAC134	NAC
Os12g0137000	OsNAC135	NAC
Os07g0683200	OsNAC75	NAC
Os09g0411900	OsNAC89	NAC
Os02g0285900	OsNAC136	NAC
Os10g0401550	OsNAC100	NAC
Os01g0667000	OsNAC137	NAC
Os11g0512600	OsNAC116	NAC
Os11g0686700	OsNAC117	NAC
Os04g0475400	OsNAC138	NAC
Os01g0378400	OsNAC139	NAC
Os10g0413900	OsNAC140	NAC
Os05g0348500	OsNAC141	NAC
Os04g0619000	OsNAC45	NAC
Os05g0326800	OsNAC142	NAC
Os05g0326500	OsNAC143	NAC
Os10g0359500	OsNAC97	NAC
Os11g0512400	OsNAC144	NAC
Os04g0508400	OsNAC145	NAC
Os01g0672100	OsNAC6	NAC
Os04g0477300	OsNAC43	NAC
Os01g0753000	OsNAC146	NAC
Os05g0515700	OsNAC147	NAC
Os06g0267500	OsNAC148	NAC
SORBI_3001G018350	SbNAC1	NAC
SORBI_3001G018700	SbNAC2	NAC
SORBI_3001G030800	SbNAC124	NAC
SORBI_3001G031000	SbNAC3	NAC
SORBI_3001G040200	SbNAC4	NAC
SORBI_3001G040900	SbNAC5	NAC
SORBI_3001G045500	SbNAC6	NAC
SORBI_3001G071000	SbNAC7	NAC
SORBI_3001G163800	SbNAC8	NAC
SORBI_3001G249800	SbNAC9	NAC
SORBI_3001G290400	SbNAC10	NAC
SORBI_3001G316800	SbNAC11	NAC
SORBI_3001G360300	SbNAC12	NAC
SORBI_3001G385800	SbNAC13	NAC
SORBI_3001G386000	SbNAC14	NAC
SORBI_3001G453000	SbNAC15	NAC
SORBI_3001G515800	SbNAC16	NAC
SORBI_3001G522700	SbNAC17	NAC
SORBI_3001G529200	SbNAC18	NAC
SORBI_3002G029400	SbNAC19	NAC
SORBI_3002G080100	SbNAC20	NAC
SORBI_3002G096700	SbNAC21	NAC
SORBI_3002G168300	SbWRKY15	NAC
SORBI_3002G192600	SbNAC22	NAC
SORBI_3002G199200	SbNAC23	NAC
SORBI_3002G200300	SbNAC24	NAC
SORBI_3002G224300	SbNAC25	NAC
SORBI_3002G251700	SbNAC26	NAC
SORBI_3002G253000	SbNAC27	NAC
SORBI_3002G259600	SbNAC28	NAC
SORBI_3002G290800	SbNAC29	NAC
SORBI_3002G295400	SbNAC31	NAC
SORBI_3002G342100	SbNAC32	NAC
SORBI_3002G420700	SbNAC33	NAC
SORBI_3002G421400	SbNAC34	NAC
SORBI_3003G001701	SbNAC35	NAC
SORBI_3003G035100	SbNAC36	NAC
SORBI_3003G101100	SbNAC37	NAC
SORBI_3003G105600	SbNAC38	NAC
SORBI_3003G105800	SbNAC126	NAC
SORBI_3003G110867	SbNAC39	NAC
SORBI_3003G110932	SbNAC40	NAC
SORBI_3003G119800	SbNAC41	NAC
SORBI_3003G251800	SbNAC42	NAC
SORBI_3003G254900	SbNAC43	NAC
SORBI_3003G255000	SbNAC44	NAC
SORBI_3003G310000	SbNAC45	NAC
SORBI_3003G333300	SbNAC46	NAC
SORBI_3003G334600	SbNAC47	NAC
SORBI_3003G365500	SbNAC48	NAC
SORBI_3003G379700	SbNAC49	NAC
SORBI_3003G382300	SbNAC50	NAC
SORBI_3003G409800	SbNAC51	NAC
SORBI_3003G423100	SbNAC127	NAC
SORBI_3003G423200	SbNAC52	NAC
SORBI_3004G112200	SbNAC53	NAC
SORBI_3004G129001	SbNAC54	NAC
SORBI_3004G176600	SbNAC55	NAC
SORBI_3004G191700	SbNAC56	NAC
SORBI_3004G201600	SbNAC57	NAC
SORBI_3004G219500	SbNAC58	NAC
SORBI_3004G237900	SbNAC59	NAC
SORBI_3004G302400	SbNAC60	NAC
SORBI_3004G338800	SbNAC62	NAC
SORBI_3004G350300	SbNAC63	NAC
SORBI_3005G018500	SbNAC64	NAC
SORBI_3005G018700	SbNAC65	NAC
SORBI_3005G028500	SbNAC66	NAC
SORBI_3005G041000	SbNAC67	NAC
SORBI_3005G056300	SbNAC68	NAC
SORBI_3005G059900	SbNAC69	NAC
SORBI_3005G060000	SbNAC70	NAC
SORBI_3005G064600	SbNAC71	NAC
SORBI_3005G095800	SbNAC72	NAC
SORBI_3005G188000	SbNAC74	NAC
SORBI_3006G003800	SbNAC128	NAC
SORBI_3006G003850	SbNAC75	NAC
SORBI_3006G004100	SbNAC76	NAC
SORBI_3006G086000	SbNAC77	NAC
SORBI_3006G092100	SbNAC78	NAC
SORBI_3006G107400	SbNAC79	NAC
SORBI_3006G118150	SbNAC129	NAC
SORBI_3006G118200	SbNAC80	NAC
SORBI_3006G120400	SbNAC82	NAC
SORBI_3006G141900	SbNAC83	NAC
SORBI_3006G147400	SbNAC61	NAC
SORBI_3006G160900	SbNAC84	NAC
SORBI_3006G174725	SbNAC85	NAC
SORBI_3006G218300	SbNAC86	NAC
SORBI_3006G279400	SbNAC87	NAC
SORBI_3006G281900	SbNAC88	NAC
SORBI_3007G003000	SbNAC89	NAC
SORBI_3007G015500	SbNAC90	NAC
SORBI_3007G018100	SbNAC91	NAC
SORBI_3007G047700	SbNAC92	NAC
SORBI_3007G071000	SbNAC93	NAC
SORBI_3007G136300	SbNAC94	NAC
SORBI_3007G138600	SbNAC95	NAC
SORBI_3007G166100	SbNAC96	NAC
SORBI_3007G190333	SbNAC130	NAC
SORBI_3007G209200	SbNAC97	NAC
SORBI_3008G017600	SbNAC98	NAC
SORBI_3008G021800	SbNAC99	NAC
SORBI_3008G057700	SbNAC100	NAC
SORBI_3008G071400	SbNAC101	NAC
SORBI_3008G094700	SbNAC102	NAC
SORBI_3008G142100	SbNAC131	NAC
SORBI_3008G183900	SbNAC104	NAC
SORBI_3009G071500	SbNAC105	NAC
SORBI_3009G071600	SbNAC132	NAC
SORBI_3009G086800	SbNAC107	NAC
SORBI_3009G120600	SbNAC106	NAC
SORBI_3009G140500	SbNAC109	NAC
SORBI_3009G142200	SbNAC110	NAC
SORBI_3009G143700	SbNAC111	NAC
SORBI_3009G154300	SbNAC112	NAC
SORBI_3009G231600	SbNAC113	NAC
SORBI_3009G245500	SbNAC133	NAC
SORBI_3010G000100	SbNAC114	NAC
SORBI_3010G002900	SbNAC115	NAC
SORBI_3010G022400	SbNAC116	NAC
SORBI_3010G090800	SbNAC117	NAC
SORBI_3010G111800	SbNAC118	NAC
SORBI_3010G155000	SbNAC134	NAC
SORBI_3010G155100	SbNAC120	NAC
SORBI_3010G168500	SbNAC121	NAC
SORBI_3010G227300	SbNAC122	NAC
SORBI_3010G273700	SbNAC123	NAC
Os01g0236700	OsNLP3	NLP
Os01g0246500	OsNLP4	NLP
Os01g0551600	OsNLP5	NLP
Os02g0136000	OsNLP1	NLP
Os03g0131100	OsNLP6	NLP
Os04g0495800	OsNLP2	NLP
Os04g0564000	OsNLP7	NLP
Os06g0228950	OsNLP8	NLP
Os09g0444100	OsNLP9	NLP
Os09g0549450	OsNLP10	NLP
SORBI_3001G517800	SbNLP1	NLP
SORBI_3002G287400	SbNLP2	NLP
SORBI_3003G000800	SbNLP3	NLP
SORBI_3003G003600	SbNLP4	NLP
SORBI_3003G186200	SbNLP5	NLP
SORBI_3004G034100	SbNLP6	NLP
SORBI_3004G238400	SbNLP7	NLP
SORBI_3006G133900	SbNLP8	NLP
SORBI_3006G179600	SbNLP9	NLP
SORBI_3006G276566	SbNLP12	NLP
SORBI_3007G127800	SbNLP10	NLP
SORBI_3008G082000	SbNLP11	NLP
SORBI_3010G092750	SbNLP13	NLP
Os05g0501800	OsSPL1	NOZZLE
Os01g0676900	OsSPL2	NOZZLE
Os01g0212500	OsSPL3	NOZZLE
Os05g0316050	OsSPL4	NOZZLE
SORBI_3003G007600	SbSPL1	NOZZLE
SORBI_3003G018000	SbSPL2	NOZZLE
SORBI_3003G255200	SbSPL3	NOZZLE
SORBI_3009G188500	SbSPL4	NOZZLE
Os01g0823500	OsOFP6	OVATE
Os12g0158300	OsOFP1	OVATE
Os11g0156300	OsOFP4	OVATE
Os05g0477200	OsOFP9	OVATE
Os01g0864000	OsOFP8	OVATE
Os05g0324600	OsOFP19	OVATE
Os04g0415100	OsOFP5	OVATE
Os01g0226700	OsOFP6	OVATE
Os04g0685000	OsOFP7	OVATE
Os05g0583600	OsOFP10	OVATE
Os01g0625900	OsOFP2	OVATE
Os07g0679200	OsOFP11	OVATE
Os03g0126450	OsOFP12	OVATE
Os05g0440900	OsOFP13	OVATE
Os05g0441400	OsOFP14	OVATE
Os01g0863800	OsOFP15	OVATE
Os04g0577700	OsOFP16	OVATE
Os10g0532600	OsOFP17	OVATE
Os02g0679700	OsOFP18	OVATE
Os05g0517100	OsOFP20	OVATE
Os08g0102400	OsOFP21	OVATE
Os03g0197900	OsOFP22	OVATE
Os11g0156401	OsOFP23	OVATE
Os12g0158400	OsOFP24	OVATE
Os03g0159400	OsOFP25	OVATE
Os04g0447900	OsOFP26	OVATE
Os01g0732300	OsOFP3	OVATE
Os03g0336900	OsOFP27	OVATE
Os01g0511400	OsOFP28	OVATE
Os10g0431700	OsOFP31	OVATE
Os05g0328300	OsOFP29	OVATE
Os07g0679100	OsOFP30	OVATE
SORBI_3001G240900	SbOFP1	OVATE
SORBI_3001G316300	SbOFP2	OVATE
SORBI_3001G325100	SbOFP3	OVATE
SORBI_3001G380100	SbOFP4	OVATE
SORBI_3001G468900	SbOFP5	OVATE
SORBI_3001G497800	SbOFP6	OVATE
SORBI_3001G523500	SbOFP7	OVATE
SORBI_3002G145400	SbOFP8	OVATE
SORBI_3002G179200	SbOFP9	OVATE
SORBI_3002G417600	SbOFP10	OVATE
SORBI_3002G417700	SbOFP11	OVATE
SORBI_3003G010700	SbOFP12	OVATE
SORBI_3003G041600	SbOFP13	OVATE
SORBI_3003G205000	SbOFP14	OVATE
SORBI_3003G227000	SbOFP15	OVATE
SORBI_3003G286400	SbOFP16	OVATE
SORBI_3003G296100	SbOFP17	OVATE
SORBI_3003G339100	SbOFP18	OVATE
SORBI_3003G365900	SbOFP19	OVATE
SORBI_3003G366000	SbOFP20	OVATE
SORBI_3004G282200	SbOFP21	OVATE
SORBI_3005G042700	SbOFP22	OVATE
SORBI_3005G042800	SbOFP23	OVATE
SORBI_3006G073800	SbOFP24	OVATE
SORBI_3006G096600	SbOFP25	OVATE
SORBI_3006G187600	SbOFP26	OVATE
SORBI_3006G274000	SbOFP27	OVATE
SORBI_3007G001700	SbOFP28	OVATE
SORBI_3008G042100	SbOFP29	OVATE
SORBI_3008G042200	SbOFP30	OVATE
SORBI_3009G082300	SbOFP31	OVATE
SORBI_3009G095800	SbOFP32	OVATE
SORBI_3009G096300	SbOFP33	OVATE
SORBI_3009G153900	SbOFP34	OVATE
SORBI_3009G154000	SbOFP35	OVATE
SORBI_3009G173400	SbOFP36	OVATE
SORBI_3009G198800	SbOFP37	OVATE
SORBI_3009G247500	SbOFP38	OVATE
Os01g0883400	OsPHD5	PHD
Os08g0105000	OsPHD45	PHD
Os12g0527800	OsPHD63	PHD
Os06g0731500	OsPHD39	PHD
Os01g0965500	OsPHD6	PHD
Os02g0122700	OsPHD8	PHD
Os03g0799600	OsPHD22	PHD
Os07g0661550	OsPHD64	PHD
Os07g0173300	OsPHD40	PHD
Os09g0386500	OsPHD51	PHD
Os04g0691700	OsPHD27	PHD
Os07g0186400	OsPHD41	PHD
Os08g0421900	OsPHD49	PHD
Os03g0716200	OsPHD19	PHD
Os06g0283200	OsPHD35	PHD
Os06g0731100	OsPHD38	PHD
Os04g0425100	OsPHD24	PHD
Os06g0187000	OsPHD33	PHD
Os12g0209700	OsPHD65	PHD
Os01g0877500	OsPHD4	PHD
Os11g0292050	OsPHD59	PHD
Os08g0337300	OsPHD66	PHD
Os03g0747600	OsPHD20	PHD
Os01g0218800	OsPHD67	PHD
Os11g0234200	OsPHD58	PHD
Os06g0101000	OsPHD68	PHD
Os03g0302200	OsPHD16	PHD
Os04g0609700	OsPHD26	PHD
Os06g0309000	OsPHD36	PHD
Os12g0224500	OsPHD69	PHD
Os04g0433900	OsPHD70	PHD
Os03g0304400	OsPHD17	PHD
Os05g0125000	OsPHD29	PHD
Os01g0655300	OsPHD71	PHD
Os01g0218900	OsPHD3	PHD
Os09g0449000	OsPHD53	PHD
Os09g0434000	OsPHD72	PHD
Os03g0748200	OsPHD21	PHD
Os01g0246100	OsPHD73	PHD
Os06g0102800	OsPHD32	PHD
Os09g0134500	OsPHD50	PHD
Os07g0611200	OsPHD74	PHD
Os06g0704800	OsPHD75	PHD
Os02g0137500	OsPHD76	PHD
Os07g0680500	OsPHD77	PHD
Os10g0572500	OsPHD78	PHD
Os03g0143600	OsPHD14	PHD
Os02g0768750	OsPHD79	PHD
Os05g0102600	OsPHD80	PHD
Os09g0556700	OsPHD81	PHD
Os03g0719100	OsPHD82	PHD
Os04g0221600	OsPHD83	PHD
Os11g0160100	OsPHD84	PHD
Os01g0690333	OsPHD85	PHD
Os01g0881000	OsPHD86	PHD
Os02g0147800	OsPHD87	PHD
Os09g0492800	OsPHD88	PHD
Os02g0611300	OsPHD89	PHD
Os09g0243200	OsPHD90	PHD
Os06g0529800	OsPHD91	PHD
Os04g0551600	OsPHD92	PHD
Os03g0278700	OsPHD93	PHD
Os12g0161900	OsPHD94	PHD
Os04g0289800	OsPHD95	PHD
Os02g0191500	OsPHD96	PHD
Os11g0144500	OsPHD97	PHD
Os02g0658200	OsPHD98	PHD
Os04g0487400	OsPHD99	PHD
Os06g0554100	OsPHD100	PHD
Os08g0337001	OsPHD101	PHD
Os08g0336500	OsPHD102	PHD
Os10g0464800	OsPHD103	PHD
Os11g0148800	OsPHD104	PHD
Os07g0159600	OsPHD105	PHD
Os03g0142500	OsPHD106	PHD
Os09g0344900	OsPHD107	PHD
Os11g0148700	OsPHD108	PHD
Os09g0242800	OsPHD109	PHD
Os06g0540050	OsPHD110	PHD
Os07g0490600	OsPHD111	PHD
Os08g0539300	OsPHD112	PHD
Os12g0108350	OsPHD113	PHD
Os02g0759400	OsPHD114	PHD
Os04g0508800	OsPHD115	PHD
Os12g0620100	OsPHD116	PHD
Os06g0534950	OsPHD117	PHD
Os10g0566400	OsPHD118	PHD
Os07g0610200	OsPHD119	PHD
Os02g0619600	OsPHD120	PHD
Os02g0249300	OsPHD121	PHD
Os07g0110400	OsPHD122	PHD
Os09g0434200	OsPHD123	PHD
SORBI_3001G090400	SbPHD1	PHD
SORBI_3001G090800	SbPHD2	PHD
SORBI_3001G113900	SbPHD3	PHD
SORBI_3001G226900	SbPHD38	PHD
SORBI_3001G227000	SbPHD39	PHD
SORBI_3001G227100	SbPHD40	PHD
SORBI_3001G290100	SbPHD41	PHD
SORBI_3001G293400	SbPHD42	PHD
SORBI_3001G312802	SbPHD43	PHD
SORBI_3001G335201	SbPHD44	PHD
SORBI_3001G342500	SbPHD45	PHD
SORBI_3001G342600	SbPHD46	PHD
SORBI_3001G350100	SbPHD47	PHD
SORBI_3001G386300	SbPHD48	PHD
SORBI_3001G397800	SbPHD4	PHD
SORBI_3001G398950	SbPHD5	PHD
SORBI_3001G407100	SbPHD6	PHD
SORBI_3001G417500	SbPHD49	PHD
SORBI_3001G422700	SbPHD50	PHD
SORBI_3001G422900	SbPHD51	PHD
SORBI_3001G425900	SbPHD52	PHD
SORBI_3001G485000	SbPHD53	PHD
SORBI_3001G487200	SbPHD54	PHD
SORBI_3001G507400	SbPHD7	PHD
SORBI_3001G508466	SbPHD55	PHD
SORBI_3001G508532	SbPHD56	PHD
SORBI_3001G508600	SbPHD57	PHD
SORBI_3001G520400	SbPHD58	PHD
SORBI_3001G522600	SbPHD59	PHD
SORBI_3001G534700	SbPHD60	PHD
SORBI_3002G008900	SbPHD61	PHD
SORBI_3002G039800	SbPHD62	PHD
SORBI_3002G049200	SbPHD8	PHD
SORBI_3002G058300	SbPHD9	PHD
SORBI_3002G101200	SbPHD63	PHD
SORBI_3002G148400	SbPHD64	PHD
SORBI_3002G154000	SbPHD65	PHD
SORBI_3002G176300	SbPHD66	PHD
SORBI_3002G192500	SbPHD11	PHD
SORBI_3002G197300	SbPHD67	PHD
SORBI_3002G211900	SbPHD68	PHD
SORBI_3002G221000	SbPHD12	PHD
SORBI_3002G232800	SbPHD69	PHD
SORBI_3002G250700	SbPHD70	PHD
SORBI_3002G277300	SbPHD71	PHD
SORBI_3002G303600	SbPHD72	PHD
SORBI_3002G306400	SbPHD73	PHD
SORBI_3002G371800	SbPHD74	PHD
SORBI_3002G371900	SbPHD75	PHD
SORBI_3002G418600	SbPHD76	PHD
SORBI_3002G427100	SbPHD13	PHD
SORBI_3002G429900	SbPHD14	PHD
SORBI_3003G016500	SbPHD77	PHD
SORBI_3003G018860	SbPHD78	PHD
SORBI_3003G018400	SbPHD79	PHD
SORBI_3003G018560	SbPHD80	PHD
SORBI_3003G040100	SbPHD15	PHD
SORBI_3003G061900	SbPHD81	PHD
SORBI_3003G123300	SbPHD82	PHD
SORBI_3003G159500	SbPHD83	PHD
SORBI_3003G188300	SbPHD16	PHD
SORBI_3003G241700	SbPHD17	PHD
SORBI_3003G264901	SbPHD84	PHD
SORBI_3003G288401	SbPHD85	PHD
SORBI_3003G339400	SbPHD86	PHD
SORBI_3003G375500	SbPHD18	PHD
SORBI_3003G377300	SbPHD87	PHD
SORBI_3003G379400	SbPHD19	PHD
SORBI_3003G439700	SbPHD20	PHD
SORBI_3003G440002	SbPHD88	PHD
SORBI_3004G001900	SbPHD89	PHD
SORBI_3004G020600	SbPHD10	PHD
SORBI_3004G031700	SbPHD90	PHD
SORBI_3004G034900	SbPHD91	PHD
SORBI_3004G063750	SbPHD92	PHD
SORBI_3004G074600	SbPHD93	PHD
SORBI_3004G108600	SbPHD94	PHD
SORBI_3004G109900	SbPHD95	PHD
SORBI_3004G110400	SbPHD96	PHD
SORBI_3004G114200	SbPHD97	PHD
SORBI_3004G130970	SbPHD98	PHD
SORBI_3004G156500	SbPHD99	PHD
SORBI_3004G163500	SbPHD100	PHD
SORBI_3004G181200	SbPHD101	PHD
SORBI_3004G187502	SbPHD102	PHD
SORBI_3004G187600	SbPHD103	PHD
SORBI_3004G187702	SbPHD104	PHD
SORBI_3004G217450	SbPHD105	PHD
SORBI_3004G234600	SbPHD106	PHD
SORBI_3004G258700	SbPHD23	PHD
SORBI_3004G277300	SbPHD107	PHD
SORBI_3004G283400	SbPHD108	PHD
SORBI_3004G288000	SbPHD109	PHD
SORBI_3004G295000	SbPHD110	PHD
SORBI_3004G301000	SbPHD111	PHD
SORBI_3004G305000	SbPHD112	PHD
SORBI_3004G311400	SbPHD113	PHD
SORBI_3004G332500	SbPHD114	PHD
SORBI_3004G337925	SbPHD115	PHD
SORBI_3004G355800	SbPHD116	PHD
SORBI_3005G028600	SbPHD117	PHD
SORBI_3005G036400	SbPHD118	PHD
SORBI_3005G045700	SbPHD119	PHD
SORBI_3005G055501	SbPHD120	PHD
SORBI_3005G090800	SbPHD24	PHD
SORBI_3005G133000	SbPHD121	PHD
SORBI_3005G205800	SbPHD122	PHD
SORBI_3006G001200	SbPHD123	PHD
SORBI_3006G032400	SbPHD124	PHD
SORBI_3006G032600	SbPHD125	PHD
SORBI_3006G083900	SbPHD126	PHD
SORBI_3006G100100	SbPHD127	PHD
SORBI_3006G142332	SbPHD128	PHD
SORBI_3006G163100	SbPHD129	PHD
SORBI_3006G171050	SbPHD130	PHD
SORBI_3006G184500	SbPHD131	PHD
SORBI_3006G192150	SbPHD132	PHD
SORBI_3006G193000	SbPHD133	PHD
SORBI_3006G194700	SbPHD134	PHD
SORBI_3006G208600	SbPHD135	PHD
SORBI_3006G209850	SbPHD136	PHD
SORBI_3006G248801	SbPHD137	PHD
SORBI_3006G280200	SbPHD25	PHD
SORBI_3007G004200	SbPHD26	PHD
SORBI_3007G005200	SbPHD27	PHD
SORBI_3007G077900	SbPHD28	PHD
SORBI_3007G116000	SbPHD138	PHD
SORBI_3007G130300	SbPHD29	PHD
SORBI_3007G177801	SbPHD139	PHD
SORBI_3007G178100	SbPHD140	PHD
SORBI_3007G187200	SbPHD141	PHD
SORBI_3007G205000	SbPHD142	PHD
SORBI_3007G214900	SbPHD143	PHD
SORBI_3008G002300	SbPHD144	PHD
SORBI_3008G030200	SbPHD145	PHD
SORBI_3008G045650	SbPHD146	PHD
SORBI_3008G045800	SbPHD147	PHD
SORBI_3008G046200	SbPHD148	PHD
SORBI_3008G073400	SbPHD149	PHD
SORBI_3008G078000	SbPHD150	PHD
SORBI_3008G078100	SbPHD151	PHD
SORBI_3008G078200	SbPHD152	PHD
SORBI_3008G113100	SbPHD153	PHD
SORBI_3008G149800	SbPHD154	PHD
SORBI_3008G153300	SbPHD155	PHD
SORBI_3009G001200	SbPHD156	PHD
SORBI_3009G026500	SbPHD157	PHD
SORBI_3009G049300	SbPHD158	PHD
SORBI_3009G056900	SbPHD159	PHD
SORBI_3009G232800	SbPHD160	PHD
SORBI_3009G259800	SbPHD161	PHD
SORBI_3010G000800	SbPHD162	PHD
SORBI_3010G001100	SbPHD163	PHD
SORBI_3010G010700	SbPHD31	PHD
SORBI_3010G065300	SbPHD164	PHD
SORBI_3010G067900	SbPHD32	PHD
SORBI_3010G079500	SbPHD165	PHD
SORBI_3010G080800	SbPHD166	PHD
SORBI_3010G086400	SbPHD167	PHD
SORBI_3010G118000	SbPHD33	PHD
SORBI_3010G130100	SbPHD34	PHD
SORBI_3010G143800	SbPHD168	PHD
SORBI_3010G154000	SbPHD169	PHD
SORBI_3010G157100	SbPHD170	PHD
SORBI_3010G158500	SbPHD171	PHD
SORBI_3010G164900	SbPHD172	PHD
SORBI_3010G199100	SbPHD173	PHD
SORBI_3010G217600	SbPHD35	PHD
SORBI_3010G255400	SbPHD174	PHD
SORBI_3010G262200	SbPHD175	PHD
SORBI_3010G279900	SbPHD37	PHD
Os02g0692700	OsPLATZ7	PLATZ
Os04g0591100	OsPLATZ9	PLATZ
Os10g0574700	OsPLATZ14	PLATZ
Os08g0560300	OsPLATZ12	PLATZ
Os02g0172800	OsPLATZ3	PLATZ
Os06g0624900	OsPLATZ10	PLATZ
Os06g0666100	OsPLATZ11	PLATZ
Os01g0517800	OsPLATZ1	PLATZ
Os02g0183000	OsPLATZ4	PLATZ
Os01g0518000	OsPLATZ2	PLATZ
Os09g0116050	OsPLATZ13	PLATZ
Os11g0428700	OsPLATZ15	PLATZ
Os02g0661400	OsPLATZ6	PLATZ
Os05g0480800	OsPLATZ16	PLATZ
Os10g0198100	OsPLATZ17	PLATZ
Os05g0435400	OsPLATZ18	PLATZ
SORBI_3001G288100	SbPLATZ11	PLATZ
SORBI_3001G345600	SbPLATZ12	PLATZ
SORBI_3001G345700	SbPLATZ14	PLATZ
SORBI_3001G345800	SbPLATZ13	PLATZ
SORBI_3004G057700	SbPLATZ1	PLATZ
SORBI_3004G067800	SbPLATZ2	PLATZ
SORBI_3004G076400	SbPLATZ3	PLATZ
SORBI_3004G076600	SbPLATZ4	PLATZ
SORBI_3004G076666	SbPLATZ15	PLATZ
SORBI_3004G275200	SbPLATZ5	PLATZ
SORBI_3004G293300	SbPLATZ6	PLATZ
SORBI_3005G037500	SbPLATZ16	PLATZ
SORBI_3006G197800	SbPLATZ7	PLATZ
SORBI_3007G018550	SbPLATZ17	PLATZ
SORBI_3007G167300	SbPLATZ8	PLATZ
SORBI_3008G064400	SbPLATZ9	PLATZ
SORBI_3008G066600	SbPLATZ18	PLATZ
SORBI_3010G196500	SbPLATZ19	PLATZ
SORBI_3010G220800	SbPLATZ10	PLATZ
Os01g0140700	OsRAV1	RAV
Os01g0141000	OsRAV2	RAV
Os01g0693400	OsRAV3	RAV
Os05g0549800	OsRAV4	RAV
SORBI_3003G078100	SbRAV1	RAV
SORBI_3003G265200	SbRAV2	RAV
SORBI_3009G048202	SbRAV4	RAV
SORBI_3009G221400	SbRAV3	RAV
Os08g0538700	OsRBR1	RBR
Os11g0533500	OsRBR2	RBR
SORBI_3005G138300	SbRB1	RBR
SORBI_3007G187700	SbRB2	RBR
SORBI_3009G010600	SbRB3	RBR
Os04g0613400	OsRcd1L1	Rcd1-like
Os03g0784800	OsRcd1L2	Rcd1-like
Os02g0301700	OsRcd1L3	Rcd1-like
Os02g0296400	OsRcd1L4	Rcd1-like
Os05g0557200	OsRcd1L5	Rcd1-like
Os12g0132200	OsRcd1L6	Rcd1-like
SORBI_3001G067000	SbRcd1L1	Rcd1-like
SORBI_3002G033500	SbRcd1L2	Rcd1-like
SORBI_3002G332801	SbRcd1L3	Rcd1-like
SORBI_3004G275800	SbRcd1L4	Rcd1-like
SORBI_3004G347600	SbRcd1L5	Rcd1-like
SORBI_3006G212900	SbRcd1L6	Rcd1-like
SORBI_3008G016200	SbRcd1L7	Rcd1-like
SORBI_3009G227700	SbRcd1L8	Rcd1-like
SORBI_3010G090500	SbRcd1L9	Rcd1-like
Os04g0408700	OsSF1a1	S1Fa-like
Os04g0408900	OsSF1a2	S1Fa-like
Os11g0249900	OsSF1a3	S1Fa-like
SORBI_3006G066600	SbS1Fa1	S1Fa-like
Os04g0551500	OsSBP7	SBP
Os08g0509600	OsSBP14	SBP
Os07g0505200	OsSBP13	SBP
Os09g0507100	OsSBP18	SBP
Os06g0659100	OsSBP10	SBP
Os06g0703500	OsSBP12	SBP
Os02g0139400	OsSBP3	SBP
Os11g0496600	OsSBP19	SBP
Os03g0833300	OsSBP6	SBP
Os02g0174100	OsSBP4	SBP
Os04g0656500	OsSBP8	SBP
Os08g0531600	OsSBP16	SBP
Os02g0177300	OsSBP5	SBP
Os01g0922600	OsSBP2	SBP
Os01g0292900	OsSBP1	SBP
Os06g0663500	OsSBP11	SBP
Os05g0408200	OsSBP9	SBP
Os09g0491532	OsSBP17	SBP
Os03g0832900	OsSBP20	SBP
SORBI_3001G026200	SbSBP19	SBP
SORBI_3001G026500	SbSBP1	SBP
SORBI_3002G247800	SbSBP2	SBP
SORBI_3002G257900	SbSBP3	SBP
SORBI_3002G312200	SbSBP4	SBP
SORBI_3002G312300	SbSBP20	SBP
SORBI_3003G139900	SbSBP5	SBP
SORBI_3003G406600	SbSBP6	SBP
SORBI_3004G036900	SbSBP7	SBP
SORBI_3004G058900	SbSBP8	SBP
SORBI_3004G062100	SbSBP9	SBP
SORBI_3005G120600	SbSBP10	SBP
SORBI_3006G171000	SbSBP11	SBP
SORBI_3006G247700	SbSBP12	SBP
SORBI_3007G193500	SbSBP13	SBP
SORBI_3007G207000	SbSBP14	SBP
SORBI_3007G210200	SbSBP15	SBP
SORBI_3008G167800	SbSBP21	SBP
SORBI_3009G135000	SbSBP16	SBP
SORBI_3010G215700	SbSBP17	SBP
SORBI_3010G254200	SbSBP18	SBP
Os09g0307800	OsSET1	SET
Os12g0613200	OsSET2	SET
Os04g0429100	OsSET3	SET
Os08g0400200	OsSET4	SET
Os02g0708600	OsSET5	SET
Os02g0554000	OsSET6	SET
Os05g0490700	OsSET7	SET
Os01g0811300	OsSET8	SET
Os04g0544100	OsSET9	SET
Os11g0602200	OsSET10	SET
Os12g0128450	OsSET11	SET
Os11g0131600	OsSET12	SET
Os09g0362900	OsSET13	SET
Os01g0772150	OsSET14	SET
Os01g0927000	OsSET15	SET
Os02g0621100	OsSET16	SET
Os07g0435900	OsSET17	SET
Os08g0565700	OsSET18	SET
Os08g0180100	OsSET19	SET
Os03g0168700	OsSET20	SET
Os10g0410700	OsSET21	SET
Os04g0629100	OsSET22	SET
Os03g0704200	OsSET23	SET
Os02g0725200	OsSET24	SET
Os08g0205300	OsSET25	SET
Os05g0587200	OsSET26	SET
Os10g0506800	OsSET27	SET
Os01g0976450	OsSET28	SET
Os04g0423600	OsSET29	SET
Os09g0411650	OsSET30	SET
Os08g0244400	OsSET31	SET
Os01g0879500	OsSET32	SET
Os02g0733800	OsSET33	SET
Os07g0471100	OsSET34	SET
Os03g0320400	OsSET35	SET
SORBI_3001G122200	SbSET1	SET
SORBI_3001G200200	SbSET2	SET
SORBI_3001G251600	SbSET3	SET
SORBI_3001G491300	SbSET4	SET
SORBI_3002G079100	SbSET5	SET
SORBI_3002G119600	SbSET6	SET
SORBI_3002G164800	SbSET7	SET
SORBI_3002G180900	SbSET8	SET
SORBI_3002G199000	SbSET9	SET
SORBI_3002G293700	SbSET10	SET
SORBI_3002G299100	SbSET11	SET
SORBI_3003G311000	SbSET12	SET
SORBI_3003G330900	SbSET13	SET
SORBI_3003G376500	SbSET14	SET
SORBI_3003G411400	SbSET15	SET
SORBI_3004G176000	SbSET16	SET
SORBI_3004G212000	SbSET17	SET
SORBI_3004G218000	SbSET18	SET
SORBI_3004G247800	SbSET19	SET
SORBI_3004G255500	SbSET20	SET
SORBI_3004G298600	SbSET21	SET
SORBI_3006G013700	SbSET22	SET
SORBI_3006G078600	SbSET23	SET
SORBI_3006G080300	SbSET24	SET
SORBI_3006G165800	SbSET25	SET
SORBI_3006G225400	SbSET26	SET
SORBI_3006G280100	SbSET27	SET
SORBI_3007G062800	SbSET28	SET
SORBI_3007G073900	SbSET29	SET
SORBI_3007G089800	SbSET30	SET
SORBI_3007G121400	SbSET31	SET
SORBI_3007G121700	SbSET32	SET
SORBI_3007G121800	SbSET33	SET
SORBI_3007G142801	SbSET34	SET
SORBI_3007G161600	SbSET35	SET
SORBI_3007G162500	SbSET36	SET
SORBI_3008G018100	SbSET37	SET
SORBI_3008G028700	SbSET38	SET
SORBI_3009G122800	SbSET39	SET
SORBI_3009G179700	SbSET40	SET
SORBI_3009G251000	SbSET41	SET
SORBI_3010G016600	SbSET42	SET
Os09g0531600	OsSRS1	SHI/STY (SRS)
Os01g0954500	OsSRS2	SHI/STY (SRS)
Os06g0712600	OsSRS3	SHI/STY (SRS)
Os05g0386201	OsSRS4	SHI/STY (SRS)
Os08g0547600	OsSRS5	SHI/STY (SRS)
Os11g0282600	OsSRS6	SHI/STY (SRS)
Os08g0129500	OsSRS7	SHI/STY (SRS)
SORBI_3002G274500	SbSRS1	SHI/STY (SRS)
SORBI_3002G275000	SbSRS2	SHI/STY (SRS)
SORBI_3003G429800	SbSRS3	SHI/STY (SRS)
SORBI_3007G027700	SbSRS4	SHI/STY (SRS)
SORBI_3007G052000	SbSRS5	SHI/STY (SRS)
SORBI_3007G179001	SbSRS6	SHI/STY (SRS)
SORBI_3009G122600	SbSRS7	SHI/STY (SRS)
SORBI_3010G261700	SbSRS8	SHI/STY (SRS)
Os05g0150300	OsSNF2_21	SNF2
Os01g0367900	OsSNF2_2	SNF2
Os05g0144300	OsSNF2_20	SNF2
Os06g0255200	OsSNF2_36	SNF2
Os02g0689800	OsSNF2_37	SNF2
Os09g0442700	OsSNF2_34	SNF2
Os03g0722400	OsSNF2_14	SNF2
Os02g0114000	OsSNF2_7	SNF2
Os01g0102800	OsSNF2_1	SNF2
Os01g0952200	OsSNF2_5	SNF2
Os04g0177300	OsSNF2_15	SNF2
Os03g0352500	OsSNF2_13	SNF2
Os02g0527100	OsSNF2_9	SNF2
Os08g0180300	OsSNF2_32	SNF2
Os07g0642400	OsSNF2_29	SNF2
Os02g0762800	OsSNF2_11	SNF2
Os01g0779400	OsSNF2_4	SNF2
Os05g0247900	OsSNF2_22	SNF2
Os04g0566100	OsSNF2_16	SNF2
Os03g0101700	OsSNF2_12	SNF2
Os04g0692750	OsSNF2_19	SNF2
Os04g0692700	OsSNF2_18	SNF2
Os01g0636700	OsSNF2_3	SNF2
Os10g0457700	OsSNF2_35	SNF2
Os07g0511500	OsSNF2_38	SNF2
Os07g0636200	OsSNF228	SNF2
Os04g0629300	OsSNF217	SNF2
Os06g0255700	OsSNF225	SNF2
Os07g0434500	OsSNF226	SNF2
Os03g0165266	OsSNF2_39	SNF2
Os07g0692600	OsSNF2_40	SNF2
Os02g0650800	OsSNF210	SNF2
Os07g0598300	OsSNF227	SNF2
Os05g0392400	OsSNF223	SNF2
Os08g0243866	OsSNF2_41	SNF2
Os08g0289400	OsSNF2_42	SNF2
Os10g0565700	OsSNF2_43	SNF2
Os01g0691600	OsSNF2_44	SNF2
Os10g0483000	OsSNF2_45	SNF2
Os04g0509300	OsSNF2_46	SNF2
Os03g0109600	OsSNF2_47	SNF2
Os02g0775400	OsSNF2_48	SNF2
Os03g0851000	OsSNF2_49	SNF2
SORBI_3001G011200	SbSNF2.1	SNF2
SORBI_3001G109700	SbSNF2.2	SNF2
SORBI_3001G191500	SbSNF2.3	SNF2
SORBI_3001G216200	SbSNF2.4	SNF2
SORBI_3001G230000	SbSNF2.5	SNF2
SORBI_3001G370900	SbSNF2.6	SNF2
SORBI_3001G494100	SbSNF2.7	SNF2
SORBI_3001G527800	SbSNF2.8	SNF2
SORBI_3001G537200	SbSNF2.9	SNF2
SORBI_3001G543100	SbSNF2.10	SNF2
SORBI_3002G021200	SbSNF2.11	SNF2
SORBI_3002G315100	SbSNF2.12	SNF2
SORBI_3002G363700	SbSNF2.13	SNF2
SORBI_3002G389800	SbSNF2.14	SNF2
SORBI_3002G394200	SbSNF2.15	SNF2
SORBI_3002G404700	SbSNF2.16	SNF2
SORBI_3002G428700	SbSNF2.17	SNF2
SORBI_3003G107500	SbSNF2.18	SNF2
SORBI_3003G163200	SbSNF2.19	SNF2
SORBI_3003G264100	SbSNF2.20	SNF2
SORBI_3003G316500	SbSNF2.21	SNF2
SORBI_3003G396700	SbSNF2.22	SNF2
SORBI_3003G428000	SbSNF2.23	SNF2
SORBI_3003G442700	SbSNF2.24	SNF2
SORBI_3004G007133	SbSNF2.25	SNF2
SORBI_3004G007900	SbSNF2.26	SNF2
SORBI_3004G009600	SbSNF2.27	SNF2
SORBI_3004G163000	SbSNF2.28	SNF2
SORBI_3004G276400	SbSNF2.29	SNF2
SORBI_3004G299200	SbSNF2.30	SNF2
SORBI_3004G307900	SbSNF2.31	SNF2
SORBI_3006G029300	SbSNF2.32	SNF2
SORBI_3006G180700	SbSNF2.33	SNF2
SORBI_3006G183100	SbSNF2.34	SNF2
SORBI_3006G225700	SbSNF2.35	SNF2
SORBI_3006G225750	SbSNF2.36	SNF2
SORBI_3006G225900	SbSNF2.37	SNF2
SORBI_3006G281400	SbSNF2.38	SNF2
SORBI_3007G034200	SbSNF2.39	SNF2
SORBI_3007G063000	SbSNF2.40	SNF2
SORBI_3009G040600	SbSNF2.41	SNF2
SORBI_3009G126700	SbSNF2.42	SNF2
SORBI_3009G256400	SbSNF2.43	SNF2
SORBI_3010G105200	SbSNF2.44	SNF2
Os03g0764450	OsBAF60_1	SWI/SNF-BAF60
Os08g0502800	OsBAF60_2	SWI/SNF-BAF60
Os04g0665500	OsBAF60_3	SWI/SNF-BAF60
Os03g0761000	OsBAF60_4	SWI/SNF-BAF60
Os02g0130000	OsBAF60_5	SWI/SNF-BAF60
Os04g0382100	OsBAF60_6	SWI/SNF-BAF60
Os09g0133000	OsBAF60_7	SWI/SNF-BAF60
Os03g0112600	OsBAF60_8	SWI/SNF-BAF60
Os09g0530500	OsBAF60_9	SWI/SNF-BAF60
Os10g0511800	OsBAF60_10	SWI/SNF-BAF60
Os05g0420800	OsBAF60_11	SWI/SNF-BAF60
Os12g0507500	OsBAF60_12	SWI/SNF-BAF60
Os01g0884500	OsBAF60_13	SWI/SNF-BAF60
Os10g0463400	OsBAF60_14	SWI/SNF-BAF60
SORBI_3001G079100	SbBAF60.1	SWI/SNF-BAF60
SORBI_3001G081700	SbBAF60.2	SWI/SNF-BAF60
SORBI_3002G394800	SbBAF60.3	SWI/SNF-BAF60
SORBI_3003G293200	SbBAF60.4	SWI/SNF-BAF60
SORBI_3003G379900	SbBAF60.5	SWI/SNF-BAF60
SORBI_3004G028400	SbBAF60.6	SWI/SNF-BAF60
SORBI_3004G178200	SbBAF60.7	SWI/SNF-BAF60
SORBI_3006G076601	SbBAF60.8	SWI/SNF-BAF60
SORBI_3006G256100	SbBAF60.9	SWI/SNF-BAF60
SORBI_3007G213600	SbBAF60.10	SWI/SNF-BAF60
SORBI_3008G107800	SbBAF60.11	SWI/SNF-BAF60
SORBI_3009G142000	SbBAF60.12	SWI/SNF-BAF60
Os04g0110300	OsSWI3_1	SWI/SNF-SWI3
Os10g0532100	OsSWI3_2	SWI/SNF-SWI3
Os04g0560300	OsSWI3_3	SWI/SNF-SWI3
Os08g0143400	OsSWI3_4	SWI/SNF-SWI3
Os02g0755200	OsSWI3_5	SWI/SNF-SWI3
Os12g0490100	OsSWI3_6	SWI/SNF-SWI3
SORBI_3004G231200	SbSWI3.1	SWI/SNF-SWI3
SORBI_3006G177200	SbSWI3.2	SWI/SNF-SWI3
SORBI_3007G036700	SbSWI3.3	SWI/SNF-SWI3
Os08g0242800	OsSIG6	Sigma70-like
Os11g0448400	OsSIG1	Sigma70-like
Os03g0271100	OsSIG2	Sigma70-like
Os08g0163400	OsSIG3	Sigma70-like
Os05g0586600	OsSIG4	Sigma70-like
SORBI_3001G003200	SbSIG1	Sigma70-like
SORBI_3001G423400	SbSIG2	Sigma70-like
SORBI_3005G110481	SbSIG3	Sigma70-like
SORBI_3007G053800	SbSIG4	Sigma70-like
SORBI_3009G250400	SbSIG5	Sigma70-like
SORBI_3009G253000	SbSIG6	Sigma70-like
Os01g0893400	OsTAZ1	TAZ
Os01g0908200	OsTAZ2	TAZ
Os04g0482300	OsTAZ3	TAZ
SORBI_3003G385100	SbTAZ1	TAZ
SORBI_3003G395400	SbTAZ2	TAZ
SORBI_3004G203200	SbTAZ3	TAZ
SORBI_3006G124000	SbTAZ4	TAZ
Os03g0706500	OsTCP7	TCP
Os07g0152000	OsTCP14	TCP
Os02g0747400	OsTCP5	TCP
Os06g0226700	OsTCP12	TCP
Os08g0432300	OsTCP15	TCP
Os09g0410500	OsTCP17	TCP
Os03g0785800	OsTCP8	TCP
Os12g0173300	OsTCP22	TCP
Os11g0175700	OsTCP20	TCP
Os01g0213800	OsTCP1	TCP
Os12g0616400	OsTCP23	TCP
Os02g0828566	OsTCP24	TCP
Os01g0924400	OsTCP3	TCP
Os02g0635800	OsTCP4	TCP
Os08g0544800	OsTCP16	TCP
Os04g0526000	OsTCP10	TCP
Os01g0763200	OsTCP2	TCP
Os05g0513100	OsTCP11	TCP
Os04g0194600	OsTCP9	TCP
Os03g0422702	OsTCP25	TCP
Os09g0521300	OsTCP18	TCP
Os04g0542302	OsTCP26	TCP
Os02g0641100	OsTCP27	TCP
SORBI_3001G066100	SbTCP1	TCP
SORBI_3001G121600	SbTCP2	TCP
SORBI_3002G035500	SbTCP3	TCP
SORBI_3002G141450	SbTCP4	TCP
SORBI_3002G198400	SbTCP5	TCP
SORBI_3002G268600	SbTCP6	TCP
SORBI_3003G018700	SbTCP7	TCP
SORBI_3003G305000	SbTCP12	TCP
SORBI_3003G408400	SbTCP13	TCP
SORBI_3004G225400	SbTCP14	TCP
SORBI_3004G237300	SbTCP15	TCP
SORBI_3004G354700	SbTCP16	TCP
SORBI_3005G059001	SbTCP17	TCP
SORBI_3006G025000	SbTCP18	TCP
SORBI_3006G154000	SbTCP20	TCP
SORBI_3007G135700	SbTCP21	TCP
SORBI_3008G054325	SbTCP22	TCP
SORBI_3008G172200	SbTCP25	TCP
SORBI_3009G195000	SbTCP27	TCP
SORBI_3010G092100	SbTCP28	TCP
Os11g0630700	OsTRAF1	TRAF
Os05g0345500	OsTRAF2	TRAF
Os06g0318200	OsTRAF3	TRAF
Os05g0398100	OsTRAF4	TRAF
Os08g0495500	OsTRAF5	TRAF
Os08g0523850	OsTRAF6	TRAF
Os08g0516200	OsTRAF7	TRAF
Os08g0523100	OsTRAF8	TRAF
Os11g0619800	OsTRAF9	TRAF
Os08g0103600	OsTRAF10	TRAF
Os10g0439333	OsTRAF11	TRAF
Os09g0338200	OsTRAF12	TRAF
Os04g0625400	OsTRAF13	TRAF
Os03g0686050	OsTRAF14	TRAF
Os11g0111900	OsTRAF15	TRAF
Os10g0429651	OsTRAF16	TRAF
Os12g0111500	OsTRAF17	TRAF
Os02g0760600	OsTRAF18	TRAF
Os06g0674800	OsTRAF19	TRAF
Os12g0138500	OsTRAF20	TRAF
Os11g0141900	OsTRAF21	TRAF
Os01g0948900	OsTRAF22	TRAF
Os01g0767900	OsTRAF23	TRAF
Os07g0123500	OsTRAF24	TRAF
Os10g0429200	OsTRAF25	TRAF
Os03g0667100	OsTRAF26	TRAF
Os01g0194300	OsTRAF27	TRAF
Os11g0585900	OsTRAF28	TRAF
Os02g0596700	OsTRAF29	TRAF
Os04g0579700	OsTRAF30	TRAF
Os06g0129200	OsTRAF31	TRAF
Os07g0668800	OsTRAF32	TRAF
Os03g0769400	OsTRAF33	TRAF
Os07g0178100	OsTRAF34	TRAF
Os09g0539500	OsTRAF35	TRAF
Os09g0412050	OsTRAF36	TRAF
SORBI_3001G076400	SbTRAF1	TRAF
SORBI_3001G143000	SbTRAF2	TRAF
SORBI_3001G211700	SbTRAF3	TRAF
SORBI_3001G241700	SbTRAF4	TRAF
SORBI_3001G246001	SbTRAF5	TRAF
SORBI_3001G246300	SbTRAF6	TRAF
SORBI_3001G247000	SbTRAF7	TRAF
SORBI_3001G405100	SbTRAF8	TRAF
SORBI_3002G020600	SbTRAF9	TRAF
SORBI_3002G027901	SbTRAF10	TRAF
SORBI_3002G294900	SbTRAF11	TRAF
SORBI_3002G344900	SbTRAF12	TRAF
SORBI_3003G032000	SbTRAF13	TRAF
SORBI_3003G167875	SbTRAF14	TRAF
SORBI_3003G308700	SbTRAF15	TRAF
SORBI_3003G424950	SbTRAF16	TRAF
SORBI_3004G001400	SbTRAF17	TRAF
SORBI_3004G187400	SbTRAF18	TRAF
SORBI_3005G010100	SbTRAF19	TRAF
SORBI_3005G029700	SbTRAF20	TRAF
SORBI_3005G167300	SbTRAF21	TRAF
SORBI_3005G189400	SbTRAF22	TRAF
SORBI_3005G190000	SbTRAF23	TRAF
SORBI_3005G191000	SbTRAF24	TRAF
SORBI_3005G212300	SbTRAF25	TRAF
SORBI_3006G188800	SbTRAF26	TRAF
SORBI_3006G249800	SbTRAF27	TRAF
SORBI_3006G249900	SbTRAF28	TRAF
SORBI_3007G002900	SbTRAF29	TRAF
SORBI_3007G027500	SbTRAF30	TRAF
SORBI_3007G037800	SbTRAF31	TRAF
SORBI_3007G080200	SbTRAF32	TRAF
SORBI_3007G080300	SbTRAF33	TRAF
SORBI_3007G080600	SbTRAF34	TRAF
SORBI_3007G081200	SbTRAF35	TRAF
SORBI_3007G081600	SbTRAF36	TRAF
SORBI_3007G081701	SbTRAF37	TRAF
SORBI_3007G081900	SbTRAF38	TRAF
SORBI_3007G082500	SbTRAF39	TRAF
SORBI_3007G083400	SbTRAF40	TRAF
SORBI_3007G139100	SbTRAF41	TRAF
SORBI_3007G198800	SbTRAF42	TRAF
SORBI_3007G199200	SbTRAF43	TRAF
SORBI_3007G206550	SbTRAF44	TRAF
SORBI_3007G220000	SbTRAF45	TRAF
SORBI_3008G012600	SbTRAF46	TRAF
SORBI_3008G105000	SbTRAF47	TRAF
SORBI_3009G129600	SbTRAF48	TRAF
SORBI_3010G018700	SbTRAF49	TRAF
SORBI_3010G103400	SbTRAF50	TRAF
SORBI_3010G222200	SbTRAF51	TRAF
SORBI_3010G222501	SbTRAF52	TRAF
SORBI_3010G227100	SbTRAF53	TRAF
Os05g0437900	OsTUB8	TUB
Os03g0351400	OsTUB6	TUB
Os07g0667000	OsTUB11	TUB
Os12g0163400	OsTUB14	TUB
Os08g0103300	OsTUB12	TUB
Os04g0687900	OsTUB7	TUB
Os01g0866800	OsTUB3	TUB
Os02g0705300	OsTUB5	TUB
Os01g0674500	OsTUB1	TUB
Os05g0514300	OsTUB9	TUB
Os05g0560400	OsTUB10	TUB
Os01g0759100	OsTUB2	TUB
Os02g0179400	OsTUB4	TUB
Os03g0348500	OsTUB15	TUB
Os10g0550750	OsTUB16	TUB
Os03g0267600	OsTUB17	TUB
Os01g0265900	OsTUB18	TUB
SORBI_3001G304800	SbTUB14	TUB
SORBI_3001G372000	SbTUB1	TUB
SORBI_3001G540700	SbTUB15	TUB
SORBI_3002G408300	SbTUB2	TUB
SORBI_3003G253800	SbTUB3	TUB
SORBI_3003G368000	SbTUB4	TUB
SORBI_3004G064700	SbTUB5	TUB
SORBI_3004G267600	SbTUB6	TUB
SORBI_3005G047300	SbTUB7	TUB
SORBI_3006G277200	SbTUB8	TUB
SORBI_3007G002500	SbTUB9	TUB
SORBI_3008G047400	SbTUB10	TUB
SORBI_3009G152200	SbTUB11	TUB
SORBI_3009G195900	SbTUB12	TUB
SORBI_3009G230500	SbTUB13	TUB
Os04g0541100	OsTHX13	Trihelix
Os02g0648300	OsTHX7	Trihelix
Os05g0560600	OsTHX16	Trihelix
Os04g0486400	OsTHX12	Trihelix
Os04g0445600	OsTHX11	Trihelix
Os01g0674000	OsTHX1	Trihelix
Os02g0104500	OsTHX4	Trihelix
Os02g0565000	OsTHX6	Trihelix
Os02g0539600	OsTHX5	Trihelix
Os05g0128000	OsTHX15	Trihelix
Os10g0564200	OsTHX20	Trihelix
Os01g0718900	OsTHX2	Trihelix
Os08g0484700	OsTHX17	Trihelix
Os09g0558200	OsTHX21	Trihelix
Os02g0542400	OsTHX22	Trihelix
Os11g0163500	OsTHX23	Trihelix
Os06g0258500	OsTHX24	Trihelix
Os12g0163500	OsTHX25	Trihelix
Os02g0516800	OsTHX26	Trihelix
Os01g0210200	OsTHX27	Trihelix
Os03g0666300	OsTHX28	Trihelix
Os03g0309600	OsTHX29	Trihelix
Os01g0373400	OsTHX30	Trihelix
Os04g0286500	OsTHX31	Trihelix
Os11g0599400	OsTHX32	Trihelix
Os02g0174300	OsTHX33	Trihelix
Os08g0561000	OsTHX34	Trihelix
Os06g0250760	OsTHX35	Trihelix
Os08g0225900	OsTHX36	Trihelix
Os02g0181400	OsTHX37	Trihelix
Os04g0377932	OsTHX38	Trihelix
Os09g0241700	OsTHX39	Trihelix
SORBI_3006G163600	SbTHX15	Trihelix
SORBI_3004G300500	SbTHX11	Trihelix
SORBI_3001G194600	SbTHX1	Trihelix
SORBI_3001G534300	SbTHX4	Trihelix
SORBI_3009G230700	SbTHX19	Trihelix
SORBI_3006G126600	SbTHX14	Trihelix
SORBI_3003G253500	SbTHX5	Trihelix
SORBI_3004G003700	SbTHX7	Trihelix
SORBI_3006G094500	SbTHX13	Trihelix
SORBI_3004G184400	SbTHX10	Trihelix
SORBI_3004G070200	SbTHX8	Trihelix
SORBI_3009G028300	SbTHX18	Trihelix
SORBI_3006G204300	SbTHX16	Trihelix
SORBI_3001G294700	SbTHX2	Trihelix
SORBI_3006G065800	SbTHX12	Trihelix
SORBI_3007G225600	SbTHX17	Trihelix
SORBI_3001G405200	SbTHX3	Trihelix
SORBI_3003G278300	SbTHX20	Trihelix
SORBI_3001G405150	SbTHX21	Trihelix
SORBI_3002G294700	SbTHX22	Trihelix
SORBI_3003G150400	SbTHX23	Trihelix
SORBI_3003G411500	SbTHX24	Trihelix
SORBI_3004G170700	SbTHX25	Trihelix
SORBI_3004G158300	SbTHX26	Trihelix
SORBI_3005G047200	SbTHX27	Trihelix
SORBI_3006G058400	SbTHX28	Trihelix
SORBI_3001G143400	SbTHX29	Trihelix
SORBI_3008G047300	SbTHX30	Trihelix
SORBI_3002G012100	SbTHX31	Trihelix
SORBI_3003G023902	SbTHX32	Trihelix
SORBI_3004G059100	SbTHX33	Trihelix
SORBI_3006G261200	SbTHX34	Trihelix
SORBI_3003G278300	SbTHX6	Trihelix
Os01g0780800	OsULT1	Ultrapetala
Os05g0502700	OsULT2	Ultrapetala
SORBI_3003G317100	SbULT1	Ultrapetala
Os01g0753000	OsVOZ1	VOZ
Os05g0515700	OsVOZ2	VOZ
SORBI_3003G298100	SbVOZ2	VOZ
SORBI_3008G164800	SbVOZ3	VOZ
SORBI_3009G198100	SbVOZ1	VOZ
SORBI_3002G290900	SbVOZ4	VOZ
Os02g0158400	OsWHIRLY2	WHIRLY
Os06g0145800	OsWHIRLY1	WHIRLY
SORBI_3004G047500	SbWHIRLY1	WHIRLY
SORBI_3010G035200	SbWHIRLY2	WHIRLY
Os05g0343400	OsWRKY53	WRKY
Os05g0474800	OsWRKY54	WRKY
Os07g0583700	OsWRKY71	WRKY
Os03g0444900	OsWRKY33	WRKY
Os12g0507300	OsWRKY103	WRKY
Os01g0826400	OsWRKY21	WRKY
Os08g0276200	OsWRKY78	WRKY
Os08g0499300	OsWRKY80	WRKY
Os07g0596900	OsWRKY72	WRKY
Os04g0471700	OsWRKY43	WRKY
Os03g0758950	OsWRKY105	WRKY
Os11g0686250	OsWRKY96	WRKY
Os11g0685700	OsWRKY95	WRKY
Os11g0490900	OsWRKY94	WRKY
Os07g0111400	OsWRKY69	WRKY
Os05g0583000	OsWRKY63	WRKY
Os03g0758000	OsWRKY37	WRKY
Os12g0597700	OsWRKY104	WRKY
Os05g0565900	OsWRKY60	WRKY
Os03g0798500	OsWRKY39	WRKY
Os01g0734000	OsWRKY14	WRKY
Os03g0741400	OsWRKY36	WRKY
Os04g0605100	OsWRKY46	WRKY
Os02g0265200	OsWRKY26	WRKY
Os04g0287400	OsWRKY42	WRKY
Os01g0730700	OsWRKY13	WRKY
Os06g0158100	OsWRKY66	WRKY
Os04g0597300	OsWRKY45	WRKY
Os03g0855100	OsWRKY40	WRKY
Os02g0698800	OsWRKY29	WRKY
Os01g0626400	OsWRKY11	WRKY
Os08g0235800	OsWRKY77	WRKY
Os05g0537100	OsWRKY59	WRKY
Os10g0579400	OsWRKY88	WRKY
Os01g0972800	OsWRKY24	WRKY
Os09g0481700	OsWRKY85	WRKY
Os06g0146250	OsWRKY65	WRKY
Os08g0386200	OsWRKY79	WRKY
Os01g0182700	OsWRKY1	WRKY
Os02g0770500	OsWRKY30	WRKY
Os05g0478400	OsWRKY55	WRKY
Os04g0545000	OsWRKY44	WRKY
Os02g0462800	OsWRKY27	WRKY
Os01g0584900	OsWRKY6	WRKY
Os09g0334500	OsWRKY82	WRKY
Os01g0185900	OsWRKY2	WRKY
Os05g0137500	OsWRKY48	WRKY
Os01g0289600	OsWRKY5	WRKY
Os05g0321900	OsWRKY51	WRKY
Os01g0656400	OsWRKY10	WRKY
Os06g0649000	OsWRKY68	WRKY
Os01g0714800	OsWRKY12	WRKY
Os05g0571200	OsWRKY62	WRKY
Os09g0417600	OsWRKY83	WRKY
Os01g0586800	OsWRKY7	WRKY
Os01g0186000	OsWRKY3	WRKY
Os12g0116100	OsWRKY98	WRKY
Os05g0183100	OsWRKY49	WRKY
Os01g0820400	OsWRKY16	WRKY
Os07g0460900	OsWRKY70	WRKY
Os09g0417800	OsWRKY84	WRKY
Os11g0116900	OsWRKY90	WRKY
Os12g0116400	OsWRKY99	WRKY
Os03g0335200	OsWRKY32	WRKY
Os01g0750100	OsWRKY15	WRKY
Os01g0624700	OsWRKY8	WRKY
Os07g0680400	OsWRKY73	WRKY
Os06g0504900	OsWRKY67	WRKY
Os05g0322900	OsWRKY52	WRKY
Os01g0820700	OsWRKY17	WRKY
Os03g0321700	OsWRKY31	WRKY
Os05g0478800	OsWRKY57	WRKY
Os01g0821300	OsWRKY19	WRKY
Os12g0116800	OsWRKY102	WRKY
Os11g0117600	OsWRKY93	WRKY
Os01g0821600	OsWRKY20	WRKY
Os12g0116600	OsWRKY100	WRKY
Os11g0117400	OsWRKY91	WRKY
Os03g0657400	OsWRKY35	WRKY
Os05g0129800	OsWRKY47	WRKY
Os05g0478700	OsWRKY56	WRKY
Os11g0117500	OsWRKY92	WRKY
Os12g0116700	OsWRKY101	WRKY
Os08g0198100	OsWRKY75	WRKY
Os01g0842801	OsWRKY23	WRKY
Os02g0652100	OsWRKY28	WRKY
Os05g0567200	OsWRKY61	WRKY
Os01g0595300	OsWRKY106	WRKY
Os03g0266100	OsWRKY107	WRKY
SORBI_3004G065900	SbWRKY46	WRKY
SORBI_3001G006600	SbWRKY1	WRKY
SORBI_3001G083000	SbWRKY3	WRKY
SORBI_3001G084000	SbWRKY4	WRKY
SORBI_3001G095500	SbWRKY5	WRKY
SORBI_3001G148000	SbWRKY6	WRKY
SORBI_3001G162100	SbWRKY7	WRKY
SORBI_3001G282400	SbWRKY8	WRKY
SORBI_3001G332500	SbWRKY9	WRKY
SORBI_3001G381300	SbWRKY10	WRKY
SORBI_3001G389000	SbWRKY11	WRKY
SORBI_3002G008600	SbWRKY12	WRKY
SORBI_3002G104400	SbWRKY13	WRKY
SORBI_3002G128400	SbWRKY14	WRKY
SORBI_3002G174200	SbWRKY16	WRKY
SORBI_3002G174300	SbWRKY17	WRKY
SORBI_3002G202700	SbWRKY18	WRKY
SORBI_3002G202800	SbWRKY19	WRKY
SORBI_3002G242500	SbWRKY20	WRKY
SORBI_3002G418500	SbWRKY22	WRKY
SORBI_3003G000600	SbWRKY23	WRKY
SORBI_3003G037400	SbWRKY24	WRKY
SORBI_3003G037500	SbWRKY25	WRKY
SORBI_3003G040800	SbWRKY26	WRKY
SORBI_3003G138400	SbWRKY27	WRKY
SORBI_3003G199400	SbWRKY28	WRKY
SORBI_3003G200700	SbWRKY29	WRKY
SORBI_3003G226600	SbWRKY30	WRKY
SORBI_3003G227300	SbWRKY31	WRKY
SORBI_3003G242800	SbWRKY32	WRKY
SORBI_3003G248400	SbWRKY33	WRKY
SORBI_3003G285500	SbWRKY35	WRKY
SORBI_3003G287200	SbWRKY36	WRKY
SORBI_3003G296300	SbWRKY37	WRKY
SORBI_3003G337500	SbWRKY38	WRKY
SORBI_3003G337600	SbWRKY39	WRKY
SORBI_3003G337700	SbWRKY40	WRKY
SORBI_3003G337800	SbWRKY41	WRKY
SORBI_3003G337900	SbWRKY42	WRKY
SORBI_3003G341100	SbWRKY43	WRKY
SORBI_3003G353000	SbWRKY44	WRKY
SORBI_3003G444000	SbWRKY45	WRKY
SORBI_3004G117600	SbWRKY47	WRKY
SORBI_3004G138400	SbWRKY48	WRKY
SORBI_3004G271800	SbWRKY49	WRKY
SORBI_3004G298400	SbWRKY50	WRKY
SORBI_3004G312200	SbWRKY51	WRKY
SORBI_3005G013400	SbWRKY95	WRKY
SORBI_3005G013500	SbWRKY52	WRKY
SORBI_3005G013600	SbWRKY53	WRKY
SORBI_3005G013800	SbWRKY54	WRKY
SORBI_3005G014000	SbWRKY55	WRKY
SORBI_3005G014200	SbWRKY57	WRKY
SORBI_3005G117400	SbWRKY58	WRKY
SORBI_3006G051700	SbWRKY59	WRKY
SORBI_3006G115700	SbWRKY96	WRKY
SORBI_3006G166300	SbWRKY61	WRKY
SORBI_3006G201000	SbWRKY62	WRKY
SORBI_3006G206000	SbWRKY63	WRKY
SORBI_3007G077466	SbWRKY97	WRKY
SORBI_3007G085300	SbWRKY66	WRKY
SORBI_3007G111600	SbWRKY67	WRKY
SORBI_3007G118301	SbWRKY68	WRKY
SORBI_3007G217700	SbWRKY69	WRKY
SORBI_3008G028600	SbWRKY70	WRKY
SORBI_3008G028800	SbWRKY71	WRKY
SORBI_3008G029000	SbWRKY72	WRKY
SORBI_3008G029200	SbWRKY73	WRKY
SORBI_3008G029400	SbWRKY74	WRKY
SORBI_3008G060300	SbWRKY75	WRKY
SORBI_3008G107500	SbWRKY76	WRKY
SORBI_3008G153600	SbWRKY77	WRKY
SORBI_3008G174100	SbWRKY98	WRKY
SORBI_3009G034800	SbWRKY99	WRKY
SORBI_3009G068900	SbWRKY78	WRKY
SORBI_3009G092100	SbWRKY79	WRKY
SORBI_3009G100500	SbWRKY80	WRKY
SORBI_3009G171600	SbWRKY81	WRKY
SORBI_3009G174300	SbWRKY82	WRKY
SORBI_3009G206800	SbWRKY83	WRKY
SORBI_3009G234100	SbWRKY85	WRKY
SORBI_3009G234900	SbWRKY86	WRKY
SORBI_3009G238200	SbWRKY87	WRKY
SORBI_3009G247300	SbWRKY88	WRKY
SORBI_3009G247700	SbWRKY89	WRKY
SORBI_3010G035300	SbWRKY100	WRKY
SORBI_3010G045700	SbWRKY90	WRKY
SORBI_3010G148600	SbWRKY91	WRKY
SORBI_3010G148800	SbWRKY92	WRKY
SORBI_3010G209100	SbWRKY93	WRKY
SORBI_3010G209200	SbWRKY94	WRKY
Os11g0128300	OsZHD12	ZF-HD
Os12g0124500	OsZHD14	ZF-HD
Os08g0479400	OsZHD8	ZF-HD
Os11g0243300	OsZHD13	ZF-HD
Os09g0466400	OsZHD11	ZF-HD
Os08g0438100	OsZHD16	ZF-HD
Os08g0438400	OsZHD7	ZF-HD
Os09g0414600	OsZHD10	ZF-HD
Os02g0706600	OsZHD2	ZF-HD
Os05g0579300	OsZHD5	ZF-HD
Os01g0635550	OsZHD1	ZF-HD
Os09g0414500	OsZHD9	ZF-HD
Os04g0434500	OsZHD4	ZF-HD
Os03g0718500	OsZHD3	ZF-HD
Os06g0337200	OsZHD6	ZF-HD
Os12g0263000	OsZHD17	ZF-HD
SORBI_3002G201100	SbZHD16	ZF-HD
SORBI_3001G112500	SbZHD1	ZF-HD
SORBI_3002G201400	SbZHD2	ZF-HD
SORBI_3002G231100	SbZHD3	ZF-HD
SORBI_3004G266800	SbZHD6	ZF-HD
SORBI_3005G019800	SbZHD7	ZF-HD
SORBI_3005G086700	SbZHD8	ZF-HD
SORBI_3006G084202	SbZHD9	ZF-HD
SORBI_3007G139000	SbZHD10	ZF-HD
SORBI_3007G139200	SbZHD11	ZF-HD
SORBI_3007G160400	SbZHD12	ZF-HD
SORBI_3008G020700	SbZHD13	ZF-HD
SORBI_3008G073200	SbZHD14	ZF-HD
SORBI_3009G244200	SbZHD15	ZF-HD
Os04g0653000	OsZIM5	ZIM
Os03g0402800	OsZIM11	ZIM
Os07g0615200	OsZIM12	ZIM
Os03g0180900	OsZIM16	ZIM
Os03g0181100	OsZIM15	ZIM
Os09g0401300	OsZIM8	ZIM
Os02g0148500	OsZIM3	ZIM
Os03g0684000	OsZIM1	ZIM
Os06g0698900	OsZIM4	ZIM
Os10g0392400	OsZIM17	ZIM
Os08g0428400	OsZIM7	ZIM
Os10g0391400	OsZIM18	ZIM
Os04g0395800	OsZIM10	ZIM
Os09g0439200	OsZIM13	ZIM
Os10g0391801	OsZIM19	ZIM
Os03g0180800	OsZIM14	ZIM
Os07g0153000	OsZIM6	ZIM
Os02g0732400	OsZIM9	ZIM
Os03g0396500	OsZIM20	ZIM
SORBI_3001G259300	SbZIM12	ZIM
SORBI_3001G135400	SbZIM1	ZIM
SORBI_3010G249200	SbZIM3	ZIM
SORBI_3001G100100	SbZIM2	ZIM
SORBI_3001G259400	SbZIM13	ZIM
SORBI_3001G259600	SbZIM14	ZIM
SORBI_3001G259700	SbZIM15	ZIM
SORBI_3001G259900	SbZIM16	ZIM
SORBI_3001G276900	SbZIM17	ZIM
SORBI_3001G343900	SbZIM8	ZIM
SORBI_3001G482600	SbZIM20	ZIM
SORBI_3001G482700	SbZIM19	ZIM
SORBI_3001G482800	SbZIM11	ZIM
SORBI_3002G036100	SbZIM5	ZIM
SORBI_3002G036151	SbZIM21	ZIM
SORBI_3002G196200	SbZIM7	ZIM
SORBI_3002G214800	SbZIM18	ZIM
SORBI_3002G374100	SbZIM10	ZIM
SORBI_3003G410300	SbZIM9	ZIM
SORBI_3004G042501	SbZIM22	ZIM
SORBI_3006G056400	SbZIM23	ZIM
SORBI_3006G244800	SbZIM4	ZIM
SORBI_3007G132700	SbZIM6	ZIM
Os01g0105700	OsbHLH150	bHLH
Os01g0108400	OsbHLH1	bHLH
Os01g0108600	OsbHLH2	bHLH
Os01g0111500	OsbHLH3	bHLH
Os01g0159800	OsbHLH4	bHLH
Os01g0195801	OsbHLH5	bHLH
Os01g0196300	OsbHLH7	bHLH
Os01g0218100	OsbHLH8	bHLH
Os01g0230200	OsbHLH151	bHLH
Os01g0235700	OsbHLH9	bHLH
Os01g0286100	OsbHLH10	bHLH
Os01g0293100	OsbHLH11	bHLH
Os01g0518300	OsbHLH152	bHLH
Os01g0566800	OsbHLH13	bHLH
Os01g0575200	OsbHLH14	bHLH
Os01g0576100	OsbHLH15	bHLH
Os01g0577300	OsbHLH16	bHLH
Os01g0626900	OsbHLH153	bHLH
Os01g0705700	OsbHLH17	bHLH
Os01g0707500	OsbHLH154	bHLH
Os01g0773800	OsbHLH19	bHLH
Os01g0784900	OsbHLH155	bHLH
Os01g0831000	OsbHLH21	bHLH
Os01g0865600	OsbHLH156	bHLH
Os01g0900800	OsbHLH22	bHLH
Os01g0915600	OsbHLH23	bHLH
Os01g0928000	OsbHLH24	bHLH
Os01g0952800	OsbHLH25	bHLH
Os02g0116600	OsbHLH26	bHLH
Os02g0120500	OsbHLH27	bHLH
Os02g0221100	OsbHLH28	bHLH
Os02g0257500	OsbHLH30	bHLH
Os02g0276900	OsbHLH157	bHLH
Os02g0433600	OsbHLH31	bHLH
Os02g0548100	OsbHLH33	bHLH
Os02g0564700	OsbHLH34	bHLH
Os02g0671300	OsbHLH158	bHLH
Os02g0673500	OsbHLH159	bHLH
Os02g0691500	OsbHLH36	bHLH
Os02g0705500	OsbHLH37	bHLH
Os02g0710300	OsbHLH38	bHLH
Os02g0726700	OsbHLH39	bHLH
Os02g0747900	OsbHLH40	bHLH
Os02g0759000	OsbHLH41	bHLH
Os02g0805250	OsbHLH43	bHLH
Os03g0122100	OsbHLH44	bHLH
Os03g0135700	OsbHLH45	bHLH
Os03g0171300	OsbHLH160	bHLH
Os03g0171700	OsbHLH46	bHLH
Os03g0188400	OsbHLH47	bHLH
Os03g0205300	OsbHLH48	bHLH
Os03g0229100	OsbHLH49	bHLH
Os03g0231950	OsbHLH50	bHLH
Os03g0260600	OsbHLH51	bHLH
Os03g0279500	OsbHLH161	bHLH
Os03g0338400	OsbHLH162	bHLH
Os03g0379300	OsbHLH163	bHLH
Os03g0391700	OsbHLH164	bHLH
Os03g0591300	OsbHLH165	bHLH
Os03g0639300	OsbHLH56	bHLH
Os03g0671800	OsbHLH58	bHLH
Os03g0725800	OsbHLH59	bHLH
Os03g0728900	OsbHLH60	bHLH
Os03g0741100	OsbHLH148	bHLH
Os03g0759700	OsbHLH166	bHLH
Os03g0782500	OsbHLH64	bHLH
Os03g0797600	OsbHLH65	bHLH
Os03g0802900	OsbHLH66	bHLH
Os03g0811400	OsbHLH67	bHLH
Os04g0300600	OsbHLH68	bHLH
Os04g0301500	OsbHLH69	bHLH
Os04g0350700	OsbHLH70	bHLH
Os04g0381700	OsbHLH71	bHLH
Os04g0429300	OsbHLH167	bHLH
Os04g0429400	OsbHLH72	bHLH
Os04g0489600	OsbHLH73	bHLH
Os04g0493100	OsbHLH168	bHLH
Os04g0557200	OsbHLH74	bHLH
Os04g0557800	OsbHLH76	bHLH
Os04g0599300	OsbHLH78	bHLH
Os04g0618600	OsbHLH79	bHLH
Os04g0631600	OsbHLH169	bHLH
Os04g0641700	OsbHLH170	bHLH
Os05g0103000	OsbHLH82	bHLH
Os05g0139100	OsbHLH83	bHLH
Os05g0163900	OsbHLH85	bHLH
Os05g0199800	OsbHLH86	bHLH
Os05g0228400	OsbHLH171	bHLH
Os05g0455400	OsbHLH87	bHLH
Os05g0501200	OsbHLH172	bHLH
Os05g0541400	OsbHLH173	bHLH
Os05g0586300	OsbHLH90	bHLH
Os05g0597000	OsbHLH91	bHLH
Os06g0164400	OsbHLH92	bHLH
Os06g0184000	OsbHLH93	bHLH
Os06g0193400	OsbHLH94	bHLH
Os06g0226500	OsbHLH96	bHLH
Os06g0275600	OsbHLH97	bHLH
Os06g0496400	OsbHLH98	bHLH
Os06g0526100	OsbHLH99	bHLH
Os06g0570900	OsbHLH100	bHLH
Os06g0613500	OsbHLH174	bHLH
Os06g0653200	OsbHLH175	bHLH
Os06g0724800	OsbHLH101	bHLH
Os07g0143200	OsbHLH102	bHLH
Os07g0182200	OsbHLH176	bHLH
Os07g0193800	OsbHLH103	bHLH
Os07g0543000	OsbHLH105	bHLH
Os07g0549600	OsbHLH106	bHLH
Os07g0588400	OsbHLH107	bHLH
Os07g0628500	OsbHLH177	bHLH
Os08g0108500	OsbHLH109	bHLH
Os08g0138500	OsbHLH110	bHLH
Os08g0432800	OsbHLH111	bHLH
Os08g0477900	OsbHLH113	bHLH
Os08g0483900	OsbHLH114	bHLH
Os08g0487700	OsbHLH115	bHLH
Os08g0490000	OsbHLH116	bHLH
Os08g0506700	OsbHLH117	bHLH
Os08g0524800	OsbHLH118	bHLH
Os08g0536800	OsbHLH119	bHLH
Os08g0543700	OsbHLH120	bHLH
Os09g0410700	OsbHLH121	bHLH
Os09g0455300	OsbHLH123	bHLH
Os09g0463900	OsbHLH124	bHLH
Os09g0468700	OsbHLH125	bHLH
Os09g0474100	OsbHLH126	bHLH
Os09g0475400	OsbHLH127	bHLH
Os09g0487900	OsbHLH128	bHLH
Os09g0501600	OsbHLH129	bHLH
Os09g0510500	OsbHLH130	bHLH
Os09g0519100	OsbHLH131	bHLH
Os10g0104300	OsbHLH132	bHLH
Os10g0376900	OsbHLH133	bHLH
Os10g0403800	OsbHLH178	bHLH
Os10g0404300	OsbHLH179	bHLH
Os10g0544200	OsbHLH135	bHLH
Os10g0556200	OsbHLH136	bHLH
Os10g0575000	OsbHLH137	bHLH
Os11g0158500	OsbHLH181	bHLH
Os11g0258700	OsbHLH138	bHLH
Os11g0442500	OsbHLH182	bHLH
Os11g0523700	OsbHLH139	bHLH
Os11g0601700	OsbHLH183	bHLH
Os11g0603000	OsbHLH141	bHLH
Os11g0634700	OsbHLH142	bHLH
Os12g0160400	OsbHLH184	bHLH
Os12g0180800	OsbHLH185	bHLH
Os12g0508500	OsbHLH144	bHLH
Os12g0589000	OsbHLH145	bHLH
Os12g0597800	OsbHLH146	bHLH
Os12g0610200	OsbHLH150	bHLH
Os12g0632600	OsbHLH151	bHLH
SORBI_3001G041500	SbbHLH1	bHLH
SORBI_3001G051300	SbbHLH2	bHLH
SORBI_3001G056300	SbbHLH3	bHLH
SORBI_3001G068301	SbbHLH4	bHLH
SORBI_3001G079300	SbbHLH5	bHLH
SORBI_3001G082600	SbbHLH142	bHLH
SORBI_3001G095700	SbbHLH6	bHLH
SORBI_3001G105000	SbbHLH7	bHLH
SORBI_3001G107400	SbbHLH8	bHLH
SORBI_3001G140800	SbbHLH9	bHLH
SORBI_3001G140900	SbbHLH10	bHLH
SORBI_3001G141100	SbbHLH11	bHLH
SORBI_3001G158900	SbbHLH12	bHLH
SORBI_3001G166700	SbbHLH13	bHLH
SORBI_3001G254100	SbbHLH143	bHLH
SORBI_3001G261448	SbbHLH141	bHLH
SORBI_3001G271100	SbbHLH14	bHLH
SORBI_3001G278300	SbbHLH15	bHLH
SORBI_3001G278500	SbbHLH16	bHLH
SORBI_3001G287600	SbbHLH17	bHLH
SORBI_3001G300201	SbbHLH143	bHLH
SORBI_3001G349700	SbbHLH144	bHLH
SORBI_3001G350300	SbbHLH18	bHLH
SORBI_3001G355600	SbbHLH145	bHLH
SORBI_3001G416500	SbbHLH146	bHLH
SORBI_3001G430000	SbbHLH19	bHLH
SORBI_3001G446500	SbbHLH147	bHLH
SORBI_3001G447800	SbbHLH20	bHLH
SORBI_3001G464300	SbbHLH148	bHLH
SORBI_3001G476500	SbbHLH21	bHLH
SORBI_3001G488400	SbbHLH22	bHLH
SORBI_3001G488600	SbbHLH23	bHLH
SORBI_3001G513700	SbbHLH24	bHLH
SORBI_3001G518900	SbbHLH25	bHLH
SORBI_3001G527500	SbbHLH26	bHLH
SORBI_3002G001500	SbbHLH149	bHLH
SORBI_3002G031000	SbbHLH27	bHLH
SORBI_3002G054600	SbbHLH28	bHLH
SORBI_3002G068201	SbbHLH29	bHLH
SORBI_3002G076600	SbbHLH30	bHLH
SORBI_3002G168400	SbbHLH150	bHLH
SORBI_3002G198500	SbbHLH31	bHLH
SORBI_3002G202600	SbbHLH32	bHLH
SORBI_3002G224500	SbbHLH33	bHLH
SORBI_3002G230000	SbbHLH34	bHLH
SORBI_3002G232900	SbbHLH35	bHLH
SORBI_3002G235700	SbbHLH36	bHLH
SORBI_3002G246600	SbbHLH38	bHLH
SORBI_3002G255200	SbbHLH39	bHLH
SORBI_3002G260600	SbbHLH40	bHLH
SORBI_3002G267000	SbbHLH41	bHLH
SORBI_3002G267100	SbbHLH42	bHLH
SORBI_3002G329300	SbbHLH43	bHLH
SORBI_3002G332701	SbbHLH44	bHLH
SORBI_3002G359200	SbbHLH45	bHLH
SORBI_3002G385300	SbbHLH151	bHLH
SORBI_3003G004500	SbbHLH46	bHLH
SORBI_3003G007700	SbbHLH152	bHLH
SORBI_3003G017601	SbbHLH47	bHLH
SORBI_3003G031100	SbbHLH48	bHLH
SORBI_3003G043700	SbbHLH153	bHLH
SORBI_3003G061400	SbbHLH49	bHLH
SORBI_3003G077100	SbbHLH50	bHLH
SORBI_3003G099000	SbbHLH52	bHLH
SORBI_3003G102200	SbbHLH53	bHLH
SORBI_3003G102300	SbbHLH54	bHLH
SORBI_3003G105200	SbbHLH154	bHLH
SORBI_3003G136900	SbbHLH155	bHLH
SORBI_3003G140100	SbbHLH55	bHLH
SORBI_3003G154500	SbbHLH156	bHLH
SORBI_3003G191800	SbbHLH56	bHLH
SORBI_3003G195600	SbbHLH57	bHLH
SORBI_3003G221900	SbbHLH58	bHLH
SORBI_3003G227600	SbbHLH157	bHLH
SORBI_3003G272200	SbbHLH59	bHLH
SORBI_3003G273200	SbbHLH158	bHLH
SORBI_3003G313100	SbbHLH60	bHLH
SORBI_3003G319800	SbbHLH159	bHLH
SORBI_3003G344501	SbbHLH61	bHLH
SORBI_3003G391100	SbbHLH62	bHLH
SORBI_3003G400600	SbbHLH63	bHLH
SORBI_3003G412200	SbbHLH64	bHLH
SORBI_3003G428800	SbbHLH65	bHLH
SORBI_3004G012100	SbbHLH66	bHLH
SORBI_3004G017500	SbbHLH67	bHLH
SORBI_3004G094600	SbbHLH68	bHLH
SORBI_3004G101000	SbbHLH69	bHLH
SORBI_3004G115000	SbbHLH70	bHLH
SORBI_3004G125900	SbbHLH160	bHLH
SORBI_3004G140000	SbbHLH71	bHLH
SORBI_3004G171500	SbbHLH72	bHLH
SORBI_3004G171600	SbbHLH73	bHLH
SORBI_3004G184200	SbbHLH74	bHLH
SORBI_3004G207200	SbbHLH75	bHLH
SORBI_3004G228400	SbbHLH76	bHLH
SORBI_3004G237000	SbbHLH77	bHLH
SORBI_3004G253300	SbbHLH78	bHLH
SORBI_3004G264200	SbbHLH79	bHLH
SORBI_3004G267400	SbbHLH80	bHLH
SORBI_3004G270900	SbbHLH81	bHLH
SORBI_3004G275500	SbbHLH82	bHLH
SORBI_3004G284600	SbbHLH161	bHLH
SORBI_3004G285600	SbbHLH162	bHLH
SORBI_3004G329800	SbbHLH83	bHLH
SORBI_3004G336700	SbbHLH84	bHLH
SORBI_3005G045100	SbbHLH163	bHLH
SORBI_3005G110490	SbbHLH140	bHLH
SORBI_3005G131900	SbbHLH85	bHLH
SORBI_3005G177800	SbbHLH164	bHLH
SORBI_3005G178400	SbbHLH165	bHLH
SORBI_3005G195400	SbbHLH87	bHLH
SORBI_3006G047200	SbbHLH88	bHLH
SORBI_3006G076900	SbbHLH89	bHLH
SORBI_3006G080500	SbbHLH90	bHLH
SORBI_3006G089000	SbbHLH91	bHLH
SORBI_3006G127900	SbbHLH92	bHLH
SORBI_3006G131900	SbbHLH166	bHLH
SORBI_3006G175200	SbbHLH93	bHLH
SORBI_3006G175500	SbbHLH94	bHLH
SORBI_3006G175700	SbbHLH95	bHLH
SORBI_3006G180300	SbbHLH167	bHLH
SORBI_3006G182000	SbbHLH168	bHLH
SORBI_3006G197400	SbbHLH169	bHLH
SORBI_3006G197500	SbbHLH96	bHLH
SORBI_3006G217800	SbbHLH97	bHLH
SORBI_3006G228300	SbbHLH170	bHLH
SORBI_3006G236600	SbbHLH171	bHLH
SORBI_3007G008500	SbbHLH98	bHLH
SORBI_3007G025200	SbbHLH100	bHLH
SORBI_3007G025300	SbbHLH101	bHLH
SORBI_3007G033800	SbbHLH102	bHLH
SORBI_3007G051800	SbbHLH103	bHLH
SORBI_3007G062200	SbbHLH172	bHLH
SORBI_3007G135900	SbbHLH104	bHLH
SORBI_3007G155300	SbbHLH105	bHLH
SORBI_3007G159300	SbbHLH106	bHLH
SORBI_3007G182900	SbbHLH107	bHLH
SORBI_3007G183000	SbbHLH108	bHLH
SORBI_3007G183050	SbbHLH173	bHLH
SORBI_3007G183100	SbbHLH109	bHLH
SORBI_3007G183200	SbbHLH110	bHLH
SORBI_3007G189400	SbbHLH111	bHLH
SORBI_3007G197700	SbbHLH112	bHLH
SORBI_3007G211000	SbbHLH113	bHLH
SORBI_3007G223300	SbbHLH114	bHLH
SORBI_3007G224200	SbbHLH115	bHLH
SORBI_3008G044000	SbbHLH174	bHLH
SORBI_3008G064250	SbbHLH175	bHLH
SORBI_3008G116800	SbbHLH176	bHLH
SORBI_3008G147800	SbbHLH116	bHLH
SORBI_3008G153801	SbbHLH118	bHLH
SORBI_3008G153900	SbbHLH119	bHLH
SORBI_3008G154000	SbbHLH120	bHLH
SORBI_3008G154100	SbbHLH121	bHLH
SORBI_3008G154200	SbbHLH122	bHLH
SORBI_3008G163700	SbbHLH123	bHLH
SORBI_3008G186100	SbbHLH124	bHLH
SORBI_3009G036333	SbbHLH177	bHLH
SORBI_3009G036400	SbbHLH125	bHLH
SORBI_3009G057000	SbbHLH126	bHLH
SORBI_3009G073500	SbbHLH127	bHLH
SORBI_3009G073800	SbbHLH128	bHLH
SORBI_3009G084500	SbbHLH178	bHLH
SORBI_3009G088100	SbbHLH129	bHLH
SORBI_3009G160000	SbbHLH130	bHLH
SORBI_3009G187900	SbbHLH179	bHLH
SORBI_3009G214700	SbbHLH180	bHLH
SORBI_3009G250000	SbbHLH131	bHLH
SORBI_3009G260200	SbbHLH132	bHLH
SORBI_3010G051800	SbbHLH133	bHLH
SORBI_3010G065500	SbbHLH134	bHLH
SORBI_3010G071600	SbbHLH135	bHLH
SORBI_3010G091700	SbbHLH136	bHLH
SORBI_3010G145200	SbbHLH181	bHLH
SORBI_3010G152700	SbbHLH137	bHLH
SORBI_3010G172100	SbbHLH182	bHLH
SORBI_3010G172800	SbbHLH138	bHLH
SORBI_3010G191100	SbbHLH183	bHLH
SORBI_3010G269700	SbbHLH139	bHLH
Os01g0174000	OsbZIP1	bZIP
Os01g0211800	OsbZIP2	bZIP
Os01g0221300	OsbZIP90	bZIP
Os01g0279900	OsbZIP3	bZIP
Os01g0542700	OsbZIP4	bZIP
Os01g0658900	OsbZIP5	bZIP
Os01g0756200	OsbZIP6	bZIP
Os01g0801901	OsbZIP7	bZIP
Os01g0808100	OsbZIP8	bZIP
Os01g0813100	OsbZIP9	bZIP
Os01g0859300	OsbZIP10	bZIP
Os01g0859500	OsbZIP11	bZIP
Os01g0867300	OsbZIP12	bZIP
Os01g0974000	OsbZIP91	bZIP
Os02g0128200	OsbZIP13	bZIP
Os02g0129800	OsbZIP92	bZIP
Os02g0132500	OsbZIP14	bZIP
Os02g0175100	OsbZIP15	bZIP
Os02g0182700	OsbZIP93	bZIP
Os02g0191600	OsbZIP16	bZIP
Os02g0194900	OsbZIP17	bZIP
Os02g0203000	OsbZIP94	bZIP
Os02g0266800	OsbZIP20	bZIP
Os02g0538900	OsbZIP95	bZIP
Os02g0728001	OsbZIP22	bZIP
Os02g0766700	OsbZIP23	bZIP
Os02g0833600	OsbZIP24	bZIP
Os03g0127500	OsbZIP25	bZIP
Os03g0239400	OsbZIP26	bZIP
Os03g0318600	OsbZIP28	bZIP
Os03g0322000	OsbZIP96	bZIP
Os03g0322700	OsbZIP29	bZIP
Os03g0336200	OsbZIP30	bZIP
Os03g0635100	OsbZIP97	bZIP
Os03g0770000	OsbZIP32	bZIP
Os03g0796900	OsbZIP33	bZIP
Os03g0809200	OsbZIP34	bZIP
Os04g0155200	OsbZIP98	bZIP
Os04g0161400	OsbZIP99	bZIP
Os04g0181300	OsbZIP35	bZIP
Os04g0637000	OsbZIP37	bZIP
Os05g0129300	OsbZIP38	bZIP
Os05g0242600	OsbZIP100	bZIP
Os05g0411300	OsbZIP39	bZIP
Os05g0437700	OsbZIP40	bZIP
Os05g0443900	OsbZIP41	bZIP
Os05g0489700	OsbZIP42	bZIP
Os05g0492000	OsbZIP43	bZIP
Os05g0495200	OsbZIP44	bZIP
Os05g0548100	OsbZIP101	bZIP
Os05g0569300	OsbZIP45	bZIP
Os06g0211200	OsbZIP46	bZIP
Os06g0265400	OsbZIP47	bZIP
Os06g0601500	OsbZIP48	bZIP
Os06g0614100	OsbZIP49	bZIP
Os06g0622700	OsbZIP50	bZIP
Os06g0626950	OsbZIP102	bZIP
Os06g0662200	OsbZIP52	bZIP
Os06g0716800	OsbZIP53	bZIP
Os06g0719500	OsbZIP54	bZIP
Os06g0720900	OsbZIP55	bZIP
Os06g0724000	OsbZIP56	bZIP
Os07g0124300	OsbZIP57	bZIP
Os07g0182000	OsbZIP58	bZIP
Os07g0209800	OsbZIP59	bZIP
Os07g0644100	OsbZIP60	bZIP
Os07g0686100	OsbZIP62	bZIP
Os07g0687700	OsbZIP63	bZIP
Os08g0117000	OsbZIP103	bZIP
Os08g0176900	OsbZIP64	bZIP
Os08g0472000	OsbZIP66	bZIP
Os08g0487100	OsbZIP67	bZIP
Os08g0543900	OsbZIP68	bZIP
Os08g0549600	OsbZIP69	bZIP
Os09g0280500	OsbZIP70	bZIP
Os09g0306400	OsbZIP71	bZIP
Os09g0456200	OsbZIP72	bZIP
Os09g0474000	OsbZIP73	bZIP
Os09g0489500	OsbZIP74	bZIP
Os09g0516200	OsbZIP75	bZIP
Os09g0520400	OsbZIP76	bZIP
Os09g0540800	OsbZIP77	bZIP
Os10g0411750	OsbZIP104	bZIP
Os10g0531900	OsbZIP78	bZIP
Os11g0139500	OsbZIP105	bZIP
Os11g0152700	OsbZIP79	bZIP
Os11g0154900	OsbZIP80	bZIP
Os11g0160500	OsbZIP81	bZIP
Os11g0218000	OsbZIP106	bZIP
Os12g0152900	OsbZIP83	bZIP
Os12g0162500	OsbZIP84	bZIP
Os12g0194600	OsbZIP85	bZIP
Os12g0233800	OsbZIP86	bZIP
Os12g0560900	OsbZIP87	bZIP
Os12g0601800	OsbZIP88	bZIP
Os12g0634500	OsbZIP89	bZIP
SORBI_3001G038100	SbbZIP92	bZIP
SORBI_3001G044300	SbbZIP1	bZIP
SORBI_3001G056700	SbbZIP2	bZIP
SORBI_3001G063100	SbbZIP93	bZIP
SORBI_3001G075900	SbbZIP3	bZIP
SORBI_3001G118800	SbbZIP94	bZIP
SORBI_3001G139200	SbbZIP4	bZIP
SORBI_3001G161000	SbbZIP95	bZIP
SORBI_3001G243800	SbbZIP96	bZIP
SORBI_3001G316900	SbbZIP5	bZIP
SORBI_3001G355200	SbbZIP97	bZIP
SORBI_3001G380700	SbbZIP98	bZIP
SORBI_3001G388300	SbbZIP6	bZIP
SORBI_3001G390800	SbbZIP7	bZIP
SORBI_3001G396400	SbbZIP8	bZIP
SORBI_3001G405400	SbbZIP99	bZIP
SORBI_3001G408500	SbbZIP100	bZIP
SORBI_3001G436500	SbbZIP101	bZIP
SORBI_3001G441400	SbbZIP9	bZIP
SORBI_3001G457100	SbbZIP102	bZIP
SORBI_3001G522500	SbbZIP10	bZIP
SORBI_3002G021300	SbbZIP11	bZIP
SORBI_3002G054800	SbbZIP12	bZIP
SORBI_3002G055000	SbbZIP13	bZIP
SORBI_3002G069601	SbbZIP103	bZIP
SORBI_3002G076100	SbbZIP14	bZIP
SORBI_3002G150800	SbbZIP104	bZIP
SORBI_3002G153100	SbbZIP15	bZIP
SORBI_3002G162800	SbbZIP16	bZIP
SORBI_3002G164866	SbbZIP105	bZIP
SORBI_3002G225100	SbbZIP17	bZIP
SORBI_3002G235500	SbbZIP18	bZIP
SORBI_3002G247300	SbbZIP19	bZIP
SORBI_3002G264100	SbbZIP20	bZIP
SORBI_3002G267700	SbbZIP21	bZIP
SORBI_3002G280800	SbbZIP22	bZIP
SORBI_3002G313500	SbbZIP106	bZIP
SORBI_3002G395600	SbbZIP23	bZIP
SORBI_3002G412200	SbbZIP107	bZIP
SORBI_3002G418100	SbbZIP24	bZIP
SORBI_3002G424000	SbbZIP25	bZIP
SORBI_3002G425600	SbbZIP26	bZIP
SORBI_3003G014900	SbbZIP108	bZIP
SORBI_3003G021800	SbbZIP27	bZIP
SORBI_3003G049400	SbbZIP28	bZIP
SORBI_3003G050500	SbbZIP29	bZIP
SORBI_3003G081000	SbbZIP30	bZIP
SORBI_3003G119200	SbbZIP109	bZIP
SORBI_3003G183000	SbbZIP31	bZIP
SORBI_3003G237500	SbbZIP110	bZIP
SORBI_3003G244100	SbbZIP32	bZIP
SORBI_3003G268200	SbbZIP111	bZIP
SORBI_3003G300100	SbbZIP33	bZIP
SORBI_3003G327000	SbbZIP34	bZIP
SORBI_3003G329500	SbbZIP35	bZIP
SORBI_3003G332200	SbbZIP36	bZIP
SORBI_3003G339500	SbbZIP112	bZIP
SORBI_3003G363400	SbbZIP37	bZIP
SORBI_3003G363600	SbbZIP38	bZIP
SORBI_3003G368300	SbbZIP39	bZIP
SORBI_3003G435700	SbbZIP113	bZIP
SORBI_3003G444600	SbbZIP114	bZIP
SORBI_3004G001100	SbbZIP40	bZIP
SORBI_3004G026700	SbbZIP41	bZIP
SORBI_3004G031100	SbbZIP42	bZIP
SORBI_3004G040700	SbbZIP115	bZIP
SORBI_3004G059900	SbbZIP43	bZIP
SORBI_3004G067000	SbbZIP116	bZIP
SORBI_3004G074700	SbbZIP44	bZIP
SORBI_3004G077500	SbbZIP45	bZIP
SORBI_3004G078800	SbbZIP46	bZIP
SORBI_3004G085600	SbbZIP47	bZIP
SORBI_3004G107900	SbbZIP48	bZIP
SORBI_3004G135850	SbbZIP117	bZIP
SORBI_3004G168800	SbbZIP49	bZIP
SORBI_3004G252600	SbbZIP51	bZIP
SORBI_3004G309600	SbbZIP52	bZIP
SORBI_3004G350700	SbbZIP118	bZIP
SORBI_3004G359200	SbbZIP53	bZIP
SORBI_3005G038700	SbbZIP54	bZIP
SORBI_3005G041100	SbbZIP55	bZIP
SORBI_3005G046100	SbbZIP56	bZIP
SORBI_3005G100600	SbbZIP57	bZIP
SORBI_3005G175150	SbbZIP119	bZIP
SORBI_3006G133700	SbbZIP58	bZIP
SORBI_3006G190800	SbbZIP59	bZIP
SORBI_3006G208000	SbbZIP120	bZIP
SORBI_3006G233500	SbbZIP60	bZIP
SORBI_3007G061100	SbbZIP61	bZIP
SORBI_3007G109900	SbbZIP62	bZIP
SORBI_3007G155900	SbbZIP63	bZIP
SORBI_3007G176700	SbbZIP64	bZIP
SORBI_3007G182500	SbbZIP65	bZIP
SORBI_3007G184800	SbbZIP66	bZIP
SORBI_3007G224400	SbbZIP121	bZIP
SORBI_3008G037900	SbbZIP69	bZIP
SORBI_3008G040600	SbbZIP70	bZIP
SORBI_3008G043900	SbbZIP71	bZIP
SORBI_3008G046600	SbbZIP72	bZIP
SORBI_3008G067900	SbbZIP122	bZIP
SORBI_3008G072800	SbbZIP123	bZIP
SORBI_3008G083200	SbbZIP73	bZIP
SORBI_3008G129300	SbbZIP74	bZIP
SORBI_3008G157100	SbbZIP75	bZIP
SORBI_3008G187500	SbbZIP124	bZIP
SORBI_3009G030100	SbbZIP76	bZIP
SORBI_3009G043200	SbbZIP125	bZIP
SORBI_3009G133700	SbbZIP126	bZIP
SORBI_3009G137100	SbbZIP77	bZIP
SORBI_3009G145101	SbbZIP127	bZIP
SORBI_3009G152100	SbbZIP78	bZIP
SORBI_3009G155050	SbbZIP128	bZIP
SORBI_3009G178800	SbbZIP79	bZIP
SORBI_3009G180700	SbbZIP129	bZIP
SORBI_3009G182800	SbbZIP80	bZIP
SORBI_3009G218000	SbbZIP130	bZIP
SORBI_3009G237600	SbbZIP81	bZIP
SORBI_3009G242250	SbbZIP131	bZIP
SORBI_3010G078100	SbbZIP132	bZIP
SORBI_3010G081800	SbbZIP82	bZIP
SORBI_3010G110100	SbbZIP83	bZIP
SORBI_3010G116200	SbbZIP133	bZIP
SORBI_3010G139600	SbbZIP134	bZIP
SORBI_3010G183600	SbbZIP84	bZIP
SORBI_3010G192432	SbbZIP85	bZIP
SORBI_3010G194900	SbbZIP86	bZIP
SORBI_3010G199000	SbbZIP87	bZIP
SORBI_3010G207600	SbbZIP88	bZIP
SORBI_3010G218500	SbbZIP89	bZIP
SORBI_3010G267500	SbbZIP90	bZIP
SORBI_3010G269000	SbbZIP91	bZIP
Os02g0783100	OsmTERF1	mTERF
Os09g0560100	OsmTERF2	mTERF
Os05g0404000	OsmTERF3	mTERF
Os07g0134700	OsmTERF4	mTERF
Os02g0602400	OsmTERF5	mTERF
Os08g0515800	OsmTERF6	mTERF
Os07g0583200	OsmTERF7	mTERF
Os03g0785200	OsmTERF8	mTERF
Os08g0518200	OsmTERF9	mTERF
Os11g0206400	OsmTERF10	mTERF
Os05g0413000	OsmTERF11	mTERF
Os06g0224650	OsmTERF12	mTERF
Os05g0403600	OsmTERF13	mTERF
Os07g0423000	OsmTERF14	mTERF
Os02g0749900	OsmTERF15	mTERF
Os03g0360600	OsmTERF16	mTERF
Os04g0637500	OsmTERF17	mTERF
Os06g0225200	OsmTERF18	mTERF
Os11g0206200	OsmTERF19	mTERF
Os06g0225100	OsmTERF20	mTERF
Os05g0403400	OsmTERF21	mTERF
Os11g0206600	OsmTERF22	mTERF
Os02g0749800	OsmTERF23	mTERF
Os06g0224400	OsmTERF24	mTERF
Os06g0224900	OsmTERF25	mTERF
Os02g0577501	OsmTERF26	mTERF
Os11g0206300	OsmTERF27	mTERF
Os07g0409400	OsmTERF28	mTERF
Os06g0224500	OsmTERF29	mTERF
Os11g0246100	OsmTERF30	mTERF
Os12g0490000	OsmTERF31	mTERF
Os03g0838900	OsmTERF32	mTERF
Os01g0374501	OsmTERF33	mTERF
Os02g0287000	OsmTERF34	mTERF
Os11g0206101	OsmTERF35	mTERF
Os03g0200500	OsmTERF36	mTERF
SORBI_3001G020100	SbmTERF1	mTERF
SORBI_3001G021100	SbmTERF2	mTERF
SORBI_3001G029000	SbmTERF3	mTERF
SORBI_3001G032550	SbmTERF4	mTERF
SORBI_3001G033900	SbmTERF5	mTERF
SORBI_3001G034000	SbmTERF6	mTERF
SORBI_3001G066600	SbmTERF7	mTERF
SORBI_3001G176900	SbmTERF8	mTERF
SORBI_3001G364100	SbmTERF9	mTERF
SORBI_3001G467300	SbmTERF10	mTERF
SORBI_3002G028400	SbmTERF11	mTERF
SORBI_3002G179800	SbmTERF12	mTERF
SORBI_3002G296100	SbmTERF13	mTERF
SORBI_3002G305100	SbmTERF14	mTERF
SORBI_3002G354600	SbmTERF15	mTERF
SORBI_3003G199700	SbmTERF16	mTERF
SORBI_3003G306600	SbmTERF17	mTERF
SORBI_3003G389500	SbmTERF18	mTERF
SORBI_3003G396100	SbmTERF19	mTERF
SORBI_3004G069400	SbmTERF20	mTERF
SORBI_3004G190900	SbmTERF21	mTERF
SORBI_3004G206200	SbmTERF22	mTERF
SORBI_3004G235300	SbmTERF23	mTERF
SORBI_3004G235500	SbmTERF24	mTERF
SORBI_3004G235600	SbmTERF25	mTERF
SORBI_3004G235700	SbmTERF26	mTERF
SORBI_3004G305100	SbmTERF27	mTERF
SORBI_3004G321700	SbmTERF28	mTERF
SORBI_3006G183301	SbmTERF29	mTERF
SORBI_3007G114700	SbmTERF30	mTERF
SORBI_3007G201700	SbmTERF31	mTERF
SORBI_3007G206100	SbmTERF32	mTERF
SORBI_3008G137800	SbmTERF33	mTERF
SORBI_3009G131550	SbmTERF34	mTERF
SORBI_3009G131600	SbmTERF35	mTERF
SORBI_3009G133400	SbmTERF36	mTERF
SORBI_3010G041100	SbmTERF37	mTERF
SORBI_3010G091200	SbmTERF38	mTERF
SORBI_3010G201900	SbmTERF39	mTERF
Os01g0706000	OsKELP1	p15 (PC4,Sub1)
Os02g0553600	OsKELP2	p15 (PC4,Sub1)
SORBI_3002G033400	SbKELP1	p15 (PC4,Sub1)
SORBI_3003G272300	SbKELP2	p15 (PC4,Sub1)
SORBI_3004G175700	SbKELP3	p15 (PC4,Sub1)
Zm00001eb143690	ZmABI1	ABI3-VP1
Zm00001d042396	ZmABI1	ABI3-VP1
GRMZM2G133398	ZmABI1	ABI3-VP1
Zm00001d026005	ZmABI2	ABI3-VP1
Zm00001eb427970	ZmABI2	ABI3-VP1
GRMZM2G018485	ZmABI2	ABI3-VP1
Zm00001eb066270	ZmABI3	ABI3-VP1
Zm00001d001838	ZmABI3	ABI3-VP1
GRMZM2G149940	ZmABI3	ABI3-VP1
Zm00001d033313	ZmABI4	ABI3-VP1
GRMZM2G098063	ZmABI4	ABI3-VP1
Zm00001eb051330	ZmABI4	ABI3-VP1
Zm00001d013722	ZmABI5	ABI3-VP1
Zm00001eb218990	ZmABI5	ABI3-VP1
GRMZM2G320754	ZmABI5	ABI3-VP1
GRMZM2G160224	ZmABI6	ABI3-VP1
GRMZM2G109480	ZmABI7	ABI3-VP1
Zm00001eb006360	ZmABI7	ABI3-VP1
Zm00001d027939	ZmABI7	ABI3-VP1
Zm00001eb001550	ZmABI8	ABI3-VP1
GRMZM2G082227	ZmABI8	ABI3-VP1
Zm00001d027409	ZmABI8	ABI3-VP1
Zm00001d030909	ZmABI9	ABI3-VP1
GRMZM2G065478	ZmABI9	ABI3-VP1
GRMZM2G522066	ZmABI9	ABI3-VP1
Zm00001d030908	ZmABI9	ABI3-VP1
AC193767.3_FG003	ZmABI10	ABI3-VP1
Zm00001d026694	ZmABI10	ABI3-VP1
Zm00001d030909	ZmABI11	ABI3-VP1
GRMZM2G065478	ZmABI11	ABI3-VP1
GRMZM2G522066	ZmABI11	ABI3-VP1
Zm00001d030908	ZmABI11	ABI3-VP1
GRMZM2G102059	ZmABI12	ABI3-VP1
Zm00001d002562	ZmABI12	ABI3-VP1
Zm00001eb073010	ZmABI12	ABI3-VP1
GRMZM2G018336	ZmABI13	ABI3-VP1
Zm00001eb171080	ZmABI14	ABI3-VP1
Zm00001d049367	ZmABI14	ABI3-VP1
Zm00001eb171070	ZmABI14	ABI3-VP1
GRMZM2G106673	ZmABI14	ABI3-VP1
Zm00001d049369	ZmABI14	ABI3-VP1
GRMZM2G361376	ZmABI15	ABI3-VP1
GRMZM2G024948	ZmABI16	ABI3-VP1
Zm00001d017618	ZmABI16	ABI3-VP1
Zm00001eb250760	ZmABI16	ABI3-VP1
Zm00001eb219020	ZmABI18	ABI3-VP1
Zm00001d013723	ZmABI18	ABI3-VP1
GRMZM2G019956	ZmABI18	ABI3-VP1
Zm00001eb361400	ZmABI19	ABI3-VP1
Zm00001eb361390	ZmABI19	ABI3-VP1
GRMZM2G035701	ZmABI19	ABI3-VP1
Zm00001d011712	ZmABI19	ABI3-VP1
Zm00001eb361750	ZmABI20	ABI3-VP1
Zm00001d011745	ZmABI20	ABI3-VP1
GRMZM2G313737	ZmABI20	ABI3-VP1
Zm00001eb421100	ZmABI21	ABI3-VP1
GRMZM2G126194	ZmABI21	ABI3-VP1
Zm00001d025233	ZmABI21	ABI3-VP1
GRMZM2G008356	ZmABI22	ABI3-VP1
Zm00001eb324300	ZmABI22	ABI3-VP1
Zm00001d021790	ZmABI22	ABI3-VP1
GRMZM2G180168	ZmABI23	ABI3-VP1
Zm00001d024545	ZmABI23	ABI3-VP1
Zm00001eb415750	ZmABI23	ABI3-VP1
GRMZM2G088427	ZmABI24	ABI3-VP1
Zm00001eb051350	ZmABI24	ABI3-VP1
Zm00001d033314	ZmABI24	ABI3-VP1
GRMZM2G088413	ZmABI24	ABI3-VP1
Zm00001eb051340	ZmABI24	ABI3-VP1
GRMZM2G088427	ZmABI24	ABI3-VP1
Zm00001eb051350	ZmABI24	ABI3-VP1
Zm00001d033314	ZmABI24	ABI3-VP1
GRMZM2G088413	ZmABI24	ABI3-VP1
Zm00001eb051340	ZmABI24	ABI3-VP1
Zm00001eb051370	ZmABI25	ABI3-VP1
GRMZM2G344521	ZmABI25	ABI3-VP1
Zm00001d033324	ZmABI25	ABI3-VP1
Zm00001d024354	ZmABI26	ABI3-VP1
GRMZM2G423393	ZmABI26	ABI3-VP1
Zm00001eb414160	ZmABI26	ABI3-VP1
Zm00001eb033180	ZmABI27	ABI3-VP1
GRMZM2G123461	ZmABI27	ABI3-VP1
Zm00001d031225	ZmABI27	ABI3-VP1
Zm00001eb088080	ZmABI28	ABI3-VP1
GRMZM2G109879	ZmABI28	ABI3-VP1
Zm00001d004358	ZmABI28	ABI3-VP1
GRMZM2G084173	ZmABI29	ABI3-VP1
Zm00001d036079	ZmABI29	ABI3-VP1
Zm00001eb270000	ZmABI29	ABI3-VP1
Zm00001d042460	ZmABI31	ABI3-VP1
Zm00001eb144270	ZmABI31	ABI3-VP1
GRMZM2G177244	ZmABI31	ABI3-VP1
Zm00001eb330690	ZmABI32	ABI3-VP1
GRMZM2G158162	ZmABI32	ABI3-VP1
Zm00001d022440	ZmABI32	ABI3-VP1
Zm00001d029749	ZmABI34	ABI3-VP1
GRMZM2G125095	ZmABI34	ABI3-VP1
Zm00001eb022070	ZmABI34	ABI3-VP1
GRMZM5G834874	ZmABI35	ABI3-VP1
Zm00001eb246280	ZmABI35	ABI3-VP1
Zm00001d017112	ZmABI35	ABI3-VP1
Zm00001d049094	ZmABI36	ABI3-VP1
Zm00001eb168870	ZmABI36	ABI3-VP1
GRMZM2G001048	ZmABI36	ABI3-VP1
GRMZM2G027253	ZmABI37	ABI3-VP1
Zm00001eb268680	ZmABI37	ABI3-VP1
Zm00001d035903	ZmABI37	ABI3-VP1
GRMZM2G142999	ZmABI38	ABI3-VP1
Zm00001eb393690	ZmABI38	ABI3-VP1
Zm00001d047359	ZmABI38	ABI3-VP1
GRMZM2G172621	ZmABI39	ABI3-VP1
Zm00001d007173	ZmABI39	ABI3-VP1
Zm00001eb111570	ZmABI39	ABI3-VP1
Zm00001eb197370	ZmABI40	ABI3-VP1
GRMZM2G328742	ZmABI40	ABI3-VP1
Zm00001d052591	ZmABI40	ABI3-VP1
GRMZM5G805685	ZmABI41	ABI3-VP1
Zm00001eb406950	ZmABI41	ABI3-VP1
Zm00001d023446	ZmABI41	ABI3-VP1
Zm00001eb347830	ZmABI42	ABI3-VP1
GRMZM2G098443	ZmABI42	ABI3-VP1
Zm00001d010077	ZmABI42	ABI3-VP1
GRMZM2G028794	ZmABI43	ABI3-VP1
Zm00001d048244	ZmABI43	ABI3-VP1
Zm00001eb401610	ZmABI43	ABI3-VP1
Zm00001eb412120	ZmABI44	ABI3-VP1
GRMZM2G405170	ZmABI44	ABI3-VP1
Zm00001d024103	ZmABI44	ABI3-VP1
Zm00001d038504	ZmABI45	ABI3-VP1
Zm00001eb290900	ZmABI45	ABI3-VP1
GRMZM2G174610	ZmABI45	ABI3-VP1
Zm00001d030907	ZmABI46	ABI3-VP1
Zm00001eb030510	ZmABI46	ABI3-VP1
GRMZM2G065496	ZmABI46	ABI3-VP1
Zm00001d052750	ZmABI47	ABI3-VP1
GRMZM2G125596	ZmABI47	ABI3-VP1
Zm00001eb198710	ZmABI47	ABI3-VP1
Zm00001eb161000	ZmABI48	ABI3-VP1
Zm00001d044355	ZmABI48	ABI3-VP1
GRMZM2G111123	ZmABI48	ABI3-VP1
Zm00001eb259870	ZmABI49	ABI3-VP1
Zm00001d034965	ZmABI49	ABI3-VP1
GRMZM2G405699	ZmABI49	ABI3-VP1
GRMZM2G102938	ZmABI50	ABI3-VP1
GRMZM2G103078	ZmABI50	ABI3-VP1
Zm00001d035921	ZmABI50	ABI3-VP1
Zm00001d035922	ZmABI50	ABI3-VP1
Zm00001eb268800	ZmABI50	ABI3-VP1
Zm00001eb413890	ZmABI51	ABI3-VP1
GRMZM2G173321	ZmABI51	ABI3-VP1
Zm00001d024321	ZmABI51	ABI3-VP1
Zm00001d024320	ZmABI51	ABI3-VP1
Zm00001d033315	ZmABI52	ABI3-VP1
Zm00001eb051360	ZmABI52	ABI3-VP1
GRMZM2G130016	ZmABI52	ABI3-VP1
Zm00001d006004	ZmABI53	ABI3-VP1
Zm00001eb101730	ZmABI53	ABI3-VP1
Zm00001eb101720	ZmABI53	ABI3-VP1
Zm00001d006003	ZmABI53	ABI3-VP1
Zm00001eb419760	ZmABI54	ABI3-VP1
Zm00001d025041	ZmABI54	ABI3-VP1
Zm00001d053166	ZmABI55	ABI3-VP1
Zm00001eb202300	ZmABI55	ABI3-VP1
Zm00001d036077	ZmABI56	ABI3-VP1
Zm00001eb269990	ZmABI56	ABI3-VP1
Zm00001d051471	ZmABI57	ABI3-VP1
Zm00001eb187370	ZmABI57	ABI3-VP1
AC216872.3_FG002	ZmABI57	ABI3-VP1
Zm00001eb415200	ZmABI58	ABI3-VP1
GRMZM2G413647	ZmABI59	ABI3-VP1
Zm00001d009582	ZmABI59	ABI3-VP1
Zm00001eb343850	ZmABI59	ABI3-VP1
Zm00001eb166640	ZmABI60	ABI3-VP1
Zm00001d048815	ZmABI60	ABI3-VP1
Zm00001d006597	ZmABI61	ABI3-VP1
Zm00001eb106940	ZmABI61	ABI3-VP1
Zm00001d026191	ZmEREB2	AP2/ERF-AP2
Zm00001eb429870	ZmEREB2	AP2/ERF-AP2
GRMZM2G080516	ZmEREB2	AP2/ERF-AP2
GRMZM2G124037	ZmEREB3	AP2/ERF-AP2
Zm00001eb103100	ZmEREB3	AP2/ERF-AP2
Zm00001d006169	ZmEREB3	AP2/ERF-AP2
Zm00001eb011550	ZmEREB4	AP2/ERF-AP2
Zm00001d028524	ZmEREB4	AP2/ERF-AP2
GRMZM2G015281	ZmEREB4	AP2/ERF-AP2
GRMZM2G048621	ZmEREB5	AP2/ERF-AP2
Zm00001eb186480	ZmEREB5	AP2/ERF-AP2
Zm00001d051350	ZmEREB5	AP2/ERF-AP2
GRMZM2G173771	ZmEREB7	AP2/ERF-AP2
Zm00001d052167	ZmEREB7	AP2/ERF-AP2
Zm00001eb193670	ZmEREB7	AP2/ERF-AP2
Zm00001d017591	ZmEREB10	AP2/ERF-AP2
Zm00001eb250530	ZmEREB10	AP2/ERF-AP2
Zm00001eb250540	ZmEREB10	AP2/ERF-AP2
GRMZM2G434203	ZmEREB10	AP2/ERF-AP2
Zm00001eb062460	ZmEREB11	AP2/ERF-AP2
Zm00001d034629	ZmEREB11	AP2/ERF-AP2
GRMZM5G862109	ZmEREB11	AP2/ERF-AP2
Zm00001d009622	ZmEREB12	AP2/ERF-AP2
GRMZM2G100982	ZmEREB12	AP2/ERF-AP2
Zm00001eb344200	ZmEREB12	AP2/ERF-AP2
Zm00001eb193550	ZmEREB13	AP2/ERF-AP2
GRMZM2G011110	ZmEREB13	AP2/ERF-AP2
Zm00001d052152	ZmEREB13	AP2/ERF-AP2
GRMZM2G018398	ZmEREB14	AP2/ERF-AP2
Zm00001d052087	ZmEREB14	AP2/ERF-AP2
Zm00001eb192960	ZmEREB14	AP2/ERF-AP2
Zm00001d052026	ZmEREB15	AP2/ERF-AP2
Zm00001eb192320	ZmEREB15	AP2/ERF-AP2
GRMZM2G111415	ZmEREB15	AP2/ERF-AP2
Zm00001eb250560	ZmEREB16	AP2/ERF-AP2
GRMZM2G137341	ZmEREB16	AP2/ERF-AP2
Zm00001d017592	ZmEREB16	AP2/ERF-AP2
Zm00001eb422470	ZmEREB21	AP2/ERF-AP2
GRMZM2G175525	ZmEREB21	AP2/ERF-AP2
Zm00001d025409	ZmEREB21	AP2/ERF-AP2
Zm00001eb067980	ZmEREB24	AP2/ERF-AP2
Zm00001eb067970	ZmEREB24	AP2/ERF-AP2
GRMZM2G086573	ZmEREB24	AP2/ERF-AP2
Zm00001d002025	ZmEREB24	AP2/ERF-AP2
GRMZM2G317160	ZmEREB26	AP2/ERF-AP2
Zm00001eb015020	ZmEREB26	AP2/ERF-AP2
Zm00001d028919	ZmEREB26	AP2/ERF-AP2
GRMZM5G842961	ZmEREB30	AP2/ERF-AP2
Zm00001eb249440	ZmEREB30	AP2/ERF-AP2
Zm00001d017477	ZmEREB30	AP2/ERF-AP2
Zm00001d050787	ZmEREB32	AP2/ERF-AP2
Zm00001eb182300	ZmEREB32	AP2/ERF-AP2
GRMZM2G139740	ZmEREB32	AP2/ERF-AP2
GRMZM2G073982	ZmEREB33	AP2/ERF-AP2
Zm00001d045378	ZmEREB33	AP2/ERF-AP2
Zm00001eb377180	ZmEREB33	AP2/ERF-AP2
Zm00001eb296430	ZmEREB34	AP2/ERF-AP2
GRMZM5G846057	ZmEREB34	AP2/ERF-AP2
Zm00001d039077	ZmEREB34	AP2/ERF-AP2
Zm00001eb007420	ZmEREB35	AP2/ERF-AP2
GRMZM2G415251	ZmEREB35	AP2/ERF-AP2
Zm00001eb007430	ZmEREB35	AP2/ERF-AP2
Zm00001d028070	ZmEREB35	AP2/ERF-AP2
Zm00001eb318890	ZmEREB36	AP2/ERF-AP2
GRMZM2G069082	ZmEREB36	AP2/ERF-AP2
Zm00001d021205	ZmEREB36	AP2/ERF-AP2
Zm00001eb384720	ZmEREB39	AP2/ERF-AP2
GRMZM2G073047	ZmEREB39	AP2/ERF-AP2
Zm00001d046292	ZmEREB39	AP2/ERF-AP2
Zm00001eb117830	ZmEREB41	AP2/ERF-AP2
Zm00001d007840	ZmEREB41	AP2/ERF-AP2
Zm00001eb117840	ZmEREB41	AP2/ERF-AP2
GRMZM2G146688	ZmEREB41	AP2/ERF-AP2
GRMZM2G085678	ZmEREB46	AP2/ERF-AP2
Zm00001eb235640	ZmEREB46	AP2/ERF-AP2
Zm00001d015759	ZmEREB46	AP2/ERF-AP2
Zm00001eb068530	ZmEREB47	AP2/ERF-AP2
Zm00001d002079	ZmEREB47	AP2/ERF-AP2
GRMZM2G174917	ZmEREB47	AP2/ERF-AP2
Zm00001d009468	ZmEREB49	AP2/ERF-AP2
GRMZM2G159592	ZmEREB49	AP2/ERF-AP2
Zm00001eb342850	ZmEREB49	AP2/ERF-AP2
Zm00001d042492	ZmEREB53	AP2/ERF-AP2
Zm00001eb144510	ZmEREB53	AP2/ERF-AP2
GRMZM2G141638	ZmEREB53	AP2/ERF-AP2
Zm00001d046621	ZmEREB55	AP2/ERF-AP2
GRMZM2G160730	ZmEREB55	AP2/ERF-AP2
Zm00001eb387280	ZmEREB55	AP2/ERF-AP2
GRMZM5G837876	ZmEREB59	AP2/ERF-AP2
Zm00001eb168540	ZmEREB59	AP2/ERF-AP2
Zm00001d049058	ZmEREB59	AP2/ERF-AP2
GRMZM2G011236	ZmEREB62	AP2/ERF-AP2
Zm00001d006653	ZmEREB62	AP2/ERF-AP2
Zm00001eb107500	ZmEREB62	AP2/ERF-AP2
GRMZM2G307152	ZmEREB63	AP2/ERF-AP2
Zm00001eb145470	ZmEREB63	AP2/ERF-AP2
Zm00001d042593	ZmEREB63	AP2/ERF-AP2
Zm00001eb249450	ZmEREB66	AP2/ERF-AP2
Zm00001d017478	ZmEREB66	AP2/ERF-AP2
GRMZM2G041839	ZmEREB66	AP2/ERF-AP2
GRMZM2G113060	ZmEREB71	AP2/ERF-AP2
Zm00001eb401290	ZmEREB71	AP2/ERF-AP2
Zm00001d048208	ZmEREB71	AP2/ERF-AP2
GRMZM2G451031	ZmEREB77	AP2/ERF-AP2
Zm00001d043116	ZmEREB77	AP2/ERF-AP2
Zm00001eb150000	ZmEREB77	AP2/ERF-AP2
Zm00001d035512	ZmEREB81	AP2/ERF-AP2
Zm00001eb265610	ZmEREB81	AP2/ERF-AP2
GRMZM2G416701	ZmEREB81	AP2/ERF-AP2
Zm00001d019116	ZmEREB82	AP2/ERF-AP2
Zm00001eb302890	ZmEREB82	AP2/ERF-AP2
GRMZM2G019443	ZmEREB82	AP2/ERF-AP2
Zm00001eb369560	ZmEREB83	AP2/ERF-AP2
Zm00001d012585	ZmEREB83	AP2/ERF-AP2
GRMZM2G132185	ZmEREB83	AP2/ERF-AP2
GRMZM2G174347	ZmEREB92	AP2/ERF-AP2
Zm00001eb352580	ZmEREB92	AP2/ERF-AP2
Zm00001d000339	ZmEREB92	AP2/ERF-AP2
Zm00001d008968	ZmEREB96	AP2/ERF-AP2
Zm00001eb338940	ZmEREB96	AP2/ERF-AP2
GRMZM2G044077	ZmEREB96	AP2/ERF-AP2
GRMZM2G133168	ZmEREB103	AP2/ERF-AP2
Zm00001d039424	ZmEREB103	AP2/ERF-AP2
Zm00001eb120590	ZmEREB103	AP2/ERF-AP2
Zm00001eb249470	ZmEREB104	AP2/ERF-AP2
Zm00001d017480	ZmEREB104	AP2/ERF-AP2
GRMZM5G816314	ZmEREB104	AP2/ERF-AP2
GRMZM2G042756	ZmEREB105	AP2/ERF-AP2
Zm00001d002618	ZmEREB105	AP2/ERF-AP2
Zm00001eb073550	ZmEREB105	AP2/ERF-AP2
Zm00001eb311180	ZmEREB109	AP2/ERF-AP2
Zm00001d020267	ZmEREB109	AP2/ERF-AP2
GRMZM2G141679	ZmEREB109	AP2/ERF-AP2
GRMZM2G700665	ZmEREB110	AP2/ERF-AP2
Zm00001eb355240	ZmEREB110	AP2/ERF-AP2
Zm00001d010987	ZmEREB110	AP2/ERF-AP2
Zm00001d010988	ZmEREB110	AP2/ERF-AP2
GRMZM2G008234	ZmEREB114	AP2/ERF-AP2
Zm00001d018731	ZmEREB114	AP2/ERF-AP2
Zm00001eb299300	ZmEREB114	AP2/ERF-AP2
Zm00001eb356440	ZmEREB117	AP2/ERF-AP2
GRMZM2G113078	ZmEREB117	AP2/ERF-AP2
Zm00001d011134	ZmEREB117	AP2/ERF-AP2
Zm00001d045204	ZmEREB122	AP2/ERF-AP2
GRMZM2G301860	ZmEREB122	AP2/ERF-AP2
Zm00001eb375580	ZmEREB122	AP2/ERF-AP2
Zm00001eb187190	ZmEREB127	AP2/ERF-AP2
GRMZM2G000520	ZmEREB127	AP2/ERF-AP2
Zm00001d051451	ZmEREB127	AP2/ERF-AP2
AC233933.1_FG001	ZmEREB128	AP2/ERF-AP2
Zm00001d019475	ZmEREB128	AP2/ERF-AP2
Zm00001eb305780	ZmEREB128	AP2/ERF-AP2
GRMZM2G399072	ZmEREB130	AP2/ERF-AP2
Zm00001d027878	ZmEREB130	AP2/ERF-AP2
Zm00001eb005740	ZmEREB130	AP2/ERF-AP2
GRMZM2G100727	ZmEREB133	AP2/ERF-AP2
Zm00001d038320	ZmEREB133	AP2/ERF-AP2
Zm00001eb289170	ZmEREB133	AP2/ERF-AP2
Zm00001d018158	ZmEREB139	AP2/ERF-AP2
GRMZM2G103085	ZmEREB139	AP2/ERF-AP2
Zm00001eb255860	ZmEREB139	AP2/ERF-AP2
Zm00001d041981	ZmEREB141	AP2/ERF-AP2
GRMZM2G097182	ZmEREB141	AP2/ERF-AP2
Zm00001eb139970	ZmEREB141	AP2/ERF-AP2
Zm00001d020540	ZmEREB143	AP2/ERF-AP2
Zm00001eb313350	ZmEREB143	AP2/ERF-AP2
Zm00001eb313340	ZmEREB143	AP2/ERF-AP2
GRMZM2G141219	ZmEREB143	AP2/ERF-AP2
Zm00001d016260	ZmEREB144	AP2/ERF-AP2
GRMZM2G005301	ZmEREB144	AP2/ERF-AP2
Zm00001eb239430	ZmEREB144	AP2/ERF-AP2
Zm00001d009573	ZmEREB146	AP2/ERF-AP2
Zm00001eb343790	ZmEREB146	AP2/ERF-AP2
GRMZM2G021790	ZmEREB146	AP2/ERF-AP2
Zm00001eb150840	ZmEREB147	AP2/ERF-AP2
GRMZM2G310368	ZmEREB147	AP2/ERF-AP2
Zm00001d043205	ZmEREB147	AP2/ERF-AP2
GRMZM2G033656	ZmEREB150	AP2/ERF-AP2
Zm00001eb035490	ZmEREB150	AP2/ERF-AP2
Zm00001d031501	ZmEREB150	AP2/ERF-AP2
GRMZM2G139082	ZmEREB152	AP2/ERF-AP2
Zm00001eb389400	ZmEREB152	AP2/ERF-AP2
Zm00001d046913	ZmEREB152	AP2/ERF-AP2
Zm00001d026447	ZmEREB156	AP2/ERF-AP2
GRMZM2G421033	ZmEREB156	AP2/ERF-AP2
Zm00001eb432090	ZmEREB156	AP2/ERF-AP2
Zm00001eb244060	ZmEREB157	AP2/ERF-AP2
GRMZM2G087040	ZmEREB157	AP2/ERF-AP2
Zm00001d016848	ZmEREB157	AP2/ERF-AP2
GRMZM2G021573	ZmEREB161	AP2/ERF-AP2
Zm00001d048004	ZmEREB161	AP2/ERF-AP2
Zm00001eb399440	ZmEREB161	AP2/ERF-AP2
Zm00001eb294830	ZmEREB162	AP2/ERF-AP2
Zm00001d038907	ZmEREB162	AP2/ERF-AP2
GRMZM2G059939	ZmEREB162	AP2/ERF-AP2
Zm00001d024468	ZmEREB163	AP2/ERF-AP2
Zm00001eb415010	ZmEREB163	AP2/ERF-AP2
GRMZM2G022359	ZmEREB163	AP2/ERF-AP2
Zm00001d039019	ZmEREB165	AP2/ERF-AP2
GRMZM2G317596	ZmEREB165	AP2/ERF-AP2
Zm00001eb295930	ZmEREB165	AP2/ERF-AP2
Zm00001d038087	ZmEREB171	AP2/ERF-AP2
Zm00001eb287100	ZmEREB171	AP2/ERF-AP2
GRMZM2G013657	ZmEREB171	AP2/ERF-AP2
Zm00001eb398110	ZmEREB173	AP2/ERF-AP2
Zm00001d047860	ZmEREB173	AP2/ERF-AP2
GRMZM2G007406	ZmEREB173	AP2/ERF-AP2
Zm00001d027924	ZmEREB179	AP2/ERF-AP2
GRMZM2G129674	ZmEREB179	AP2/ERF-AP2
Zm00001eb006160	ZmEREB179	AP2/ERF-AP2
GRMZM2G028151	ZmEREB184	AP2/ERF-AP2
Zm00001eb058850	ZmEREB184	AP2/ERF-AP2
Zm00001d034204	ZmEREB184	AP2/ERF-AP2
Zm00001d008872	ZmEREB186	AP2/ERF-AP2
AC187157.4_FG001	ZmEREB186	AP2/ERF-AP2
Zm00001eb338000	ZmEREB186	AP2/ERF-AP2
Zm00001eb254860	ZmEREB187	AP2/ERF-AP2
GRMZM2G130459	ZmEREB187	AP2/ERF-AP2
Zm00001d018050	ZmEREB187	AP2/ERF-AP2
GRMZM2G477287	ZmEREB188	AP2/ERF-AP2
Zm00001eb021440	ZmEREB188	AP2/ERF-AP2
Zm00001d029679	ZmEREB188	AP2/ERF-AP2
Zm00001d019744	ZmEREB189	AP2/ERF-AP2
Zm00001eb307600	ZmEREB189	AP2/ERF-AP2
GRMZM2G060517	ZmEREB189	AP2/ERF-AP2
GRMZM2G466044	ZmEREB195	AP2/ERF-AP2
Zm00001eb249290	ZmEREB195	AP2/ERF-AP2
Zm00001d017462	ZmEREB195	AP2/ERF-AP2
Zm00001d002075	ZmEREB197	AP2/ERF-AP2
GRMZM2G174784	ZmEREB197	AP2/ERF-AP2
Zm00001eb068520	ZmEREB197	AP2/ERF-AP2
Zm00001eb074930	ZmEREB198	AP2/ERF-AP2
Zm00001d002762	ZmEREB198	AP2/ERF-AP2
GRMZM2G055180	ZmEREB198	AP2/ERF-AP2
Zm00001eb325250	ZmEREB201	AP2/ERF-AP2
GRMZM2G384386	ZmEREB201	AP2/ERF-AP2
Zm00001eb325260	ZmEREB201	AP2/ERF-AP2
Zm00001d021892	ZmEREB201	AP2/ERF-AP2
GRMZM2G366434	ZmEREB206	AP2/ERF-AP2
Zm00001d017207	ZmEREB206	AP2/ERF-AP2
Zm00001eb247080	ZmEREB206	AP2/ERF-AP2
GRMZM2G160971	ZmEREB208	AP2/ERF-AP2
Zm00001eb157950	ZmEREB208	AP2/ERF-AP2
Zm00001d044004	ZmEREB208	AP2/ERF-AP2
Zm00001eb157940	ZmEREB208	AP2/ERF-AP2
Zm00001d007033	ZmEREB210	AP2/ERF-AP2
GRMZM2G125460	ZmEREB210	AP2/ERF-AP2
Zm00001eb110290	ZmEREB210	AP2/ERF-AP2
Zm00001eb429790	ZmEREB230	AP2/ERF-AP2
Zm00001d026182	ZmEREB230	AP2/ERF-AP2
Zm00001eb441240	ZmEREB231	AP2/ERF-AP2
GRMZM2G065538	ZmEREB232	AP2/ERF-AP2
Zm00001eb360750	ZmEREB232	AP2/ERF-AP2
Zm00001d011639	ZmEREB232	AP2/ERF-AP2
Zm00001eb124740	ZmEREB233	AP2/ERF-AP2
Zm00001d039907	ZmEREB233	AP2/ERF-AP2
GRMZM5G855347	ZmEREB234	AP2/ERF-AP2
Zm00001eb005820	ZmEREB234	AP2/ERF-AP2
Zm00001d027884	ZmEREB234	AP2/ERF-AP2
GRMZM2G067036	ZmEREB235	AP2/ERF-AP2
Zm00001eb289400	ZmEREB235	AP2/ERF-AP2
Zm00001d038343	ZmEREB235	AP2/ERF-AP2
Zm00001d028069	ZmEREB236	AP2/ERF-AP2
Zm00001eb007390	ZmEREB236	AP2/ERF-AP2
Zm00001eb007410	ZmEREB236	AP2/ERF-AP2
GRMZM2G461905	ZmEREB236	AP2/ERF-AP2
Zm00001eb007400	ZmEREB236	AP2/ERF-AP2
Zm00001eb386280	ZmEREB237	AP2/ERF-AP2
Zm00001d046501	ZmEREB237	AP2/ERF-AP2
GRMZM2G319786	ZmEREB238	AP2/ERF-AP2
Zm00001eb186380	ZmEREB238	AP2/ERF-AP2
Zm00001d051340	ZmEREB238	AP2/ERF-AP2
Zm00001eb198550	ZmEREB239	AP2/ERF-AP2
Zm00001d052732	ZmEREB239	AP2/ERF-AP2
Zm00001eb423100	ZmEREB240	AP2/ERF-AP2
GRMZM2G424348	ZmEREB240	AP2/ERF-AP2
Zm00001d025477	ZmEREB240	AP2/ERF-AP2
Zm00001eb391190	ZmEREB1	AP2/ERF-ERF
GRMZM5G889719	ZmEREB1	AP2/ERF-ERF
Zm00001d000179	ZmEREB1	AP2/ERF-ERF
Zm00001eb391180	ZmEREB1	AP2/ERF-ERF
GRMZM2G172936	ZmEREB6	AP2/ERF-ERF
Zm00001d002744	ZmEREB6	AP2/ERF-ERF
Zm00001eb074730	ZmEREB6	AP2/ERF-ERF
Zm00001eb206360	ZmEREB8	AP2/ERF-ERF
GRMZM2G146028	ZmEREB8	AP2/ERF-ERF
Zm00001d053707	ZmEREB8	AP2/ERF-ERF
GRMZM2G323172	ZmEREB9	AP2/ERF-ERF
Zm00001d037531	ZmEREB9	AP2/ERF-ERF
Zm00001eb282240	ZmEREB9	AP2/ERF-ERF
GRMZM2G029323	ZmEREB17	AP2/ERF-ERF
Zm00001eb194220	ZmEREB17	AP2/ERF-ERF
Zm00001d052229	ZmEREB17	AP2/ERF-ERF
Zm00001d018081	ZmEREB18	AP2/ERF-ERF
GRMZM2G055204	ZmEREB18	AP2/ERF-ERF
Zm00001eb255160	ZmEREB18	AP2/ERF-ERF
GRMZM2G175543	ZmEREB19	AP2/ERF-ERF
Zm00001d036536	ZmEREB19	AP2/ERF-ERF
Zm00001eb273390	ZmEREB19	AP2/ERF-ERF
GRMZM2G174834	ZmEREB20	AP2/ERF-ERF
Zm00001d052405	ZmEREB20	AP2/ERF-ERF
Zm00001eb195920	ZmEREB20	AP2/ERF-ERF
Zm00001eb347600	ZmEREB22	AP2/ERF-ERF
Zm00001d010048	ZmEREB22	AP2/ERF-ERF
GRMZM2G006745	ZmEREB22	AP2/ERF-ERF
Zm00001eb318900	ZmEREB23	AP2/ERF-ERF
Zm00001d021207	ZmEREB23	AP2/ERF-ERF
GRMZM2G069126	ZmEREB23	AP2/ERF-ERF
GRMZM2G119865	ZmEREB25	AP2/ERF-ERF
Zm00001d036298	ZmEREB25	AP2/ERF-ERF
Zm00001eb271520	ZmEREB25	AP2/ERF-ERF
GRMZM2G084264	ZmEREB27	AP2/ERF-ERF
Zm00001d037165	ZmEREB27	AP2/ERF-ERF
Zm00001eb279090	ZmEREB27	AP2/ERF-ERF
GRMZM2G544539	ZmEREB28	AP2/ERF-ERF
Zm00001d023535	ZmEREB28	AP2/ERF-ERF
Zm00001eb407760	ZmEREB28	AP2/ERF-ERF
Zm00001d012584	ZmEREB29	AP2/ERF-ERF
Zm00001eb369550	ZmEREB29	AP2/ERF-ERF
GRMZM2G132223	ZmEREB29	AP2/ERF-ERF
GRMZM5G852704	ZmEREB31	AP2/ERF-ERF
Zm00001d044857	ZmEREB31	AP2/ERF-ERF
Zm00001eb372660	ZmEREB31	AP2/ERF-ERF
Zm00001eb232560	ZmEREB37	AP2/ERF-ERF
GRMZM2G322672	ZmEREB37	AP2/ERF-ERF
GRMZM2G419901	ZmEREB38	AP2/ERF-ERF
Zm00001d027870	ZmEREB38	AP2/ERF-ERF
Zm00001eb005650	ZmEREB38	AP2/ERF-ERF
GRMZM2G164591	ZmEREB40	AP2/ERF-ERF
GRMZM2G020016	ZmEREB42	AP2/ERF-ERF
Zm00001eb291720	ZmEREB42	AP2/ERF-ERF
Zm00001d038584	ZmEREB42	AP2/ERF-ERF
Zm00001d007237	ZmEREB43	AP2/ERF-ERF
GRMZM2G399598	ZmEREB43	AP2/ERF-ERF
Zm00001eb112060	ZmEREB43	AP2/ERF-ERF
Zm00001eb112070	ZmEREB43	AP2/ERF-ERF
Zm00001d007236	ZmEREB43	AP2/ERF-ERF
GRMZM5G806839	ZmEREB44	AP2/ERF-ERF
Zm00001d029884	ZmEREB44	AP2/ERF-ERF
Zm00001eb023210	ZmEREB44	AP2/ERF-ERF
GRMZM2G067463	ZmEREB45	AP2/ERF-ERF
Zm00001d002011	ZmEREB45	AP2/ERF-ERF
Zm00001eb067800	ZmEREB45	AP2/ERF-ERF
Zm00001d048296	ZmEREB48	AP2/ERF-ERF
GRMZM2G376255	ZmEREB48	AP2/ERF-ERF
Zm00001eb402040	ZmEREB48	AP2/ERF-ERF
Zm00001eb402030	ZmEREB48	AP2/ERF-ERF
Zm00001eb119540	ZmEREB50	AP2/ERF-ERF
Zm00001d039324	ZmEREB50	AP2/ERF-ERF
GRMZM2G142179	ZmEREB50	AP2/ERF-ERF
GRMZM2G055070	ZmEREB51	AP2/ERF-ERF
Zm00001d024436	ZmEREB51	AP2/ERF-ERF
Zm00001eb414830	ZmEREB51	AP2/ERF-ERF
Zm00001d042588	ZmEREB52	AP2/ERF-ERF
Zm00001eb145420	ZmEREB52	AP2/ERF-ERF
GRMZM2G105266	ZmEREB52	AP2/ERF-ERF
GRMZM2G020054	ZmEREB54	AP2/ERF-ERF
Zm00001d024324	ZmEREB54	AP2/ERF-ERF
Zm00001eb413930	ZmEREB54	AP2/ERF-ERF
Zm00001eb269420	ZmEREB56	AP2/ERF-ERF
GRMZM2G380377	ZmEREB56	AP2/ERF-ERF
Zm00001d036003	ZmEREB56	AP2/ERF-ERF
GRMZM2G097081	ZmEREB57	AP2/ERF-ERF
Zm00001d052102	ZmEREB57	AP2/ERF-ERF
Zm00001eb193060	ZmEREB57	AP2/ERF-ERF
Zm00001eb065180	ZmEREB58	AP2/ERF-ERF
Zm00001d034920	ZmEREB58	AP2/ERF-ERF
Zm00001eb065170	ZmEREB58	AP2/ERF-ERF
GRMZM2G381441	ZmEREB58	AP2/ERF-ERF
Zm00001d032144	ZmEREB60	AP2/ERF-ERF
Zm00001eb041070	ZmEREB60	AP2/ERF-ERF
GRMZM2G131266	ZmEREB60	AP2/ERF-ERF
Zm00001eb074900	ZmEREB61	AP2/ERF-ERF
GRMZM2G475678	ZmEREB61	AP2/ERF-ERF
Zm00001d002760	ZmEREB61	AP2/ERF-ERF
Zm00001eb303690	ZmEREB64	AP2/ERF-ERF
GRMZM2G472052	ZmEREB64	AP2/ERF-ERF
Zm00001eb303680	ZmEREB64	AP2/ERF-ERF
Zm00001d019215	ZmEREB64	AP2/ERF-ERF
GRMZM2G171569	ZmEREB64	AP2/ERF-ERF
Zm00001d019216	ZmEREB64	AP2/ERF-ERF
GRMZM2G124011	ZmEREB65	AP2/ERF-ERF
Zm00001d006170	ZmEREB65	AP2/ERF-ERF
Zm00001eb103110	ZmEREB65	AP2/ERF-ERF
GRMZM2G114820	ZmEREB67	AP2/ERF-ERF
Zm00001d047339	ZmEREB67	AP2/ERF-ERF
Zm00001eb393510	ZmEREB67	AP2/ERF-ERF
GRMZM2G368838	ZmEREB68	AP2/ERF-ERF
Zm00001d002620	ZmEREB68	AP2/ERF-ERF
Zm00001eb073560	ZmEREB68	AP2/ERF-ERF
Zm00001eb285760	ZmEREB69	AP2/ERF-ERF
GRMZM2G085964	ZmEREB69	AP2/ERF-ERF
Zm00001d037941	ZmEREB69	AP2/ERF-ERF
AC213666.3_FG003	ZmEREB70	AP2/ERF-ERF
Zm00001d049309	ZmEREB70	AP2/ERF-ERF
Zm00001eb268180	ZmEREB72	AP2/ERF-ERF
Zm00001d035835	ZmEREB72	AP2/ERF-ERF
GRMZM2G135452	ZmEREB72	AP2/ERF-ERF
GRMZM2G060876	ZmEREB73	AP2/ERF-ERF
GRMZM2G024871	ZmEREB74	AP2/ERF-ERF
Zm00001eb222470	ZmEREB74	AP2/ERF-ERF
Zm00001d014113	ZmEREB74	AP2/ERF-ERF
GRMZM2G060249	ZmEREB75	AP2/ERF-ERF
Zm00001eb327540	ZmEREB75	AP2/ERF-ERF
Zm00001d017366	ZmEREB76	AP2/ERF-ERF
GRMZM2G139765	ZmEREB76	AP2/ERF-ERF
Zm00001eb248380	ZmEREB76	AP2/ERF-ERF
Zm00001eb248390	ZmEREB76	AP2/ERF-ERF
GRMZM2G060206	ZmEREB78	AP2/ERF-ERF
Zm00001eb175740	ZmEREB78	AP2/ERF-ERF
Zm00001d049903	ZmEREB78	AP2/ERF-ERF
GRMZM2G175856	ZmEREB79	AP2/ERF-ERF
Zm00001eb037530	ZmEREB79	AP2/ERF-ERF
Zm00001d031728	ZmEREB79	AP2/ERF-ERF
GRMZM2G151542	ZmEREB80	AP2/ERF-ERF
Zm00001d011499	ZmEREB80	AP2/ERF-ERF
Zm00001eb359500	ZmEREB80	AP2/ERF-ERF
Zm00001eb288320	ZmEREB84	AP2/ERF-ERF
GRMZM2G481668	ZmEREB84	AP2/ERF-ERF
Zm00001d038216	ZmEREB84	AP2/ERF-ERF
Zm00001d005016	ZmEREB85	AP2/ERF-ERF
Zm00001eb093560	ZmEREB85	AP2/ERF-ERF
GRMZM2G124524	ZmEREB85	AP2/ERF-ERF
Zm00001d025910	ZmEREB86	AP2/ERF-ERF
GRMZM2G040664	ZmEREB86	AP2/ERF-ERF
Zm00001eb427130	ZmEREB86	AP2/ERF-ERF
Zm00001eb074910	ZmEREB87	AP2/ERF-ERF
Zm00001d002761	ZmEREB87	AP2/ERF-ERF
GRMZM5G805505	ZmEREB87	AP2/ERF-ERF
Zm00001eb318920	ZmEREB88	AP2/ERF-ERF
GRMZM2G018138	ZmEREB88	AP2/ERF-ERF
Zm00001d021214	ZmEREB88	AP2/ERF-ERF
Zm00001d049889	ZmEREB89	AP2/ERF-ERF
Zm00001eb175640	ZmEREB89	AP2/ERF-ERF
GRMZM2G156737	ZmEREB89	AP2/ERF-ERF
Zm00001d018305	ZmEREB90	AP2/ERF-ERF
GRMZM2G110333	ZmEREB90	AP2/ERF-ERF
Zm00001eb257170	ZmEREB90	AP2/ERF-ERF
Zm00001d003871	ZmEREB91	AP2/ERF-ERF
Zm00001eb084720	ZmEREB91	AP2/ERF-ERF
GRMZM2G079825	ZmEREB91	AP2/ERF-ERF
GRMZM2G066158	ZmEREB93	AP2/ERF-ERF
Zm00001d010676	ZmEREB93	AP2/ERF-ERF
Zm00001eb352570	ZmEREB93	AP2/ERF-ERF
Zm00001d020043	ZmEREB94	AP2/ERF-ERF
GRMZM2G363052	ZmEREB94	AP2/ERF-ERF
Zm00001eb309590	ZmEREB94	AP2/ERF-ERF
Zm00001d027686	ZmEREB95	AP2/ERF-ERF
Zm00001eb004020	ZmEREB95	AP2/ERF-ERF
AC198979.4_FG009	ZmEREB95	AP2/ERF-ERF
Zm00001d027687	ZmEREB95	AP2/ERF-ERF
Zm00001d002364	ZmEREB97	AP2/ERF-ERF
Zm00001eb071190	ZmEREB97	AP2/ERF-ERF
GRMZM2G068967	ZmEREB97	AP2/ERF-ERF
GRMZM2G052720	ZmEREB98	AP2/ERF-ERF
Zm00001d053859	ZmEREB98	AP2/ERF-ERF
GRMZM2G073258	ZmEREB99	AP2/ERF-ERF
Zm00001eb290280	ZmEREB100	AP2/ERF-ERF
AC209257.4_FG004	ZmEREB100	AP2/ERF-ERF
Zm00001eb290290	ZmEREB100	AP2/ERF-ERF
AC209257.4_FG006	ZmEREB100	AP2/ERF-ERF
Zm00001d038446	ZmEREB100	AP2/ERF-ERF
Zm00001d028017	ZmEREB101	AP2/ERF-ERF
GRMZM2G003466	ZmEREB101	AP2/ERF-ERF
Zm00001eb007000	ZmEREB101	AP2/ERF-ERF
Zm00001eb313850	ZmEREB102	AP2/ERF-ERF
Zm00001d020595	ZmEREB102	AP2/ERF-ERF
GRMZM2G052667	ZmEREB102	AP2/ERF-ERF
AC198403.3_FG001	ZmEREB106	AP2/ERF-ERF
Zm00001d048991	ZmEREB106	AP2/ERF-ERF
Zm00001eb168040	ZmEREB106	AP2/ERF-ERF
GRMZM2G057386	ZmEREB107	AP2/ERF-ERF
Zm00001d017466	ZmEREB107	AP2/ERF-ERF
Zm00001eb249320	ZmEREB107	AP2/ERF-ERF
Zm00001d031499	ZmEREB108	AP2/ERF-ERF
Zm00001eb035470	ZmEREB108	AP2/ERF-ERF
GRMZM2G480434	ZmEREB108	AP2/ERF-ERF
Zm00001eb202570	ZmEREB111	AP2/ERF-ERF
GRMZM2G076896	ZmEREB111	AP2/ERF-ERF
Zm00001d053195	ZmEREB111	AP2/ERF-ERF
Zm00001eb027780	ZmEREB112	AP2/ERF-ERF
Zm00001d030513	ZmEREB112	AP2/ERF-ERF
GRMZM2G039870	ZmEREB112	AP2/ERF-ERF
GRMZM2G457562	ZmEREB113	AP2/ERF-ERF
Zm00001d010175	ZmEREB113	AP2/ERF-ERF
Zm00001eb348560	ZmEREB113	AP2/ERF-ERF
Zm00001d021208	ZmEREB115	AP2/ERF-ERF
GRMZM2G069146	ZmEREB115	AP2/ERF-ERF
Zm00001eb318910	ZmEREB115	AP2/ERF-ERF
Zm00001d021089	ZmEREB116	AP2/ERF-ERF
Zm00001eb318060	ZmEREB116	AP2/ERF-ERF
GRMZM2G131281	ZmEREB116	AP2/ERF-ERF
Zm00001eb335200	ZmEREB118	AP2/ERF-ERF
GRMZM2G081892	ZmEREB118	AP2/ERF-ERF
Zm00001eb335190	ZmEREB118	AP2/ERF-ERF
Zm00001d008546	ZmEREB118	AP2/ERF-ERF
Zm00001d008545	ZmEREB118	AP2/ERF-ERF
Zm00001d031673	ZmEREB119	AP2/ERF-ERF
Zm00001eb037040	ZmEREB119	AP2/ERF-ERF
GRMZM2G309731	ZmEREB119	AP2/ERF-ERF
Zm00001eb007330	ZmEREB120	AP2/ERF-ERF
Zm00001d028066	ZmEREB120	AP2/ERF-ERF
Zm00001eb007340	ZmEREB120	AP2/ERF-ERF
Zm00001eb007350	ZmEREB120	AP2/ERF-ERF
GRMZM2G703514	ZmEREB120	AP2/ERF-ERF
AC200038.4_FG011	ZmEREB120	AP2/ERF-ERF
GRMZM2G176175	ZmEREB121	AP2/ERF-ERF
Zm00001d019230	ZmEREB121	AP2/ERF-ERF
Zm00001eb303810	ZmEREB121	AP2/ERF-ERF
Zm00001eb303820	ZmEREB121	AP2/ERF-ERF
Zm00001eb007370	ZmEREB123	AP2/ERF-ERF
Zm00001d028068	ZmEREB123	AP2/ERF-ERF
GRMZM2G461907	ZmEREB123	AP2/ERF-ERF
Zm00001d048297	ZmEREB124	AP2/ERF-ERF
Zm00001eb402050	ZmEREB124	AP2/ERF-ERF
GRMZM2G399098	ZmEREB124	AP2/ERF-ERF
GRMZM2G023708	ZmEREB125	AP2/ERF-ERF
Zm00001d025298	ZmEREB125	AP2/ERF-ERF
Zm00001eb421530	ZmEREB125	AP2/ERF-ERF
GRMZM2G016434	ZmEREB129	AP2/ERF-ERF
Zm00001d016616	ZmEREB129	AP2/ERF-ERF
Zm00001eb242090	ZmEREB129	AP2/ERF-ERF
Zm00001eb084810	ZmEREB131	AP2/ERF-ERF
GRMZM2G087059	ZmEREB131	AP2/ERF-ERF
Zm00001eb084820	ZmEREB131	AP2/ERF-ERF
Zm00001d003884	ZmEREB131	AP2/ERF-ERF
GRMZM2G165257	ZmEREB132	AP2/ERF-ERF
Zm00001d050948	ZmEREB132	AP2/ERF-ERF
Zm00001eb183620	ZmEREB132	AP2/ERF-ERF
Zm00001d043491	ZmEREB134	AP2/ERF-ERF
GRMZM2G474326	ZmEREB134	AP2/ERF-ERF
Zm00001eb153470	ZmEREB134	AP2/ERF-ERF
Zm00001d036251	ZmEREB135	AP2/ERF-ERF
GRMZM2G328197	ZmEREB135	AP2/ERF-ERF
Zm00001eb271260	ZmEREB135	AP2/ERF-ERF
Zm00001eb256080	ZmEREB136	AP2/ERF-ERF
Zm00001eb256070	ZmEREB136	AP2/ERF-ERF
Zm00001d018191	ZmEREB136	AP2/ERF-ERF
GRMZM5G806638	ZmEREB136	AP2/ERF-ERF
GRMZM2G021369	ZmEREB136	AP2/ERF-ERF
Zm00001d031861	ZmEREB137	AP2/ERF-ERF
GRMZM2G028386	ZmEREB137	AP2/ERF-ERF
Zm00001eb038660	ZmEREB137	AP2/ERF-ERF
Zm00001eb234870	ZmEREB138	AP2/ERF-ERF
Zm00001d015639	ZmEREB138	AP2/ERF-ERF
GRMZM2G079653	ZmEREB138	AP2/ERF-ERF
GRMZM2G348307	ZmEREB140	AP2/ERF-ERF
Zm00001d050137	ZmEREB140	AP2/ERF-ERF
Zm00001eb177550	ZmEREB140	AP2/ERF-ERF
GRMZM2G010100	ZmEREB142	AP2/ERF-ERF
Zm00001eb051660	ZmEREB142	AP2/ERF-ERF
Zm00001d033353	ZmEREB142	AP2/ERF-ERF
GRMZM2G106591	ZmEREB145	AP2/ERF-ERF
Zm00001eb276690	ZmEREB145	AP2/ERF-ERF
Zm00001eb276700	ZmEREB145	AP2/ERF-ERF
Zm00001d036889	ZmEREB145	AP2/ERF-ERF
GRMZM2G053503	ZmEREB148	AP2/ERF-ERF
Zm00001d009103	ZmEREB148	AP2/ERF-ERF
Zm00001eb340140	ZmEREB148	AP2/ERF-ERF
GRMZM2G425798	ZmEREB149	AP2/ERF-ERF
Zm00001d025281	ZmEREB149	AP2/ERF-ERF
Zm00001eb421430	ZmEREB149	AP2/ERF-ERF
Zm00001eb330200	ZmEREB151	AP2/ERF-ERF
GRMZM2G307119	ZmEREB151	AP2/ERF-ERF
Zm00001d022488	ZmEREB151	AP2/ERF-ERF
Zm00001d019096	ZmEREB153	AP2/ERF-ERF
Zm00001eb302740	ZmEREB153	AP2/ERF-ERF
GRMZM2G379652	ZmEREB153	AP2/ERF-ERF
GRMZM2G026926	ZmEREB154	AP2/ERF-ERF
Zm00001d002867	ZmEREB154	AP2/ERF-ERF
Zm00001eb075900	ZmEREB154	AP2/ERF-ERF
Zm00001eb195490	ZmEREB155	AP2/ERF-ERF
Zm00001d052365	ZmEREB155	AP2/ERF-ERF
GRMZM2G060465	ZmEREB155	AP2/ERF-ERF
Zm00001d043204	ZmEREB158	AP2/ERF-ERF
Zm00001eb150830	ZmEREB158	AP2/ERF-ERF
GRMZM2G002119	ZmEREB158	AP2/ERF-ERF
GRMZM2G009598	ZmEREB159	AP2/ERF-ERF
Zm00001d034605	ZmEREB159	AP2/ERF-ERF
Zm00001eb062200	ZmEREB159	AP2/ERF-ERF
Zm00001d045044	ZmEREB160	AP2/ERF-ERF
GRMZM2G171179	ZmEREB160	AP2/ERF-ERF
Zm00001eb374110	ZmEREB160	AP2/ERF-ERF
Zm00001d038001	ZmEREB164	AP2/ERF-ERF
GRMZM2G093595	ZmEREB164	AP2/ERF-ERF
Zm00001eb286280	ZmEREB164	AP2/ERF-ERF
GRMZM2G478965	ZmEREB166	AP2/ERF-ERF
Zm00001d019098	ZmEREB166	AP2/ERF-ERF
Zm00001eb302750	ZmEREB166	AP2/ERF-ERF
GRMZM2G050851	ZmEREB167	AP2/ERF-ERF
Zm00001d032095	ZmEREB167	AP2/ERF-ERF
Zm00001eb040690	ZmEREB167	AP2/ERF-ERF
Zm00001d030862	ZmEREB168	AP2/ERF-ERF
GRMZM2G039112	ZmEREB168	AP2/ERF-ERF
Zm00001eb030240	ZmEREB168	AP2/ERF-ERF
GRMZM2G016079	ZmEREB169	AP2/ERF-ERF
Zm00001d031498	ZmEREB169	AP2/ERF-ERF
Zm00001eb035460	ZmEREB169	AP2/ERF-ERF
Zm00001d051239	ZmEREB170	AP2/ERF-ERF
Zm00001eb185680	ZmEREB170	AP2/ERF-ERF
GRMZM2G300924	ZmEREB170	AP2/ERF-ERF
Zm00001eb038070	ZmEREB172	AP2/ERF-ERF
Zm00001d031796	ZmEREB172	AP2/ERF-ERF
GRMZM2G369472	ZmEREB172	AP2/ERF-ERF
Zm00001d042717	ZmEREB174	AP2/ERF-ERF
GRMZM2G149756	ZmEREB174	AP2/ERF-ERF
Zm00001eb146650	ZmEREB174	AP2/ERF-ERF
GRMZM2G429378	ZmEREB175	AP2/ERF-ERF
Zm00001eb376110	ZmEREB175	AP2/ERF-ERF
Zm00001d045262	ZmEREB175	AP2/ERF-ERF
Zm00001d051355	ZmEREB176	AP2/ERF-ERF
GRMZM2G072926	ZmEREB176	AP2/ERF-ERF
Zm00001eb186490	ZmEREB176	AP2/ERF-ERF
Zm00001eb307550	ZmEREB177	AP2/ERF-ERF
GRMZM2G123119	ZmEREB177	AP2/ERF-ERF
Zm00001d019734	ZmEREB177	AP2/ERF-ERF
Zm00001eb242140	ZmEREB178	AP2/ERF-ERF
Zm00001d016623	ZmEREB178	AP2/ERF-ERF
GRMZM2G047999	ZmEREB178	AP2/ERF-ERF
Zm00001d027925	ZmEREB180	AP2/ERF-ERF
GRMZM2G018984	ZmEREB180	AP2/ERF-ERF
Zm00001eb006180	ZmEREB180	AP2/ERF-ERF
AC206951.3_FG016	ZmEREB181	AP2/ERF-ERF
Zm00001d027928	ZmEREB181	AP2/ERF-ERF
Zm00001eb006200	ZmEREB181	AP2/ERF-ERF
AC206951.3_FG017	ZmEREB182	AP2/ERF-ERF
Zm00001d027929	ZmEREB182	AP2/ERF-ERF
Zm00001eb006210	ZmEREB182	AP2/ERF-ERF
GRMZM2G458437	ZmEREB183	AP2/ERF-ERF
Zm00001d007119	ZmEREB183	AP2/ERF-ERF
Zm00001eb111080	ZmEREB183	AP2/ERF-ERF
GRMZM2G028969	ZmEREB185	AP2/ERF-ERF
Zm00001eb074750	ZmEREB185	AP2/ERF-ERF
Zm00001d002747	ZmEREB185	AP2/ERF-ERF
Zm00001eb432460	ZmEREB190	AP2/ERF-ERF
Zm00001d026486	ZmEREB190	AP2/ERF-ERF
GRMZM2G104260	ZmEREB190	AP2/ERF-ERF
Zm00001eb239450	ZmEREB191	AP2/ERF-ERF
GRMZM2G047918	ZmEREB191	AP2/ERF-ERF
Zm00001d016262	ZmEREB191	AP2/ERF-ERF
Zm00001eb125330	ZmEREB192	AP2/ERF-ERF
GRMZM2G129777	ZmEREB192	AP2/ERF-ERF
Zm00001eb130510	ZmEREB193	AP2/ERF-ERF
Zm00001d040651	ZmEREB193	AP2/ERF-ERF
GRMZM2G169382	ZmEREB193	AP2/ERF-ERF
GRMZM2G120401	ZmEREB194	AP2/ERF-ERF
Zm00001d038585	ZmEREB196	AP2/ERF-ERF
Zm00001eb291730	ZmEREB196	AP2/ERF-ERF
GRMZM2G020150	ZmEREB196	AP2/ERF-ERF
Zm00001eb040530	ZmEREB199	AP2/ERF-ERF
GRMZM2G163745	ZmEREB199	AP2/ERF-ERF
Zm00001d032077	ZmEREB199	AP2/ERF-ERF
Zm00001eb330490	ZmEREB200	AP2/ERF-ERF
Zm00001d022461	ZmEREB200	AP2/ERF-ERF
GRMZM2G025062	ZmEREB200	AP2/ERF-ERF
GRMZM2G148333	ZmEREB202	AP2/ERF-ERF
Zm00001eb099980	ZmEREB202	AP2/ERF-ERF
Zm00001d005798	ZmEREB202	AP2/ERF-ERF
Zm00001d046651	ZmEREB203	AP2/ERF-ERF
GRMZM2G104866	ZmEREB203	AP2/ERF-ERF
Zm00001eb387490	ZmEREB203	AP2/ERF-ERF
Zm00001eb042240	ZmEREB204	AP2/ERF-ERF
Zm00001d032295	ZmEREB204	AP2/ERF-ERF
GRMZM2G061487	ZmEREB204	AP2/ERF-ERF
GRMZM2G438202	ZmEREB205	AP2/ERF-ERF
Zm00001eb430640	ZmEREB205	AP2/ERF-ERF
Zm00001d026271	ZmEREB205	AP2/ERF-ERF
Zm00001eb374830	ZmEREB207	AP2/ERF-ERF
GRMZM2G156006	ZmEREB207	AP2/ERF-ERF
Zm00001d045120	ZmEREB207	AP2/ERF-ERF
GRMZM2G089995	ZmEREB209	AP2/ERF-ERF
Zm00001eb171050	ZmEREB209	AP2/ERF-ERF
Zm00001d049364	ZmEREB209	AP2/ERF-ERF
Zm00001eb100800	ZmEREB211	AP2/ERF-ERF
Zm00001d005892	ZmEREB211	AP2/ERF-ERF
GRMZM2G138396	ZmEREB211	AP2/ERF-ERF
Zm00001eb432100	ZmEREB212	AP2/ERF-ERF
GRMZM2G076602	ZmEREB212	AP2/ERF-ERF
Zm00001d026448	ZmEREB212	AP2/ERF-ERF
Zm00001eb440680	ZmEREB213	AP2/ERF-ERF
Zm00001eb001210	ZmEREB214	AP2/ERF-ERF
GRMZM2G030299	ZmEREB214	AP2/ERF-ERF
Zm00001eb001200	ZmEREB214	AP2/ERF-ERF
GRMZM2G320111	ZmEREB214	AP2/ERF-ERF
Zm00001d027369	ZmEREB214	AP2/ERF-ERF
Zm00001eb007360	ZmEREB215	AP2/ERF-ERF
Zm00001eb257030	ZmEREB216	AP2/ERF-ERF
Zm00001eb257020	ZmEREB216	AP2/ERF-ERF
Zm00001d018288	ZmEREB216	AP2/ERF-ERF
Zm00001d044950	ZmEREB217	AP2/ERF-ERF
Zm00001eb373370	ZmEREB217	AP2/ERF-ERF
Zm00001d023662	ZmEREB218	AP2/ERF-ERF
Zm00001eb408830	ZmEREB218	AP2/ERF-ERF
Zm00001d043409	ZmEREB219	AP2/ERF-ERF
Zm00001eb152690	ZmEREB219	AP2/ERF-ERF
Zm00001eb066910	ZmEREB220	AP2/ERF-ERF
Zm00001d001907	ZmEREB220	AP2/ERF-ERF
Zm00001eb066900	ZmEREB220	AP2/ERF-ERF
Zm00001eb066890	ZmEREB220	AP2/ERF-ERF
GRMZM2G010555	ZmEREB220	AP2/ERF-ERF
Zm00001d001908	ZmEREB220	AP2/ERF-ERF
Zm00001eb429810	ZmEREB221	AP2/ERF-ERF
Zm00001d026184	ZmEREB221	AP2/ERF-ERF
Zm00001eb429800	ZmEREB221	AP2/ERF-ERF
GRMZM2G118479	ZmEREB222	AP2/ERF-ERF
Zm00001d016535	ZmEREB222	AP2/ERF-ERF
Zm00001eb241420	ZmEREB222	AP2/ERF-ERF
GRMZM2G346207	ZmEREB222	AP2/ERF-ERF
Zm00001d032967	ZmEREB223	AP2/ERF-ERF
Zm00001eb048080	ZmEREB223	AP2/ERF-ERF
GRMZM2G339203	ZmEREB223	AP2/ERF-ERF
Zm00001d005309	ZmEREB224	AP2/ERF-ERF
Zm00001eb095780	ZmEREB224	AP2/ERF-ERF
Zm00001eb114940	ZmEREB225	AP2/ERF-ERF
Zm00001eb226070	ZmEREB226	AP2/ERF-ERF
Zm00001d014565	ZmEREB226	AP2/ERF-ERF
Zm00001eb023680	ZmEREB227	AP2/ERF-ERF
Zm00001d029940	ZmEREB227	AP2/ERF-ERF
Zm00001d030631	ZmEREB228	AP2/ERF-ERF
Zm00001eb028530	ZmEREB228	AP2/ERF-ERF
Zm00001d008665	ZmEREB229	AP2/ERF-ERF
Zm00001eb336270	ZmEREB229	AP2/ERF-ERF
Zm00001eb035640	ZmARF1	ARF
GRMZM2G169820	ZmARF1	ARF
Zm00001d031522	ZmARF1	ARF
Zm00001eb045640	ZmARF2	ARF
GRMZM2G153233	ZmARF2	ARF
Zm00001d032683	ZmARF2	ARF
GRMZM2G078274	ZmARF3	ARF
Zm00001d001879	ZmARF3	ARF
Zm00001eb066640	ZmARF3	ARF
GRMZM2G034840	ZmARF4	ARF
Zm00001d001945	ZmARF4	ARF
Zm00001eb067270	ZmARF4	ARF
GRMZM5G808366	ZmARF5	ARF
Zm00001d002929	ZmARF5	ARF
Zm00001eb076420	ZmARF5	ARF
GRMZM2G122614	ZmARF6	ARF
Zm00001eb077170	ZmARF6	ARF
Zm00001d003011	ZmARF6	ARF
GRMZM2G475263	ZmARF7	ARF
Zm00001eb118970	ZmARF7	ARF
Zm00001d039267	ZmARF7	ARF
Zm00001eb133000	ZmARF8	ARF
GRMZM2G352159	ZmARF8	ARF
Zm00001d041056	ZmARF8	ARF
Zm00001d041497	ZmARF9	ARF
GRMZM2G073750	ZmARF9	ARF
Zm00001eb136130	ZmARF9	ARF
Zm00001eb142540	ZmARF10	ARF
GRMZM2G338259	ZmARF10	ARF
Zm00001d042267	ZmARF10	ARF
Zm00001d043431	ZmARF11	ARF
GRMZM2G056120	ZmARF11	ARF
Zm00001eb152940	ZmARF11	ARF
Zm00001d043922	ZmARF12	ARF
Zm00001eb157270	ZmARF12	ARF
GRMZM2G437460	ZmARF12	ARF
GRMZM2G378580	ZmARF13	ARF
Zm00001d049295	ZmARF13	ARF
Zm00001eb170540	ZmARF13	ARF
Zm00001d050781	ZmARF14	ARF
GRMZM2G137413	ZmARF14	ARF
Zm00001eb182260	ZmARF14	ARF
Zm00001eb185290	ZmARF15	ARF
GRMZM2G081406	ZmARF15	ARF
Zm00001d051172	ZmARF15	ARF
Zm00001d053819	ZmARF16	ARF
GRMZM2G028980	ZmARF16	ARF
Zm00001eb207450	ZmARF16	ARF
GRMZM2G159399	ZmARF17	ARF
Zm00001eb221620	ZmARF17	ARF
Zm00001d014013	ZmARF17	ARF
GRMZM2G035405	ZmARF18	ARF
Zm00001eb224680	ZmARF18	ARF
Zm00001d014377	ZmARF18	ARF
Zm00001eb225570	ZmARF19	ARF
Zm00001d014507	ZmARF19	ARF
AC207656.3_FG002	ZmARF19	ARF
GRMZM2G102845	ZmARF20	ARF
Zm00001d015243	ZmARF20	ARF
Zm00001eb232120	ZmARF20	ARF
Zm00001eb273540	ZmARF21	ARF
GRMZM2G390641	ZmARF21	ARF
Zm00001d000358	ZmARF21	ARF
Zm00001d036593	ZmARF22	ARF
Zm00001eb273840	ZmARF22	ARF
GRMZM2G089640	ZmARF22	ARF
Zm00001eb292830	ZmARF23	ARF
Zm00001d038698	ZmARF23	ARF
GRMZM2G441325	ZmARF23	ARF
Zm00001eb295830	ZmARF24	ARF
GRMZM2G030710	ZmARF24	ARF
Zm00001d039006	ZmARF24	ARF
Zm00001eb363810	ZmARF25	ARF
Zm00001d011953	ZmARF25	ARF
GRMZM2G116557	ZmARF25	ARF
Zm00001d012731	ZmARF26	ARF
Zm00001eb370810	ZmARF26	ARF
GRMZM5G874163	ZmARF26	ARF
Zm00001d045026	ZmARF27	ARF
Zm00001eb373970	ZmARF27	ARF
GRMZM2G160005	ZmARF27	ARF
GRMZM2G006042	ZmARF28	ARF
Zm00001eb408800	ZmARF28	ARF
Zm00001d023659	ZmARF28	ARF
Zm00001eb433020	ZmARF29	ARF
Zm00001d026540	ZmARF29	ARF
GRMZM2G086949	ZmARF29	ARF
Zm00001eb433460	ZmARF30	ARF
GRMZM2G475882	ZmARF30	ARF
Zm00001d026590	ZmARF30	ARF
GRMZM2G023813	ZmARF31	ARF
Zm00001eb434380	ZmARF31	ARF
Zm00001d026687	ZmARF31	ARF
GRMZM2G181254	ZmARF32	ARF
Zm00001d030803	ZmARF32	ARF
GRMZM2G179121	ZmARF33	ARF
Zm00001eb029770	ZmARF33	ARF
Zm00001d030801	ZmARF33	ARF
Zm00001d031064	ZmARF34	ARF
GRMZM2G081158	ZmARF34	ARF
Zm00001eb031700	ZmARF34	ARF
Zm00001d014690	ZmARF35	ARF
GRMZM2G317900	ZmARF35	ARF
Zm00001eb227100	ZmARF35	ARF
Zm00001d016838	ZmARF36	ARF
Zm00001eb243930	ZmARF36	ARF
GRMZM2G702026	ZmARF36	ARF
GRMZM2G075715	ZmARF37	ARF
Zm00001eb426740	ZmARF38	ARF
GRMZM2G005284	ZmARF38	ARF
Zm00001d025871	ZmARF38	ARF
Zm00001d003601	ZmARF39	ARF
Zm00001eb082150	ZmARF39	ARF
GRMZM2G017187	ZmARF39	ARF
GRMZM2G365731	ZmARID1	ARID
Zm00001eb047000	ZmARID1	ARID
Zm00001d032832	ZmARID1	ARID
Zm00001eb099960	ZmARID2	ARID
Zm00001d005794	ZmARID2	ARID
GRMZM2G140156	ZmARID2	ARID
Zm00001d051632	ZmARID3	ARID
Zm00001eb188950	ZmARID3	ARID
GRMZM2G110109	ZmARID3	ARID
GRMZM2G138976	ZmARID4	ARID
GRMZM5G873335	ZmARID4	ARID
Zm00001d020593	ZmARID4	ARID
Zm00001eb313820	ZmARID4	ARID
GRMZM2G421899	ZmARID5	ARID
Zm00001d017831	ZmARID5	ARID
Zm00001eb252640	ZmARID5	ARID
GRMZM2G024976	ZmARID6	ARID
Zm00001d016456	ZmARID6	ARID
Zm00001eb240740	ZmARID6	ARID
Zm00001d014900	ZmARID7	ARID
GRMZM2G466292	ZmARID7	ARID
Zm00001eb229050	ZmARID7	ARID
GRMZM2G466270	ZmARID7	ARID
Zm00001eb275690	ZmARID8	ARID
Zm00001d036790	ZmARID8	ARID
GRMZM2G180654	ZmARID8	ARID
Zm00001eb040700	ZmARID9	ARID
GRMZM2G110306	ZmARID9	ARID
GRMZM5G866423	ZmARID9	ARID
Zm00001d032096	ZmARID9	ARID
Zm00001eb040710	ZmARID9	ARID
Zm00001eb388060	ZmARID10	ARID
GRMZM5G883993	ZmARID10	ARID
Zm00001d046719	ZmARID10	ARID
GRMZM2G424651	ZmARID11	ARID
Zm00001eb418330	ZmARID11	ARID
Zm00001d024873	ZmARID11	ARID
Zm00001eb203110	ZmARID12	ARID
Zm00001d053265	ZmARID12	ARID
Zm00001d048046	ZmARR1	ARR-B
GRMZM2G126834	ZmARR1	ARR-B
Zm00001eb399830	ZmARR1	ARR-B
GRMZM2G409974	ZmARR2	ARR-B
Zm00001eb374760	ZmARR2	ARR-B
Zm00001d045112	ZmARR2	ARR-B
Zm00001d046755	ZmARR4	ARR-B
Zm00001eb388280	ZmARR4	ARR-B
GRMZM2G360523	ZmARR4	ARR-B
Zm00001eb144290	ZmARR6	ARR-B
GRMZM2G177220	ZmARR6	ARR-B
Zm00001d042463	ZmARR6	ARR-B
Zm00001eb365420	ZmARR7	ARR-B
Zm00001d012128	ZmARR7	ARR-B
GRMZM2G100318	ZmARR7	ARR-B
Zm00001eb257860	ZmARR8	ARR-B
Zm00001d018380	ZmARR8	ARR-B
GRMZM2G479110	ZmARR8	ARR-B
Zm00001eb234170	ZmARR9	ARR-B
Zm00001d015521	ZmARR9	ARR-B
GRMZM2G060485	ZmARR9	ARR-B
Zm00001d037537	ZmALF1	Alfin-like
Zm00001eb282300	ZmALF1	Alfin-like
GRMZM2G148810	ZmALF1	Alfin-like
Zm00001eb244180	ZmALF2	Alfin-like
GRMZM2G063864	ZmALF2	Alfin-like
Zm00001d016861	ZmALF2	Alfin-like
GRMZM2G038066	ZmALF3	Alfin-like
Zm00001d022110	ZmALF3	Alfin-like
Zm00001eb327240	ZmALF3	Alfin-like
Zm00001eb138270	ZmALF4	Alfin-like
Zm00001d041767	ZmALF4	Alfin-like
GRMZM2G153087	ZmALF4	Alfin-like
GRMZM2G016817	ZmALF5	Alfin-like
Zm00001d038208	ZmALF5	Alfin-like
Zm00001eb288280	ZmALF5	Alfin-like
GRMZM2G115424	ZmALF6	Alfin-like
Zm00001d023962	ZmALF6	Alfin-like
Zm00001eb411150	ZmALF6	Alfin-like
GRMZM2G107807	ZmALF7	Alfin-like
Zm00001eb182490	ZmALF7	Alfin-like
Zm00001d050816	ZmALF7	Alfin-like
Zm00001eb365950	ZmALF8	Alfin-like
GRMZM2G172001	ZmALF8	Alfin-like
Zm00001d012196	ZmALF8	Alfin-like
GRMZM2G017142	ZmALF9	Alfin-like
Zm00001d010834	ZmALF9	Alfin-like
Zm00001eb353930	ZmALF9	Alfin-like
Zm00001d025504	ZmALF10	Alfin-like
GRMZM2G050495	ZmALF10	Alfin-like
Zm00001eb423260	ZmALF10	Alfin-like
GRMZM2G158918	ZmALF11	Alfin-like
Zm00001eb349140	ZmALF11	Alfin-like
Zm00001d010241	ZmALF11	Alfin-like
GRMZM5G893976	ZmALF12	Alfin-like
Zm00001eb336130	ZmALF12	Alfin-like
Zm00001eb145370	ZmALF13	Alfin-like
GRMZM2G080917	ZmALF13	Alfin-like
Zm00001d042582	ZmALF13	Alfin-like
GRMZM2G156088	ZmALF14	Alfin-like
Zm00001eb423200	ZmALF14	Alfin-like
Zm00001d025491	ZmALF14	Alfin-like
Zm00001eb062440	ZmALF15	Alfin-like
AC225147.4_FG003	ZmALF15	Alfin-like
Zm00001d034627	ZmALF15	Alfin-like
GRMZM2G016564	ZmALF16	Alfin-like
GRMZM2G110952	ZmALF17	Alfin-like
Zm00001eb211930	ZmALF17	Alfin-like
Zm00001eb211920	ZmALF17	Alfin-like
Zm00001eb211940	ZmALF17	Alfin-like
Zm00001d012980	ZmALF17	Alfin-like
Zm00001eb211900	ZmALF17	Alfin-like
Zm00001eb211950	ZmALF17	Alfin-like
Zm00001eb211960	ZmALF17	Alfin-like
GRMZM2G110881	ZmALF17	Alfin-like
GRMZM2G410865	ZmALF17	Alfin-like
Zm00001eb211910	ZmALF17	Alfin-like
Zm00001d012978	ZmALF17	Alfin-like
Zm00001d012981	ZmALF17	Alfin-like
Zm00001d012979	ZmALF17	Alfin-like
Zm00001eb168160	ZmALF18	Alfin-like
Zm00001d049006	ZmALF18	Alfin-like
GRMZM2G008259	ZmALF18	Alfin-like
Zm00001d049007	ZmALF18	Alfin-like
Zm00001eb094990	ZmALF19	Alfin-like
Zm00001d005185	ZmALF19	Alfin-like
GRMZM2G047316	ZmALF19	Alfin-like
GRMZM2G008236	ZmALF20	Alfin-like
Zm00001eb110470	ZmALF20	Alfin-like
Zm00001d007054	ZmALF20	Alfin-like
Zm00001d008518	ZmALF21	Alfin-like
Zm00001eb334970	ZmALF21	Alfin-like
GRMZM2G377550	ZmALF21	Alfin-like
Zm00001d012590	ZmALF22	Alfin-like
GRMZM2G106250	ZmALF22	Alfin-like
Zm00001eb369580	ZmALF22	Alfin-like
Zm00001d015238	ZmALF23	Alfin-like
Zm00001eb232090	ZmALF23	Alfin-like
Zm00001eb099750	ZmALF24	Alfin-like
Zm00001eb099770	ZmALF24	Alfin-like
Zm00001d005779	ZmALF24	Alfin-like
Zm00001eb099780	ZmALF24	Alfin-like
GRMZM2G341405	ZmALF24	Alfin-like
Zm00001eb099760	ZmALF24	Alfin-like
GRMZM2G079957	ZmIAA1	Aux/IAA
Zm00001d030993	ZmIAA1	Aux/IAA
Zm00001eb031190	ZmIAA1	Aux/IAA
Zm00001eb056870	ZmIAA2	Aux/IAA
Zm00001d033976	ZmIAA2	Aux/IAA
GRMZM2G159285	ZmIAA2	Aux/IAA
Zm00001d034463	ZmIAA3	Aux/IAA
GRMZM5G809195	ZmIAA3	Aux/IAA
Zm00001eb060950	ZmIAA3	Aux/IAA
Zm00001eb060960	ZmIAA3	Aux/IAA
GRMZM2G104176	ZmIAA4	Aux/IAA
Zm00001eb121410	ZmIAA4	Aux/IAA
Zm00001d039513	ZmIAA4	Aux/IAA
GRMZM2G004696	ZmIAA5	Aux/IAA
Zm00001d039624	ZmIAA5	Aux/IAA
Zm00001eb122410	ZmIAA5	Aux/IAA
Zm00001eb129570	ZmIAA6	Aux/IAA
GRMZM2G074742	ZmIAA6	Aux/IAA
Zm00001d040541	ZmIAA6	Aux/IAA
Zm00001eb135550	ZmIAA7	Aux/IAA
GRMZM2G138268	ZmIAA7	Aux/IAA
Zm00001d041416	ZmIAA7	Aux/IAA
Zm00001d041418	ZmIAA8	Aux/IAA
GRMZM2G167794	ZmIAA8	Aux/IAA
Zm00001eb135570	ZmIAA8	Aux/IAA
GRMZM2G057067	ZmIAA9	Aux/IAA
Zm00001eb153660	ZmIAA9	Aux/IAA
Zm00001d043515	ZmIAA9	Aux/IAA
Zm00001eb156910	ZmIAA10	Aux/IAA
GRMZM2G037368	ZmIAA10	Aux/IAA
Zm00001d043878	ZmIAA10	Aux/IAA
Zm00001d049715	ZmIAA11	Aux/IAA
Zm00001eb174180	ZmIAA11	Aux/IAA
GRMZM2G059544	ZmIAA11	Aux/IAA
GRMZM2G142768	ZmIAA12	Aux/IAA
Zm00001eb191370	ZmIAA12	Aux/IAA
Zm00001d051911	ZmIAA12	Aux/IAA
GRMZM2G152796	ZmIAA13	Aux/IAA
Zm00001d013071	ZmIAA13	Aux/IAA
Zm00001eb212890	ZmIAA13	Aux/IAA
GRMZM2G077356	ZmIAA14	Aux/IAA
Zm00001d013302	ZmIAA14	Aux/IAA
Zm00001eb215120	ZmIAA14	Aux/IAA
Zm00001d013707	ZmIAA15	Aux/IAA
Zm00001eb218860	ZmIAA15	Aux/IAA
GRMZM2G128421	ZmIAA15	Aux/IAA
Zm00001d016277	ZmIAA16	Aux/IAA
Zm00001eb239550	ZmIAA16	Aux/IAA
GRMZM2G121309	ZmIAA16	Aux/IAA
Zm00001d018414	ZmIAA17	Aux/IAA
Zm00001eb258220	ZmIAA17	Aux/IAA
GRMZM2G030465	ZmIAA17	Aux/IAA
Zm00001d000288	ZmIAA18	Aux/IAA
Zm00001eb271530	ZmIAA18	Aux/IAA
GRMZM2G000158	ZmIAA18	Aux/IAA
GRMZM2G079200	ZmIAA19	Aux/IAA
Zm00001d036918	ZmIAA19	Aux/IAA
Zm00001eb276990	ZmIAA19	Aux/IAA
GRMZM5G864847	ZmIAA20	Aux/IAA
Zm00001d037691	ZmIAA20	Aux/IAA
Zm00001eb283560	ZmIAA20	Aux/IAA
Zm00001eb284310	ZmIAA21	Aux/IAA
Zm00001d037774	ZmIAA21	Aux/IAA
GRMZM2G147243	ZmIAA21	Aux/IAA
GRMZM2G141205	ZmIAA22	Aux/IAA
Zm00001d038175	ZmIAA22	Aux/IAA
GRMZM2G074427	ZmIAA23	Aux/IAA
Zm00001eb293610	ZmIAA23	Aux/IAA
Zm00001d038784	ZmIAA23	Aux/IAA
GRMZM2G149449	ZmIAA24	Aux/IAA
Zm00001d018973	ZmIAA25	Aux/IAA
GRMZM2G115357	ZmIAA25	Aux/IAA
Zm00001eb301590	ZmIAA25	Aux/IAA
Zm00001eb319470	ZmIAA26	Aux/IAA
Zm00001d021279	ZmIAA26	Aux/IAA
GRMZM2G048131	ZmIAA26	Aux/IAA
Zm00001d008749	ZmIAA27	Aux/IAA
GRMZM2G130953	ZmIAA27	Aux/IAA
Zm00001eb336930	ZmIAA27	Aux/IAA
Zm00001eb350370	ZmIAA28	Aux/IAA
Zm00001d010411	ZmIAA28	Aux/IAA
GRMZM2G035465	ZmIAA28	Aux/IAA
GRMZM2G163848	ZmIAA29	Aux/IAA
Zm00001eb360250	ZmIAA29	Aux/IAA
Zm00001d011588	ZmIAA29	Aux/IAA
GRMZM2G001799	ZmIAA30	Aux/IAA
Zm00001eb375570	ZmIAA30	Aux/IAA
Zm00001d045203	ZmIAA30	Aux/IAA
GRMZM2G134523	ZmIAA31	Aux/IAA
GRMZM2G134517	ZmIAA31	Aux/IAA
Zm00001d025989	ZmIAA31	Aux/IAA
GRMZM2G366373	ZmIAA32	Aux/IAA
Zm00001eb051060	ZmIAA32	Aux/IAA
Zm00001d033319	ZmIAA32	Aux/IAA
Zm00001eb350000	ZmIAA33	Aux/IAA
Zm00001d010360	ZmIAA33	Aux/IAA
GRMZM2G359924	ZmIAA33	Aux/IAA
Zm00001d049141	ZmIAA34	Aux/IAA
Zm00001eb169200	ZmIAA34	Aux/IAA
GRMZM2G031615	ZmIAA34	Aux/IAA
AC195340.3_FG004	ZmIAA35	Aux/IAA
Zm00001eb213730	ZmIAA35	Aux/IAA
Zm00001eb213740	ZmIAA35	Aux/IAA
Zm00001d013154	ZmIAA35	Aux/IAA
GRMZM2G137367	ZmIAA36	Aux/IAA
Zm00001d027494	ZmIAA36	Aux/IAA
Zm00001d027495	ZmIAA36	Aux/IAA
Zm00001eb002330	ZmIAA36	Aux/IAA
Zm00001eb002340	ZmIAA36	Aux/IAA
Zm00001eb432400	ZmIAA37	Aux/IAA
GRMZM2G143352	ZmIAA37	Aux/IAA
Zm00001d026480	ZmIAA37	Aux/IAA
Zm00001d049143	ZmIAA38	Aux/IAA
GRMZM2G148188	ZmIAA38	Aux/IAA
Zm00001eb169210	ZmIAA38	Aux/IAA
GRMZM2G390691	ZmIAA39	Aux/IAA
Zm00001d050972	ZmIAA39	Aux/IAA
Zm00001eb183800	ZmIAA39	Aux/IAA
Zm00001eb183790	ZmIAA39	Aux/IAA
GRMZM2G435290	ZmIAA40	Aux/IAA
Zm00001eb372270	ZmIAA40	Aux/IAA
Zm00001d044818	ZmIAA40	Aux/IAA
Zm00001eb372260	ZmIAA40	Aux/IAA
Zm00001eb411480	ZmIAA41	Aux/IAA
GRMZM2G479834	ZmIAA41	Aux/IAA
Zm00001d024008	ZmIAA41	Aux/IAA
Zm00001eb343460	ZmIAA42	Aux/IAA
GRMZM2G573324	ZmIAA42	Aux/IAA
Zm00001d009532	ZmIAA42	Aux/IAA
Zm00001eb090870	ZmIAA43	Aux/IAA
Zm00001d004697	ZmIAA43	Aux/IAA
GRMZM5G825707	ZmIAA43	Aux/IAA
GRMZM5G853479	ZmIAA44	Aux/IAA
Zm00001d008201	ZmIAA44	Aux/IAA
Zm00001eb332360	ZmIAA44	Aux/IAA
Zm00001eb028260	ZmIAA45	Aux/IAA
GRMZM2G043503	ZmIAA45	Aux/IAA
Zm00001d030595	ZmIAA45	Aux/IAA
Zm00001d038244	ZmIAA46	Aux/IAA
Zm00001eb288530	ZmIAA46	Aux/IAA
Zm00001eb295580	ZmIAA47	Aux/IAA
Zm00001d038980	ZmIAA47	Aux/IAA
Zm00001eb053940	ZmIAA48	Aux/IAA
Zm00001d033616	ZmIAA48	Aux/IAA
Zm00001eb053920	ZmIAA48	Aux/IAA
GRMZM2G323838	ZmIAA48	Aux/IAA
Zm00001eb053930	ZmIAA48	Aux/IAA
Zm00001eb109180	ZmIAA49	Aux/IAA
Zm00001d006858	ZmIAA49	Aux/IAA
Zm00001d006859	ZmIAA49	Aux/IAA
Zm00001eb412700	ZmIAA50	Aux/IAA
Zm00001d047595	ZmIAA51	Aux/IAA
Zm00001eb395730	ZmIAA51	Aux/IAA
Zm00001d052934	ZmIAA52	Aux/IAA
GRMZM2G078198	ZmIAA52	Aux/IAA
Zm00001d052933	ZmIAA52	Aux/IAA
Zm00001eb200180	ZmIAA52	Aux/IAA
Zm00001eb200200	ZmIAA52	Aux/IAA
Zm00001eb200190	ZmIAA52	Aux/IAA
Zm00001eb056750	ZmIAA53	Aux/IAA
Zm00001eb162290	ZmIAA54	Aux/IAA
Zm00001d044502	ZmIAA54	Aux/IAA
GRMZM2G015364	ZmIAA54	Aux/IAA
Zm00001eb162280	ZmIAA54	Aux/IAA
Zm00001d037841	ZmIAA55	Aux/IAA
Zm00001eb284950	ZmIAA55	Aux/IAA
Zm00001d031572	ZmBBR1	BBR/BPC
GRMZM2G179366	ZmBBR1	BBR/BPC
Zm00001eb036170	ZmBBR1	BBR/BPC
GRMZM2G166230	ZmBBR2	BBR/BPC
Zm00001d005160	ZmBBR2	BBR/BPC
Zm00001eb094740	ZmBBR2	BBR/BPC
Zm00001eb174990	ZmBBR3	BBR/BPC
GRMZM2G164735	ZmBBR3	BBR/BPC
Zm00001d049800	ZmBBR3	BBR/BPC
GRMZM2G118690	ZmBBR4	BBR/BPC
Zm00001d045477	ZmBBR4	BBR/BPC
Zm00001eb378270	ZmBBR4	BBR/BPC
GRMZM2G170161	ZmBSD1	BSD
Zm00001eb114070	ZmBSD1	BSD
Zm00001d007479	ZmBSD1	BSD
GRMZM2G013378	ZmBSD2	BSD
Zm00001d040393	ZmBSD2	BSD
Zm00001eb128590	ZmBSD2	BSD
GRMZM5G870572	ZmBSD3	BSD
Zm00001eb172710	ZmBSD3	BSD
Zm00001eb172700	ZmBSD3	BSD
Zm00001d049564	ZmBSD3	BSD
GRMZM2G390096	ZmBSD3	BSD
Zm00001d049563	ZmBSD3	BSD
GRMZM2G127548	ZmBSD4	BSD
Zm00001eb189530	ZmBSD4	BSD
Zm00001d051702	ZmBSD4	BSD
GRMZM2G451806	ZmBSD5	BSD
Zm00001d015823	ZmBSD5	BSD
Zm00001eb236230	ZmBSD5	BSD
Zm00001d015822	ZmBSD5	BSD
Zm00001eb253320	ZmBSD6	BSD
GRMZM2G145594	ZmBSD6	BSD
Zm00001d017905	ZmBSD6	BSD
GRMZM2G111672	ZmBSD7	BSD
Zm00001eb329400	ZmBSD7	BSD
Zm00001d022353	ZmBSD7	BSD
GRMZM2G027535	ZmBSD8	BSD
Zm00001eb370220	ZmBSD8	BSD
Zm00001d012665	ZmBSD8	BSD
Zm00001d045155	ZmBSD9	BSD
GRMZM2G167207	ZmBSD9	BSD
Zm00001eb375210	ZmBSD9	BSD
Zm00001d026518	ZmBSD10	BSD
GRMZM2G368898	ZmBSD10	BSD
Zm00001eb432800	ZmBSD10	BSD
Zm00001d033879	ZmBSD11	BSD
Zm00001eb056080	ZmBSD11	BSD
Zm00001eb384820	ZmBZR1	BZR
GRMZM5G812774	ZmBZR1	BZR
Zm00001d046305	ZmBZR1	BZR
Zm00001eb120750	ZmBZR2	BZR
GRMZM5G852801	ZmBZR2	BZR
Zm00001d039439	ZmBZR2	BZR
GRMZM6G287292	ZmBZR2	BZR
GRMZM2G307241	ZmBZR3	BZR
Zm00001d053543	ZmBZR3	BZR
Zm00001eb204870	ZmBZR3	BZR
GRMZM2G446515	ZmBZR4	BZR
Zm00001d019757	ZmBZR4	BZR
Zm00001d019756	ZmBZR4	BZR
Zm00001eb307700	ZmBZR4	BZR
Zm00001d053975	ZmBZR5	BZR
GRMZM2G069486	ZmBZR5	BZR
AC206780.3_FG004	ZmBZR5	BZR
Zm00001eb208910	ZmBZR5	BZR
GRMZM5G868061	ZmBZR6	BZR
Zm00001d039635	ZmBZR6	BZR
Zm00001eb122520	ZmBZR6	BZR
Zm00001eb107670	ZmBZR7	BZR
AC194970.5_FG002	ZmBZR7	BZR
Zm00001d006677	ZmBZR7	BZR
GRMZM2G369018	ZmBZR8	BZR
Zm00001eb239100	ZmBZR8	BZR
Zm00001d016231	ZmBZR8	BZR
Zm00001eb003120	ZmBZR9	BZR
Zm00001d027587	ZmBZR9	BZR
GRMZM2G152172	ZmBZR9	BZR
GRMZM2G102514	ZmBZR10	BZR
Zm00001d021927	ZmBZR10	BZR
Zm00001eb325550	ZmBZR10	BZR
Zm00001d045735	ZmCOL1	C2C2-CO-like
Zm00001eb380460	ZmCOL1	C2C2-CO-like
GRMZM2G405368	ZmCOL1	C2C2-CO-like
Zm00001eb054810	ZmCOL2	C2C2-CO-like
GRMZM2G144346	ZmCOL2	C2C2-CO-like
Zm00001d033719	ZmCOL2	C2C2-CO-like
GRMZM2G021777	ZmCOL3	C2C2-CO-like
Zm00001d017176	ZmCOL3	C2C2-CO-like
Zm00001eb379950	ZmCOL4	C2C2-CO-like
Zm00001d045661	ZmCOL4	C2C2-CO-like
GRMZM2G107886	ZmCOL4	C2C2-CO-like
GRMZM2G075562	ZmCOL5	C2C2-CO-like
Zm00001d017885	ZmCOL5	C2C2-CO-like
Zm00001eb253150	ZmCOL5	C2C2-CO-like
Zm00001d045804	ZmCOL6	C2C2-CO-like
Zm00001eb380990	ZmCOL6	C2C2-CO-like
GRMZM2G013398	ZmCOL6	C2C2-CO-like
AC233888.1_FG002	ZmCOL7	C2C2-CO-like
Zm00001eb425790	ZmCOL7	C2C2-CO-like
Zm00001d025770	ZmCOL7	C2C2-CO-like
Zm00001eb216410	ZmCOL8	C2C2-CO-like
Zm00001d013443	ZmCOL8	C2C2-CO-like
GRMZM2G114137	ZmCOL8	C2C2-CO-like
GRMZM2G167560	ZmCOL9	C2C2-CO-like
Zm00001d037327	ZmCOL10	C2C2-CO-like
Zm00001eb280600	ZmCOL10	C2C2-CO-like
GRMZM2G012717	ZmCOL10	C2C2-CO-like
Zm00001d003162	ZmCOL11	C2C2-CO-like
GRMZM2G095598	ZmCOL11	C2C2-CO-like
Zm00001eb078490	ZmCOL11	C2C2-CO-like
GRMZM2G041991	ZmCOL12	C2C2-CO-like
Zm00001eb253650	ZmCOL12	C2C2-CO-like
Zm00001d017939	ZmCOL12	C2C2-CO-like
GRMZM2G038783	ZmCOL13	C2C2-CO-like
Zm00001d046925	ZmCOL13	C2C2-CO-like
Zm00001eb389540	ZmCOL13	C2C2-CO-like
GRMZM2G042198	ZmCOL14	C2C2-CO-like
Zm00001eb189080	ZmCOL14	C2C2-CO-like
Zm00001d051684	ZmCOL14	C2C2-CO-like
GRMZM2G148772	ZmCOL15	C2C2-CO-like
Zm00001d015468	ZmCOL15	C2C2-CO-like
Zm00001eb233790	ZmCOL15	C2C2-CO-like
Zm00001d051047	ZmCOL16	C2C2-CO-like
Zm00001eb184340	ZmCOL16	C2C2-CO-like
AC155434.2_FG006	ZmDOF1	C2C2-Dof
GRMZM6G787651	ZmDOF1	C2C2-Dof
Zm00001d022525	ZmDOF1	C2C2-Dof
Zm00001eb331000	ZmDOF1	C2C2-Dof
Zm00001d005970	ZmDOF2	C2C2-Dof
GRMZM2G009406	ZmDOF2	C2C2-Dof
Zm00001eb101420	ZmDOF2	C2C2-Dof
GRMZM2G146283	ZmDOF3	C2C2-Dof
Zm00001eb094330	ZmDOF3	C2C2-Dof
Zm00001eb094340	ZmDOF3	C2C2-Dof
GRMZM2G146267	ZmDOF3	C2C2-Dof
Zm00001d005100	ZmDOF3	C2C2-Dof
Zm00001eb157100	ZmDOF4	C2C2-Dof
GRMZM2G327189	ZmDOF4	C2C2-Dof
Zm00001eb157110	ZmDOF4	C2C2-Dof
Zm00001d043904	ZmDOF4	C2C2-Dof
GRMZM5G880268	ZmDOF5	C2C2-Dof
Zm00001d040362	ZmDOF6	C2C2-Dof
Zm00001eb128310	ZmDOF6	C2C2-Dof
GRMZM2G089949	ZmDOF6	C2C2-Dof
GRMZM2G378490	ZmDOF7	C2C2-Dof
Zm00001d039482	ZmDOF7	C2C2-Dof
GRMZM2G463525	ZmDOF8	C2C2-Dof
Zm00001eb128930	ZmDOF8	C2C2-Dof
Zm00001d040455	ZmDOF8	C2C2-Dof
GRMZM2G449950	ZmDOF9	C2C2-Dof
Zm00001d051700	ZmDOF9	C2C2-Dof
Zm00001eb189510	ZmDOF9	C2C2-Dof
Zm00001eb292790	ZmDOF10	C2C2-Dof
Zm00001d038693	ZmDOF10	C2C2-Dof
GRMZM2G435475	ZmDOF10	C2C2-Dof
GRMZM2G123900	ZmDOF11	C2C2-Dof
Zm00001eb029230	ZmDOF11	C2C2-Dof
Zm00001d030727	ZmDOF11	C2C2-Dof
Zm00001eb029220	ZmDOF11	C2C2-Dof
GRMZM2G178767	ZmDOF12	C2C2-Dof
Zm00001d013783	ZmDOF12	C2C2-Dof
Zm00001eb219550	ZmDOF12	C2C2-Dof
Zm00001eb219560	ZmDOF12	C2C2-Dof
Zm00001d032578	ZmDOF13	C2C2-Dof
Zm00001eb044660	ZmDOF13	C2C2-Dof
GRMZM2G456452	ZmDOF13	C2C2-Dof
GRMZM2G134545	ZmDOF14	C2C2-Dof
Zm00001d021591	ZmDOF14	C2C2-Dof
Zm00001eb322390	ZmDOF14	C2C2-Dof
GRMZM2G451771	ZmDOF15	C2C2-Dof
Zm00001eb417670	ZmDOF15	C2C2-Dof
Zm00001d024790	ZmDOF15	C2C2-Dof
Zm00001eb315950	ZmDOF16	C2C2-Dof
GRMZM2G089850	ZmDOF16	C2C2-Dof
Zm00001d020837	ZmDOF16	C2C2-Dof
GRMZM2G114998	ZmDOF17	C2C2-Dof
Zm00001eb187120	ZmDOF17	C2C2-Dof
Zm00001d051439	ZmDOF17	C2C2-Dof
Zm00001eb030450	ZmDOF18	C2C2-Dof
Zm00001d030897	ZmDOF18	C2C2-Dof
GRMZM2G131897	ZmDOF18	C2C2-Dof
GRMZM2G135703	ZmDOF19	C2C2-Dof
Zm00001d042736	ZmDOF19	C2C2-Dof
Zm00001eb146810	ZmDOF19	C2C2-Dof
GRMZM2G371058	ZmDOF20	C2C2-Dof
Zm00001d038281	ZmDOF20	C2C2-Dof
Zm00001eb005380	ZmDOF21	C2C2-Dof
GRMZM2G162749	ZmDOF21	C2C2-Dof
Zm00001d027846	ZmDOF21	C2C2-Dof
Zm00001eb250390	ZmDOF22	C2C2-Dof
Zm00001d017575	ZmDOF22	C2C2-Dof
GRMZM2G171852	ZmDOF22	C2C2-Dof
Zm00001d026096	ZmDOF23	C2C2-Dof
Zm00001eb428830	ZmDOF23	C2C2-Dof
GRMZM2G010290	ZmDOF23	C2C2-Dof
Zm00001eb214170	ZmDOF24	C2C2-Dof
GRMZM2G084130	ZmDOF24	C2C2-Dof
Zm00001d013200	ZmDOF24	C2C2-Dof
Zm00001eb058480	ZmDOF25	C2C2-Dof
Zm00001d034163	ZmDOF25	C2C2-Dof
GRMZM2G108865	ZmDOF25	C2C2-Dof
Zm00001eb219030	ZmDOF26	C2C2-Dof
Zm00001d013724	ZmDOF26	C2C2-Dof
GRMZM2G061292	ZmDOF26	C2C2-Dof
GRMZM2G017470	ZmDOF27	C2C2-Dof
Zm00001d034651	ZmDOF27	C2C2-Dof
Zm00001eb062640	ZmDOF27	C2C2-Dof
Zm00001eb062660	ZmDOF28	C2C2-Dof
Zm00001d034653	ZmDOF28	C2C2-Dof
GRMZM2G093725	ZmDOF28	C2C2-Dof
Zm00001d017788	ZmDOF29	C2C2-Dof
Zm00001eb252220	ZmDOF29	C2C2-Dof
GRMZM2G140694	ZmDOF29	C2C2-Dof
Zm00001eb012440	ZmDOF30	C2C2-Dof
AC233935.1_FG005	ZmDOF30	C2C2-Dof
Zm00001d028625	ZmDOF30	C2C2-Dof
Zm00001eb049160	ZmDOF32	C2C2-Dof
Zm00001d033093	ZmDOF32	C2C2-Dof
GRMZM2G011832	ZmDOF32	C2C2-Dof
Zm00001eb211700	ZmDOF33	C2C2-Dof
Zm00001d012963	ZmDOF33	C2C2-Dof
GRMZM2G144188	ZmDOF33	C2C2-Dof
Zm00001eb211710	ZmDOF33	C2C2-Dof
GRMZM2G144172	ZmDOF33	C2C2-Dof
Zm00001d006463	ZmDOF34	C2C2-Dof
GRMZM2G064655	ZmDOF34	C2C2-Dof
Zm00001eb105770	ZmDOF34	C2C2-Dof
Zm00001d035651	ZmDOF35	C2C2-Dof
Zm00001eb266750	ZmDOF35	C2C2-Dof
GRMZM2G179069	ZmDOF35	C2C2-Dof
Zm00001d029512	ZmDOF36	C2C2-Dof
GRMZM2G137502	ZmDOF36	C2C2-Dof
Zm00001eb020000	ZmDOF36	C2C2-Dof
GRMZM2G394973	ZmDOF37	C2C2-Dof
Zm00001d043402	ZmDOF37	C2C2-Dof
Zm00001eb152630	ZmDOF37	C2C2-Dof
Zm00001eb152620	ZmDOF37	C2C2-Dof
Zm00001d012280	ZmDOF38	C2C2-Dof
GRMZM2G042218	ZmDOF38	C2C2-Dof
Zm00001eb366750	ZmDOF38	C2C2-Dof
Zm00001eb051380	ZmDOF39	C2C2-Dof
GRMZM2G045678	ZmDOF39	C2C2-Dof
Zm00001d033325	ZmDOF39	C2C2-Dof
GRMZM2G138455	ZmDOF40	C2C2-Dof
Zm00001d032999	ZmDOF40	C2C2-Dof
Zm00001eb048370	ZmDOF40	C2C2-Dof
Zm00001d026628	ZmDOF41	C2C2-Dof
Zm00001eb433840	ZmDOF41	C2C2-Dof
GRMZM2G142718	ZmDOF41	C2C2-Dof
GRMZM2G394941	ZmDOF42	C2C2-Dof
Zm00001d017900	ZmDOF42	C2C2-Dof
Zm00001eb253280	ZmDOF42	C2C2-Dof
Zm00001d051577	ZmDOF43	C2C2-Dof
Zm00001eb188460	ZmDOF43	C2C2-Dof
GRMZM2G589696	ZmDOF43	C2C2-Dof
AC209819.3_FG009	ZmDOF44	C2C2-Dof
Zm00001eb353140	ZmDOF44	C2C2-Dof
Zm00001d010740	ZmDOF44	C2C2-Dof
GRMZM2G082490	ZmDOF45	C2C2-Dof
Zm00001d012703	ZmDOF45	C2C2-Dof
Zm00001eb370600	ZmDOF45	C2C2-Dof
Zm00001d041549	ZmDOF46	C2C2-Dof
Zm00001eb136460	ZmDOF46	C2C2-Dof
Zm00001eb136470	ZmDOF46	C2C2-Dof
GRMZM5G865212	ZmDOF46	C2C2-Dof
GRMZM2G176063	ZmDOF46	C2C2-Dof
Zm00001eb397630	ZmDOF47	C2C2-Dof
Zm00001d047802	ZmDOF47	C2C2-Dof
Zm00001eb223240	ZmDOF48	C2C2-Dof
Zm00001eb223250	ZmDOF48	C2C2-Dof
Zm00001d014198	ZmDOF48	C2C2-Dof
Zm00001d002642	ZmDOF49	C2C2-Dof
Zm00001eb073750	ZmDOF49	C2C2-Dof
GRMZM6G303298	ZmDOF49	C2C2-Dof
Zm00001d031278	ZmDOF50	C2C2-Dof
Zm00001eb033670	ZmDOF50	C2C2-Dof
Zm00001d011058	ZmDOF51	C2C2-Dof
Zm00001eb355710	ZmDOF51	C2C2-Dof
Zm00001d001824	ZmDOF52	C2C2-Dof
Zm00001eb066100	ZmDOF52	C2C2-Dof
Zm00001eb093480	ZmGATA1	C2C2-GATA
Zm00001d005005	ZmGATA1	C2C2-GATA
GRMZM2G025002	ZmGATA1	C2C2-GATA
Zm00001d009193	ZmGATA2	C2C2-GATA
GRMZM2G104390	ZmGATA2	C2C2-GATA
Zm00001eb340790	ZmGATA2	C2C2-GATA
Zm00001eb248780	ZmGATA3	C2C2-GATA
GRMZM2G140669	ZmGATA3	C2C2-GATA
Zm00001d017409	ZmGATA3	C2C2-GATA
Zm00001d051981	ZmGATA4	C2C2-GATA
GRMZM2G379005	ZmGATA4	C2C2-GATA
Zm00001eb191940	ZmGATA4	C2C2-GATA
Zm00001eb075150	ZmGATA5	C2C2-GATA
GRMZM2G077002	ZmGATA5	C2C2-GATA
Zm00001d002790	ZmGATA5	C2C2-GATA
Zm00001d025953	ZmGATA6	C2C2-GATA
GRMZM2G054615	ZmGATA6	C2C2-GATA
Zm00001eb427580	ZmGATA6	C2C2-GATA
GRMZM2G118214	ZmGATA7	C2C2-GATA
Zm00001d023539	ZmGATA7	C2C2-GATA
Zm00001eb407810	ZmGATA7	C2C2-GATA
GRMZM2G324131	ZmGATA8	C2C2-GATA
Zm00001d023541	ZmGATA8	C2C2-GATA
Zm00001eb407830	ZmGATA8	C2C2-GATA
GRMZM2G009530	ZmGATA9	C2C2-GATA
Zm00001eb402950	ZmGATA10	C2C2-GATA
GRMZM2G532534	ZmGATA10	C2C2-GATA
Zm00001d048391	ZmGATA10	C2C2-GATA
GRMZM2G404973	ZmGATA11	C2C2-GATA
Zm00001d002811	ZmGATA11	C2C2-GATA
Zm00001eb075320	ZmGATA11	C2C2-GATA
Zm00001eb282810	ZmGATA12	C2C2-GATA
AC194965.4_FG004	ZmGATA12	C2C2-GATA
Zm00001d037605	ZmGATA12	C2C2-GATA
Zm00001eb371070	ZmGATA13	C2C2-GATA
GRMZM2G044576	ZmGATA13	C2C2-GATA
Zm00001d012757	ZmGATA13	C2C2-GATA
GRMZM5G879778	ZmGATA14	C2C2-GATA
Zm00001d016361	ZmGATA15	C2C2-GATA
Zm00001eb240100	ZmGATA15	C2C2-GATA
GRMZM2G031983	ZmGATA15	C2C2-GATA
Zm00001d029896	ZmGATA16	C2C2-GATA
Zm00001eb023330	ZmGATA16	C2C2-GATA
GRMZM2G113098	ZmGATA16	C2C2-GATA
Zm00001eb023340	ZmGATA16	C2C2-GATA
GRMZM2G138967	ZmGATA17	C2C2-GATA
Zm00001d011771	ZmGATA17	C2C2-GATA
Zm00001eb362090	ZmGATA17	C2C2-GATA
Zm00001d034751	ZmGATA18	C2C2-GATA
GRMZM2G114775	ZmGATA18	C2C2-GATA
Zm00001eb063610	ZmGATA18	C2C2-GATA
Zm00001eb427850	ZmGATA19	C2C2-GATA
Zm00001d025988	ZmGATA19	C2C2-GATA
GRMZM2G421212	ZmGATA19	C2C2-GATA
Zm00001d039113	ZmGATA20	C2C2-GATA
GRMZM2G325850	ZmGATA20	C2C2-GATA
Zm00001eb296770	ZmGATA20	C2C2-GATA
GRMZM5G887975	ZmGATA21	C2C2-GATA
Zm00001d009604	ZmGATA21	C2C2-GATA
AC184831.3_FG005	ZmGATA22	C2C2-GATA
Zm00001d053940	ZmGATA22	C2C2-GATA
Zm00001eb060230	ZmGATA23	C2C2-GATA
GRMZM2G110295	ZmGATA23	C2C2-GATA
GRMZM2G163200	ZmGATA24	C2C2-GATA
Zm00001eb258290	ZmGATA24	C2C2-GATA
Zm00001d018421	ZmGATA24	C2C2-GATA
Zm00001d038801	ZmGATA25	C2C2-GATA
AC202864.3_FG002	ZmGATA25	C2C2-GATA
Zm00001eb293740	ZmGATA25	C2C2-GATA
Zm00001d009668	ZmGATA26	C2C2-GATA
Zm00001eb344540	ZmGATA26	C2C2-GATA
GRMZM2G397616	ZmGATA26	C2C2-GATA
Zm00001d040775	ZmGATA27	C2C2-GATA
Zm00001eb131420	ZmGATA27	C2C2-GATA
GRMZM2G052616	ZmGATA27	C2C2-GATA
Zm00001eb391280	ZmGATA28	C2C2-GATA
GRMZM2G101058	ZmGATA28	C2C2-GATA
Zm00001d047081	ZmGATA28	C2C2-GATA
GRMZM2G039586	ZmGATA29	C2C2-GATA
Zm00001d046354	ZmGATA29	C2C2-GATA
Zm00001eb385190	ZmGATA29	C2C2-GATA
Zm00001eb196120	ZmGATA30	C2C2-GATA
Zm00001d052431	ZmGATA30	C2C2-GATA
GRMZM2G464037	ZmGATA30	C2C2-GATA
Zm00001d041883	ZmGATA31	C2C2-GATA
Zm00001eb139160	ZmGATA31	C2C2-GATA
GRMZM2G067171	ZmGATA31	C2C2-GATA
Zm00001eb139170	ZmGATA31	C2C2-GATA
GRMZM2G135381	ZmGATA32	C2C2-GATA
Zm00001d010785	ZmGATA32	C2C2-GATA
Zm00001eb353470	ZmGATA32	C2C2-GATA
Zm00001eb353480	ZmGATA32	C2C2-GATA
GRMZM2G048850	ZmGATA33	C2C2-GATA
Zm00001d023540	ZmGATA33	C2C2-GATA
GRMZM2G396451	ZmGATA34	C2C2-GATA
Zm00001d033946	ZmGATA34	C2C2-GATA
Zm00001d033947	ZmGATA34	C2C2-GATA
Zm00001d033945	ZmGATA34	C2C2-GATA
Zm00001eb056630	ZmGATA34	C2C2-GATA
Zm00001eb056640	ZmGATA34	C2C2-GATA
Zm00001eb056620	ZmGATA34	C2C2-GATA
Zm00001d043969	ZmGATA35	C2C2-GATA
Zm00001eb157620	ZmGATA35	C2C2-GATA
GRMZM2G123909	ZmGATA35	C2C2-GATA
AC184831.3_FG008	ZmGATA36	C2C2-GATA
Zm00001d053943	ZmGATA36	C2C2-GATA
Zm00001d033523	ZmGATA37	C2C2-GATA
Zm00001eb053170	ZmGATA37	C2C2-GATA
Zm00001d052412	ZmGATA38	C2C2-GATA
Zm00001eb196000	ZmGATA38	C2C2-GATA
Zm00001eb226740	ZmGATA39	C2C2-GATA
Zm00001d014656	ZmGATA39	C2C2-GATA
GRMZM2G058479	ZmGATA39	C2C2-GATA
Zm00001d036494	ZmGATA40	C2C2-GATA
Zm00001eb273020	ZmGATA40	C2C2-GATA
GRMZM2G080509	ZmGATA40	C2C2-GATA
Zm00001eb032370	ZmGATA41	C2C2-GATA
Zm00001d031135	ZmGATA41	C2C2-GATA
Zm00001eb196010	ZmGATA42	C2C2-GATA
Zm00001d052413	ZmGATA42	C2C2-GATA
Zm00001d052430	ZmGATA43	C2C2-GATA
Zm00001eb196110	ZmGATA43	C2C2-GATA
GRMZM2G054795	ZmYAB1	C2C2-YABBY
Zm00001d002829	ZmYAB1	C2C2-YABBY
Zm00001eb075520	ZmYAB1	C2C2-YABBY
Zm00001d028216	ZmYAB2	C2C2-YABBY
GRMZM2G088309	ZmYAB2	C2C2-YABBY
Zm00001eb008680	ZmYAB2	C2C2-YABBY
GRMZM2G106204	ZmYAB3	C2C2-YABBY
Zm00001d018829	ZmYAB3	C2C2-YABBY
Zm00001eb300360	ZmYAB3	C2C2-YABBY
GRMZM2G046829	ZmYAB4	C2C2-YABBY
Zm00001eb324980	ZmYAB4	C2C2-YABBY
Zm00001d021863	ZmYAB4	C2C2-YABBY
Zm00001eb134520	ZmYAB5	C2C2-YABBY
GRMZM2G116646	ZmYAB5	C2C2-YABBY
Zm00001d041277	ZmYAB5	C2C2-YABBY
Zm00001d013661	ZmYAB6	C2C2-YABBY
Zm00001d013662	ZmYAB6	C2C2-YABBY
Zm00001eb218500	ZmYAB6	C2C2-YABBY
Zm00001d013663	ZmYAB6	C2C2-YABBY
GRMZM2G074124	ZmYAB6	C2C2-YABBY
Zm00001d048083	ZmYAB7	C2C2-YABBY
Zm00001eb400130	ZmYAB7	C2C2-YABBY
GRMZM2G102218	ZmYAB7	C2C2-YABBY
GRMZM2G529859	ZmYAB8	C2C2-YABBY
Zm00001d017391	ZmYAB8	C2C2-YABBY
Zm00001eb248640	ZmYAB8	C2C2-YABBY
Zm00001eb220660	ZmYAB9	C2C2-YABBY
GRMZM2G074543	ZmYAB9	C2C2-YABBY
Zm00001d013895	ZmYAB9	C2C2-YABBY
Zm00001d032502	ZmYAB10	C2C2-YABBY
GRMZM2G167824	ZmYAB10	C2C2-YABBY
Zm00001eb043940	ZmYAB10	C2C2-YABBY
Zm00001eb032110	ZmYAB11	C2C2-YABBY
GRMZM2G141955	ZmYAB11	C2C2-YABBY
Zm00001d031109	ZmYAB11	C2C2-YABBY
GRMZM2G085873	ZmYAB12	C2C2-YABBY
Zm00001d033508	ZmYAB12	C2C2-YABBY
GRMZM2G005353	ZmYAB14	C2C2-YABBY
Zm00001eb427470	ZmYAB14	C2C2-YABBY
Zm00001d025944	ZmYAB14	C2C2-YABBY
Zm00001d010842	ZmC2H1	C2H2
GRMZM2G380515	ZmC2H1	C2H2
Zm00001eb353990	ZmC2H1	C2H2
GRMZM2G074032	ZmC2H2	C2H2
Zm00001d047976	ZmC2H2	C2H2
Zm00001eb399180	ZmC2H2	C2H2
GRMZM2G023988	ZmC2H3	C2H2
Zm00001d016911	ZmC2H3	C2H2
Zm00001eb244720	ZmC2H3	C2H2
GRMZM2G175000	ZmC2H4	C2H2
Zm00001d035701	ZmC2H4	C2H2
Zm00001eb267130	ZmC2H4	C2H2
GRMZM2G470422	ZmC2H5	C2H2
Zm00001d034783	ZmC2H5	C2H2
Zm00001eb063930	ZmC2H5	C2H2
Zm00001eb010050	ZmC2H25	C2H2
Zm00001d028361	ZmC2H25	C2H2
GRMZM2G465595	ZmC2H25	C2H2
Zm00001eb265630	ZmC2H26	C2H2
Zm00001d035514	ZmC2H26	C2H2
GRMZM2G050939	ZmC2H26	C2H2
GRMZM2G068710	ZmC2H35	C2H2
Zm00001d023557	ZmC2H35	C2H2
Zm00001d023558	ZmC2H35	C2H2
Zm00001eb407990	ZmC2H35	C2H2
Zm00001eb408000	ZmC2H35	C2H2
GRMZM2G136494	ZmC2H46	C2H2
Zm00001d026684	ZmC2H46	C2H2
Zm00001eb434360	ZmC2H46	C2H2
Zm00001d016793	ZmC2H133	C2H2
Zm00001eb243510	ZmC2H133	C2H2
GRMZM5G885700	ZmC2H133	C2H2
Zm00001eb074570	ZmC2H134	C2H2
Zm00001d002731	ZmC2H134	C2H2
GRMZM2G170520	ZmC2H134	C2H2
Zm00001eb275860	ZmC2H135	C2H2
GRMZM2G061545	ZmC2H135	C2H2
Zm00001d036812	ZmC2H135	C2H2
GRMZM2G134306	ZmC2H135	C2H2
Zm00001d006682	ZmC2H136	C2H2
Zm00001eb107730	ZmC2H136	C2H2
GRMZM2G022213	ZmC2H136	C2H2
Zm00001eb107740	ZmC2H136	C2H2
AC149818.2_FG008	ZmC2H137	C2H2
Zm00001eb403020	ZmC2H137	C2H2
Zm00001d048400	ZmC2H137	C2H2
Zm00001eb250240	ZmC2H138	C2H2
Zm00001eb250250	ZmC2H138	C2H2
GRMZM2G090595	ZmC2H138	C2H2
Zm00001d017560	ZmC2H138	C2H2
AC198081.2_FG005	ZmC2H139	C2H2
Zm00001d020427	ZmC2H139	C2H2
Zm00001eb312310	ZmC2H139	C2H2
Zm00001eb186650	ZmC2H140	C2H2
GRMZM2G114660	ZmC2H140	C2H2
Zm00001d051371	ZmC2H140	C2H2
Zm00001eb073830	ZmC2H141	C2H2
Zm00001d002654	ZmC2H141	C2H2
GRMZM2G129261	ZmC2H141	C2H2
Zm00001d044261	ZmC2H142	C2H2
GRMZM2G177693	ZmC2H142	C2H2
Zm00001eb160120	ZmC2H142	C2H2
Zm00001d050730	ZmC2H143	C2H2
GRMZM2G140016	ZmC2H143	C2H2
Zm00001eb181970	ZmC2H143	C2H2
GRMZM2G151309	ZmC2H144	C2H2
Zm00001d009030	ZmC2H144	C2H2
Zm00001eb339510	ZmC2H144	C2H2
Zm00001d048404	ZmC2H145	C2H2
AC149475.2_FG005	ZmC2H145	C2H2
Zm00001eb403060	ZmC2H145	C2H2
Zm00001eb003900	ZmC2H146	C2H2
GRMZM2G329159	ZmC2H146	C2H2
Zm00001d027677	ZmC2H146	C2H2
GRMZM2G338056	ZmC2H147	C2H2
Zm00001d045211	ZmC2H147	C2H2
Zm00001eb375650	ZmC2H147	C2H2
Zm00001d026113	ZmC2H148	C2H2
Zm00001eb428940	ZmC2H148	C2H2
GRMZM5G884137	ZmC2H148	C2H2
Zm00001eb428960	ZmC2H148	C2H2
Zm00001eb357220	ZmC2H149	C2H2
GRMZM2G027333	ZmC2H149	C2H2
Zm00001d011223	ZmC2H149	C2H2
Zm00001d031895	ZmC2H150	C2H2
Zm00001eb038910	ZmC2H150	C2H2
Zm00001eb008010	ZmC2H151	C2H2
GRMZM2G171073	ZmC2H151	C2H2
Zm00001d028139	ZmC2H151	C2H2
AC185655.3_FG004	ZmC2H152	C2H2
Zm00001eb080020	ZmC2H152	C2H2
Zm00001d003341	ZmC2H152	C2H2
Zm00001eb314580	ZmC2H153	C2H2
Zm00001d020683	ZmC2H153	C2H2
GRMZM2G141031	ZmC2H153	C2H2
Zm00001d030858	ZmC2H154	C2H2
Zm00001eb030190	ZmC2H154	C2H2
AF546187.1_FG012	ZmC2H154	C2H2
GRMZM2G119640	ZmC3H1	C3H
Zm00001d053841	ZmC3H1	C3H
Zm00001eb207650	ZmC3H1	C3H
Zm00001eb160100	ZmC3H2	C3H
GRMZM2G306357	ZmC3H2	C3H
Zm00001d044260	ZmC3H2	C3H
GRMZM2G149347	ZmC3H3	C3H
Zm00001eb296640	ZmC3H3	C3H
Zm00001d039101	ZmC3H3	C3H
GRMZM2G025014	ZmC3H4	C3H
Zm00001d007784	ZmC3H4	C3H
Zm00001eb116590	ZmC3H4	C3H
GRMZM2G395842	ZmC3H5	C3H
Zm00001d045887	ZmC3H5	C3H
Zm00001eb381600	ZmC3H5	C3H
GRMZM2G086614	ZmC3H6	C3H
Zm00001d047539	ZmC3H6	C3H
Zm00001eb395300	ZmC3H6	C3H
Zm00001d010956	ZmC3H7	C3H
GRMZM2G117007	ZmC3H7	C3H
Zm00001eb354920	ZmC3H7	C3H
GRMZM2G315515	ZmC3H8	C3H
Zm00001d049516	ZmC3H8	C3H
Zm00001eb172260	ZmC3H8	C3H
GRMZM5G830949	ZmC3H9	C3H
Zm00001eb359300	ZmC3H9	C3H
Zm00001d011470	ZmC3H9	C3H
Zm00001eb089580	ZmC3H10	C3H
GRMZM2G147623	ZmC3H10	C3H
Zm00001d004541	ZmC3H10	C3H
Zm00001eb169920	ZmC3H11	C3H
GRMZM2G146514	ZmC3H11	C3H
Zm00001d049223	ZmC3H11	C3H
Zm00001d040301	ZmC3H12	C3H
Zm00001eb127840	ZmC3H12	C3H
GRMZM2G069009	ZmC3H12	C3H
GRMZM2G087032	ZmC3H13	C3H
Zm00001eb143430	ZmC3H13	C3H
Zm00001d042363	ZmC3H13	C3H
GRMZM2G150262	ZmC3H14	C3H
Zm00001d026587	ZmC3H14	C3H
Zm00001eb433430	ZmC3H14	C3H
Zm00001d006619	ZmC3H15	C3H
Zm00001eb107170	ZmC3H15	C3H
GRMZM2G099622	ZmC3H15	C3H
Zm00001d001933	ZmC3H16	C3H
Zm00001eb067160	ZmC3H16	C3H
GRMZM2G071034	ZmC3H16	C3H
GRMZM2G180979	ZmC3H17	C3H
Zm00001d033610	ZmC3H17	C3H
Zm00001eb053870	ZmC3H17	C3H
Zm00001eb388180	ZmC3H18	C3H
GRMZM2G151689	ZmC3H18	C3H
Zm00001d046740	ZmC3H18	C3H
Zm00001d004651	ZmC3H19	C3H
GRMZM2G100794	ZmC3H19	C3H
Zm00001eb090510	ZmC3H19	C3H
GRMZM2G311665	ZmC3H20	C3H
Zm00001eb330830	ZmC3H20	C3H
Zm00001d022427	ZmC3H20	C3H
GRMZM2G157927	ZmC3H21	C3H
Zm00001d044074	ZmC3H21	C3H
Zm00001eb158610	ZmC3H21	C3H
Zm00001eb162130	ZmC3H22	C3H
Zm00001d044481	ZmC3H22	C3H
GRMZM6G663759	ZmC3H22	C3H
GRMZM2G422205	ZmC3H22	C3H
Zm00001eb333470	ZmC3H23	C3H
Zm00001d008323	ZmC3H23	C3H
GRMZM2G475017	ZmC3H23	C3H
GRMZM2G005126	ZmC3H24	C3H
Zm00001d024703	ZmC3H24	C3H
Zm00001eb417000	ZmC3H24	C3H
GRMZM2G128228	ZmC3H25	C3H
GRMZM5G849788	ZmC3H25	C3H
Zm00001d016836	ZmC3H25	C3H
Zm00001eb243910	ZmC3H25	C3H
Zm00001d036796	ZmC3H26	C3H
Zm00001eb275730	ZmC3H26	C3H
GRMZM2G110402	ZmC3H26	C3H
Zm00001eb216910	ZmC3H27	C3H
GRMZM5G845366	ZmC3H27	C3H
Zm00001d013497	ZmC3H27	C3H
GRMZM2G036837	ZmC3H28	C3H
Zm00001eb333460	ZmC3H28	C3H
Zm00001d008322	ZmC3H28	C3H
Zm00001d014705	ZmC3H29	C3H
Zm00001eb227240	ZmC3H29	C3H
GRMZM2G089050	ZmC3H29	C3H
GRMZM2G123876	ZmC3H30	C3H
Zm00001d034710	ZmC3H30	C3H
Zm00001eb063190	ZmC3H30	C3H
Zm00001eb415660	ZmC3H31	C3H
Zm00001d024534	ZmC3H31	C3H
GRMZM2G305582	ZmC3H31	C3H
Zm00001eb324650	ZmC3H32	C3H
GRMZM5G842019	ZmC3H32	C3H
Zm00001eb324660	ZmC3H32	C3H
Zm00001d021831	ZmC3H32	C3H
AC233871.1_FG008	ZmC3H33	C3H
GRMZM2G037200	ZmC3H34	C3H
Zm00001eb250580	ZmC3H34	C3H
Zm00001d017595	ZmC3H34	C3H
Zm00001d040302	ZmC3H35	C3H
GRMZM2G086994	ZmC3H35	C3H
Zm00001eb127850	ZmC3H35	C3H
GRMZM2G031827	ZmC3H36	C3H
Zm00001d009570	ZmC3H36	C3H
Zm00001eb343760	ZmC3H36	C3H
GRMZM2G171942	ZmC3H37	C3H
Zm00001eb336830	ZmC3H37	C3H
Zm00001d008735	ZmC3H37	C3H
Zm00001d053682	ZmC3H38	C3H
Zm00001eb206080	ZmC3H38	C3H
GRMZM2G056920	ZmC3H38	C3H
Zm00001d037769	ZmC3H39	C3H
Zm00001eb284250	ZmC3H39	C3H
GRMZM5G801627	ZmC3H39	C3H
GRMZM2G177229	ZmC3H40	C3H
Zm00001d020954	ZmC3H40	C3H
Zm00001eb316870	ZmC3H40	C3H
Zm00001d028828	ZmC3H41	C3H
Zm00001eb014140	ZmC3H41	C3H
GRMZM2G427438	ZmC3H41	C3H
Zm00001eb333750	ZmC3H42	C3H
GRMZM2G024655	ZmC3H42	C3H
Zm00001d008356	ZmC3H42	C3H
Zm00001eb204190	ZmC3H43	C3H
Zm00001d053397	ZmC3H43	C3H
GRMZM2G164359	ZmC3H43	C3H
GRMZM2G162119	ZmC3H44	C3H
Zm00001d041639	ZmC3H44	C3H
Zm00001eb137230	ZmC3H44	C3H
GRMZM2G003424	ZmC3H45	C3H
Zm00001d029010	ZmC3H45	C3H
Zm00001eb015700	ZmC3H45	C3H
Zm00001eb358260	ZmC3H46	C3H
GRMZM2G039889	ZmC3H46	C3H
Zm00001d011355	ZmC3H46	C3H
Zm00001d008812	ZmC3H47	C3H
Zm00001eb337450	ZmC3H47	C3H
Zm00001eb337460	ZmC3H47	C3H
GRMZM2G173124	ZmC3H47	C3H
GRMZM2G044004	ZmC3H48	C3H
Zm00001d044667	ZmC3H48	C3H
Zm00001eb163730	ZmC3H48	C3H
GRMZM2G107491	ZmC3H49	C3H
Zm00001d012049	ZmC3H49	C3H
Zm00001eb364730	ZmC3H49	C3H
GRMZM2G346113	ZmC3H50	C3H
Zm00001d052385	ZmC3H50	C3H
Zm00001eb195700	ZmC3H50	C3H
Zm00001d033553	ZmC3H51	C3H
Zm00001eb053460	ZmC3H51	C3H
GRMZM2G068476	ZmC3H51	C3H
GRMZM2G124476	ZmC3H52	C3H
GRMZM2G124466	ZmC3H52	C3H
Zm00001d026543	ZmC3H52	C3H
Zm00001eb433050	ZmC3H52	C3H
GRMZM2G020928	ZmC3H53	C3H
Zm00001d039014	ZmC3H53	C3H
Zm00001eb295890	ZmC3H53	C3H
Zm00001eb408640	ZmC3H54	C3H
Zm00001d023636	ZmC3H54	C3H
GRMZM2G006493	ZmC3H54	C3H
GRMZM2G021834	ZmC3H55	C3H
GRMZM2G323844	ZmC3H55	C3H
Zm00001eb082300	ZmC3H55	C3H
Zm00001d003616	ZmC3H55	C3H
Zm00001eb082290	ZmC3H55	C3H
GRMZM2G060896	ZmC3H56	C3H
Zm00001d053404	ZmC3H56	C3H
Zm00001eb204260	ZmC3H56	C3H
Zm00001d025450	ZmC3H57	C3H
GRMZM2G010323	ZmC3H57	C3H
Zm00001eb422840	ZmC3H57	C3H
Zm00001d026536	ZmC3H58	C3H
Zm00001eb433000	ZmC3H58	C3H
GRMZM2G028492	ZmC3H58	C3H
Zm00001d036594	ZmC3H59	C3H
Zm00001eb273850	ZmC3H59	C3H
GRMZM2G049027	ZmC3H59	C3H
Zm00001d036595	ZmC3H59	C3H
Zm00001d024928	ZmC3H60	C3H
Zm00001d024930	ZmC3H60	C3H
GRMZM2G432335	ZmC3H60	C3H
Zm00001eb418890	ZmC3H60	C3H
Zm00001eb418880	ZmC3H60	C3H
GRMZM2G306935	ZmC3H61	C3H
Zm00001d020242	ZmC3H61	C3H
Zm00001eb311020	ZmC3H61	C3H
Zm00001eb252290	ZmC3H62	C3H
Zm00001eb252280	ZmC3H62	C3H
Zm00001d017796	ZmC3H62	C3H
Zm00001d017797	ZmC3H62	C3H
GRMZM2G126197	ZmC3H63	C3H
Zm00001eb224690	ZmC3H63	C3H
Zm00001d014379	ZmC3H63	C3H
Zm00001d014378	ZmC3H63	C3H
Zm00001eb151600	ZmC3H64	C3H
Zm00001d043281	ZmC3H64	C3H
Zm00001d043282	ZmC3H64	C3H
Zm00001eb137750	ZmC3H65	C3H
Zm00001d041702	ZmC3H65	C3H
GRMZM2G114617	ZmC3H65	C3H
Zm00001eb258630	ZmC3H66	C3H
Zm00001d018457	ZmC3H66	C3H
Zm00001d018456	ZmC3H66	C3H
Zm00001eb258640	ZmC3H66	C3H
Zm00001d018458	ZmC3H66	C3H
Zm00001eb310800	ZmC3H67	C3H
Zm00001d020210	ZmC3H67	C3H
Zm00001d020211	ZmC3H67	C3H
Zm00001eb265040	ZmC3H68	C3H
Zm00001d035455	ZmC3H68	C3H
GRMZM2G143205	ZmCAMTA1	CAMTA
Zm00001d003958	ZmCAMTA1	CAMTA
Zm00001eb085420	ZmCAMTA1	CAMTA
GRMZM2G032336	ZmCAMTA2	CAMTA
Zm00001eb321680	ZmCAMTA2	CAMTA
Zm00001d021516	ZmCAMTA2	CAMTA
Zm00001d042313	ZmCAMTA3	CAMTA
Zm00001eb143060	ZmCAMTA3	CAMTA
GRMZM2G171600	ZmCAMTA3	CAMTA
Zm00001eb006890	ZmCAMTA4	CAMTA
GRMZM2G447551	ZmCAMTA4	CAMTA
Zm00001d028007	ZmCAMTA4	CAMTA
Zm00001d025235	ZmCAMTA5	CAMTA
GRMZM2G152661	ZmCAMTA5	CAMTA
Zm00001eb421120	ZmCAMTA5	CAMTA
Zm00001eb223920	ZmCAMTA6	CAMTA
Zm00001d014286	ZmCAMTA6	CAMTA
GRMZM2G341747	ZmCAMTA6	CAMTA
GRMZM2G153594	ZmCAMTA7	CAMTA
Zm00001d030518	ZmCAMTA7	CAMTA
Zm00001eb027800	ZmCAMTA7	CAMTA
Zm00001d047209	ZmCAMTA8	CAMTA
Zm00001eb392440	ZmCAMTA8	CAMTA
GRMZM2G431243	ZmCAMTA8	CAMTA
Zm00001eb327840	ZmCAMTA9	CAMTA
Zm00001d022185	ZmCAMTA9	CAMTA
GRMZM2G017368	ZmCAMTA9	CAMTA
Zm00001d049485	ZmCADR5	CCAAT-DR1
Zm00001eb172020	ZmCADR5	CCAAT-DR1
GRMZM2G444073	ZmCADR5	CCAAT-DR1
GRMZM2G121897	ZmCADR10	CCAAT-DR1
GRMZM2G167576	ZmCADR12	CCAAT-DR1
Zm00001d045772	ZmCADR12	CCAAT-DR1
Zm00001eb380770	ZmCADR12	CCAAT-DR1
GRMZM2G020305	ZmCADR13	CCAAT-DR1
GRMZM2G064426	ZmCADR15	CCAAT-DR1
Zm00001d010574	ZmCADR15	CCAAT-DR1
Zm00001eb351690	ZmCADR15	CCAAT-DR1
GRMZM2G012654	ZmCADR16	CCAAT-DR1
Zm00001d019865	ZmCADR16	CCAAT-DR1
Zm00001eb308280	ZmCADR16	CCAAT-DR1
GRMZM2G066575	ZmCADR17	CCAAT-DR1
Zm00001d038396	ZmCADR17	CCAAT-DR1
Zm00001eb289850	ZmCADR17	CCAAT-DR1
GRMZM5G804893	ZmCADR17	CCAAT-DR1
Zm00001d038397	ZmCADR17	CCAAT-DR1
Zm00001eb289860	ZmCADR17	CCAAT-DR1
GRMZM2G342515	ZmCADR18	CCAAT-DR1
Zm00001d051591	ZmCADR18	CCAAT-DR1
Zm00001eb188570	ZmCADR18	CCAAT-DR1
Zm00001d048491	ZmCADR19	CCAAT-DR1
GRMZM2G472696	ZmCADR19	CCAAT-DR1
Zm00001eb403860	ZmCADR19	CCAAT-DR1
Zm00001d025913	ZmCADR20	CCAAT-DR1
GRMZM2G046841	ZmCADR20	CCAAT-DR1
Zm00001eb427180	ZmCADR20	CCAAT-DR1
GRMZM2G101268	ZmCADR21	CCAAT-DR1
GRMZM2G401147	ZmCADR21	CCAAT-DR1
Zm00001eb040460	ZmCADR21	CCAAT-DR1
Zm00001d032070	ZmCADR21	CCAAT-DR1
GRMZM2G112912	ZmCADR22	CCAAT-DR1
Zm00001d012423	ZmCADR22	CCAAT-DR1
GRMZM2G112908	ZmCADR22	CCAAT-DR1
Zm00001eb368020	ZmCADR22	CCAAT-DR1
GRMZM2G304575	ZmCADR23	CCAAT-DR1
Zm00001d011236	ZmCADR23	CCAAT-DR1
Zm00001eb357340	ZmCADR23	CCAAT-DR1
Zm00001eb160010	ZmCADR24	CCAAT-DR1
GRMZM2G047813	ZmCADR24	CCAAT-DR1
Zm00001d044246	ZmCADR24	CCAAT-DR1
Zm00001eb160020	ZmCADR25	CCAAT-DR1
GRMZM2G079089	ZmCADR25	CCAAT-DR1
Zm00001d044247	ZmCADR25	CCAAT-DR1
GRMZM2G015596	ZmCADR26	CCAAT-DR1
Zm00001d042792	ZmCADR26	CCAAT-DR1
Zm00001eb147320	ZmCADR26	CCAAT-DR1
Zm00001d050100	ZmCADR27	CCAAT-DR1
Zm00001eb177270	ZmCADR27	CCAAT-DR1
GRMZM2G119071	ZmCADR27	CCAAT-DR1
Zm00001d042930	ZmCADR28	CCAAT-DR1
Zm00001eb148540	ZmCADR28	CCAAT-DR1
GRMZM2G306258	ZmCADR28	CCAAT-DR1
GRMZM2G305027	ZmCADR29	CCAAT-DR1
Zm00001d047788	ZmCADR29	CCAAT-DR1
Zm00001eb397510	ZmCADR29	CCAAT-DR1
GRMZM2G163939	ZmCADR30	CCAAT-DR1
Zm00001d039821	ZmCADR30	CCAAT-DR1
Zm00001eb124070	ZmCADR30	CCAAT-DR1
Zm00001d013501	ZmCA2P1	CCAAT-HAP2
Zm00001eb216950	ZmCA2P1	CCAAT-HAP2
GRMZM2G026157	ZmCA2P1	CCAAT-HAP2
GRMZM2G582893	ZmCA2P2	CCAAT-HAP2
GRMZM2G466938	ZmCA2P2	CCAAT-HAP2
Zm00001d013856	ZmCA2P2	CCAAT-HAP2
Zm00001eb220320	ZmCA2P2	CCAAT-HAP2
GRMZM6G205247	ZmCA2P3	CCAAT-HAP2
GRMZM2G037630	ZmCA2P3	CCAAT-HAP2
Zm00001eb019780	ZmCA2P3	CCAAT-HAP2
Zm00001d029488	ZmCA2P3	CCAAT-HAP2
Zm00001d029489	ZmCA2P3	CCAAT-HAP2
Zm00001d006835	ZmCA2P4	CCAAT-HAP2
Zm00001eb108930	ZmCA2P4	CCAAT-HAP2
GRMZM2G040349	ZmCA2P4	CCAAT-HAP2
GRMZM2G008250	ZmCA2P5	CCAAT-HAP2
Zm00001eb032000	ZmCA2P5	CCAAT-HAP2
Zm00001d031092	ZmCA2P5	CCAAT-HAP2
GRMZM5G853836	ZmCA2P5	CCAAT-HAP2
GRMZM5G829103	ZmCA2P6	CCAAT-HAP2
Zm00001d033215	ZmCA2P6	CCAAT-HAP2
Zm00001eb050320	ZmCA2P6	CCAAT-HAP2
Zm00001eb430970	ZmCA2P7	CCAAT-HAP2
Zm00001d026305	ZmCA2P7	CCAAT-HAP2
GRMZM2G126957	ZmCA2P7	CCAAT-HAP2
Zm00001eb430980	ZmCA2P7	CCAAT-HAP2
Zm00001eb031690	ZmCA2P8	CCAAT-HAP2
Zm00001d031063	ZmCA2P8	CCAAT-HAP2
GRMZM2G361842	ZmCA2P8	CCAAT-HAP2
GRMZM5G865626	ZmCA2P9	CCAAT-HAP2
Zm00001eb218610	ZmCA2P10	CCAAT-HAP2
Zm00001d013676	ZmCA2P10	CCAAT-HAP2
GRMZM2G165488	ZmCA2P10	CCAAT-HAP2
GRMZM2G000686	ZmCA2P11	CCAAT-HAP2
Zm00001d027874	ZmCA2P11	CCAAT-HAP2
Zm00001eb005690	ZmCA2P11	CCAAT-HAP2
GRMZM2G104396	ZmCA2P12	CCAAT-HAP2
Zm00001eb136080	ZmCA2P12	CCAAT-HAP2
Zm00001d041491	ZmCA2P12	CCAAT-HAP2
Zm00001d018255	ZmCA2P13	CCAAT-HAP2
Zm00001eb256650	ZmCA2P13	CCAAT-HAP2
GRMZM5G857944	ZmCA2P13	CCAAT-HAP2
GRMZM2G096016	ZmCA2P14	CCAAT-HAP2
Zm00001d007882	ZmCA2P14	CCAAT-HAP2
Zm00001eb117450	ZmCA2P14	CCAAT-HAP2
Zm00001d022108	ZmCA2P15	CCAAT-HAP2
GRMZM2G038303	ZmCA2P15	CCAAT-HAP2
Zm00001eb327220	ZmCA2P15	CCAAT-HAP2
GRMZM2G038338	ZmCA2P15	CCAAT-HAP2
Zm00001d022109	ZmCA2P15	CCAAT-HAP2
Zm00001eb327230	ZmCA2P15	CCAAT-HAP2
Zm00001d033602	ZmCA2P16	CCAAT-HAP2
Zm00001eb053830	ZmCA2P16	CCAAT-HAP2
GRMZM2G091964	ZmCA2P16	CCAAT-HAP2
GRMZM2G303465	ZmCA3P1	CCAAT-HAP3
Zm00001d042968	ZmCA3P1	CCAAT-HAP3
Zm00001eb148850	ZmCA3P1	CCAAT-HAP3
Zm00001d001775	ZmCA3P2	CCAAT-HAP3
GRMZM2G480621	ZmCA3P2	CCAAT-HAP3
Zm00001eb065670	ZmCA3P2	CCAAT-HAP3
Zm00001eb142040	ZmCA3P3	CCAAT-HAP3
Zm00001d042197	ZmCA3P3	CCAAT-HAP3
GRMZM2G169884	ZmCA3P3	CCAAT-HAP3
GRMZM2G384528	ZmCA3P4	CCAAT-HAP3
Zm00001d022099	ZmCA3P4	CCAAT-HAP3
Zm00001eb327140	ZmCA3P4	CCAAT-HAP3
GRMZM2G147712	ZmCA3P5	CCAAT-HAP3
Zm00001eb178500	ZmCA3P5	CCAAT-HAP3
Zm00001d050242	ZmCA3P5	CCAAT-HAP3
Zm00001d017899	ZmCA3P6	CCAAT-HAP3
Zm00001eb253270	ZmCA3P6	CCAAT-HAP3
Zm00001eb344280	ZmCA3P7	CCAAT-HAP3
Zm00001d009636	ZmCA3P7	CCAAT-HAP3
Zm00001eb341980	ZmCA3P8	CCAAT-HAP3
Zm00001eb142030	ZmCA3P9	CCAAT-HAP3
Zm00001d042196	ZmCA3P9	CCAAT-HAP3
GRMZM2G473152	ZmCA3P9	CCAAT-HAP3
GRMZM2G152822	ZmCA3P10	CCAAT-HAP3
Zm00001eb302780	ZmCA3P10	CCAAT-HAP3
Zm00001d019101	ZmCA3P10	CCAAT-HAP3
Zm00001eb253260	ZmCA3P11	CCAAT-HAP3
Zm00001d017898	ZmCA3P11	CCAAT-HAP3
GRMZM2G011789	ZmCA3P11	CCAAT-HAP3
Zm00001eb382980	ZmCA3P12	CCAAT-HAP3
GRMZM2G124663	ZmCA3P13	CCAAT-HAP3
Zm00001d051697	ZmCA3P13	CCAAT-HAP3
Zm00001eb189490	ZmCA3P13	CCAAT-HAP3
Zm00001d030150	ZmCA3P14	CCAAT-HAP3
GRMZM5G809663	ZmCA3P14	CCAAT-HAP3
GRMZM5G859786	ZmCA3P14	CCAAT-HAP3
Zm00001eb025330	ZmCA3P14	CCAAT-HAP3
Zm00001d030151	ZmCA3P14	CCAAT-HAP3
Zm00001d032328	ZmCA3P15	CCAAT-HAP3
Zm00001eb042490	ZmCA3P15	CCAAT-HAP3
GRMZM2G146286	ZmCA3P15	CCAAT-HAP3
Zm00001eb125090	ZmCA3P16	CCAAT-HAP3
Zm00001d039957	ZmCA3P16	CCAAT-HAP3
GRMZM2G478501	ZmCA3P16	CCAAT-HAP3
GRMZM2G180947	ZmCA3P17	CCAAT-HAP3
Zm00001eb108760	ZmCA3P17	CCAAT-HAP3
Zm00001d006813	ZmCA3P17	CCAAT-HAP3
Zm00001d046302	ZmCA3P18	CCAAT-HAP3
GRMZM2G400175	ZmCA3P18	CCAAT-HAP3
Zm00001eb384780	ZmCA3P18	CCAAT-HAP3
Zm00001eb368250	ZmCA3P19	CCAAT-HAP3
GRMZM5G866699	ZmCA3P19	CCAAT-HAP3
Zm00001eb368260	ZmCA3P19	CCAAT-HAP3
Zm00001eb368240	ZmCA3P19	CCAAT-HAP3
Zm00001d012445	ZmCA3P19	CCAAT-HAP3
GRMZM2G074773	ZmCA5P1	CCAAT-HAP5
Zm00001d026648	ZmCA5P1	CCAAT-HAP5
Zm00001eb434020	ZmCA5P1	CCAAT-HAP5
GRMZM2G479610	ZmCA5P2	CCAAT-HAP5
Zm00001eb365470	ZmCA5P2	CCAAT-HAP5
Zm00001eb365480	ZmCA5P2	CCAAT-HAP5
GRMZM2G161680	ZmCA5P3	CCAAT-HAP5
Zm00001d036648	ZmCA5P3	CCAAT-HAP5
Zm00001eb274340	ZmCA5P3	CCAAT-HAP5
Zm00001d034872	ZmCA5P4	CCAAT-HAP5
GRMZM2G083964	ZmCA5P4	CCAAT-HAP5
Zm00001eb064730	ZmCA5P4	CCAAT-HAP5
GRMZM2G311316	ZmCA5P5	CCAAT-HAP5
GRMZM2G009681	ZmCA5P5	CCAAT-HAP5
Zm00001d024230	ZmCA5P5	CCAAT-HAP5
Zm00001d024231	ZmCA5P5	CCAAT-HAP5
Zm00001eb413100	ZmCA5P5	CCAAT-HAP5
Zm00001eb413110	ZmCA5P5	CCAAT-HAP5
GRMZM2G375448	ZmCA5P6	CCAAT-HAP5
Zm00001eb365500	ZmCA5P6	CCAAT-HAP5
GRMZM2G124421	ZmCA5P7	CCAAT-HAP5
Zm00001d046967	ZmCA5P7	CCAAT-HAP5
Zm00001eb389900	ZmCA5P7	CCAAT-HAP5
GRMZM2G105317	ZmCA5P8	CCAAT-HAP5
Zm00001d007436	ZmCA5P8	CCAAT-HAP5
Zm00001eb113710	ZmCA5P8	CCAAT-HAP5
GRMZM2G091433	ZmCA5P9	CCAAT-HAP5
Zm00001d052621	ZmCA5P9	CCAAT-HAP5
Zm00001eb197620	ZmCA5P9	CCAAT-HAP5
Zm00001eb291470	ZmCA5P10	CCAAT-HAP5
Zm00001d038557	ZmCA5P10	CCAAT-HAP5
GRMZM2G440949	ZmCA5P10	CCAAT-HAP5
GRMZM2G089812	ZmCA5P11	CCAAT-HAP5
Zm00001d028432	ZmCA5P11	CCAAT-HAP5
Zm00001eb010770	ZmCA5P11	CCAAT-HAP5
Zm00001d005993	ZmCA5P12	CCAAT-HAP5
Zm00001eb101630	ZmCA5P12	CCAAT-HAP5
GRMZM2G022162	ZmCA5P12	CCAAT-HAP5
GRMZM2G113127	ZmCA5P13	CCAAT-HAP5
Zm00001d031310	ZmCA5P13	CCAAT-HAP5
Zm00001eb033910	ZmCA5P13	CCAAT-HAP5
GRMZM2G174776	ZmCA5P14	CCAAT-HAP5
Zm00001d052838	ZmCA5P14	CCAAT-HAP5
Zm00001eb199430	ZmCA5P14	CCAAT-HAP5
GRMZM2G099461	ZmCA5P15	CCAAT-HAP5
Zm00001d039581	ZmCA5P15	CCAAT-HAP5
Zm00001eb122050	ZmCA5P15	CCAAT-HAP5
GRMZM2G078691	ZmCA5P16	CCAAT-HAP5
Zm00001d020874	ZmCA5P16	CCAAT-HAP5
Zm00001eb316260	ZmCA5P16	CCAAT-HAP5
GRMZM2G052499	ZmCA5P17	CCAAT-HAP5
Zm00001d023466	ZmCA5P17	CCAAT-HAP5
Zm00001eb407130	ZmCA5P17	CCAAT-HAP5
AC201832.3_FG006	ZmCA5P18	CCAAT-HAP5
Zm00001d021706	ZmCA5P19	CCAAT-HAP5
Zm00001d021707	ZmCA5P19	CCAAT-HAP5
Zm00001eb323490	ZmCA5P19	CCAAT-HAP5
GRMZM2G042047	ZmCA5P19	CCAAT-HAP5
GRMZM2G041381	ZmCA5P19	CCAAT-HAP5
GRMZM2G046055	ZmCA5P20	CCAAT-HAP5
Zm00001d013392	ZmCA5P20	CCAAT-HAP5
Zm00001eb215920	ZmCA5P20	CCAAT-HAP5
Zm00001eb055590	ZmCA5P21	CCAAT-HAP5
GRMZM2G107540	ZmCA5P21	CCAAT-HAP5
Zm00001d033822	ZmCA5P21	CCAAT-HAP5
GRMZM2G151726	ZmCA5P22	CCAAT-HAP5
Zm00001eb106460	ZmCA5P22	CCAAT-HAP5
Zm00001d006548	ZmCA5P22	CCAAT-HAP5
Zm00001d023901	ZmCA5P23	CCAAT-HAP5
Zm00001eb410730	ZmCA5P23	CCAAT-HAP5
GRMZM5G883764	ZmCA5P23	CCAAT-HAP5
Zm00001d006547	ZmCA5P24	CCAAT-HAP5
Zm00001eb106450	ZmCA5P24	CCAAT-HAP5
GRMZM2G151826	ZmCA5P24	CCAAT-HAP5
Zm00001eb301170	ZmCPP1	CPP
Zm00001d018930	ZmCPP1	CPP
GRMZM2G153754	ZmCPP1	CPP
Zm00001d031008	ZmCPP2	CPP
GRMZM2G015097	ZmCPP2	CPP
Zm00001eb031300	ZmCPP2	CPP
GRMZM2G096600	ZmCPP3	CPP
GRMZM2G173198	ZmCPP3	CPP
Zm00001d010713	ZmCPP3	CPP
Zm00001eb352860	ZmCPP3	CPP
Zm00001eb292380	ZmCPP4	CPP
Zm00001d038660	ZmCPP4	CPP
GRMZM2G060170	ZmCPP4	CPP
GRMZM2G067436	ZmCPP5	CPP
Zm00001eb031310	ZmCPP5	CPP
Zm00001d031009	ZmCPP5	CPP
GRMZM2G322090	ZmCPP5	CPP
GRMZM2G366584	ZmCPP6	CPP
Zm00001eb050860	ZmCPP6	CPP
Zm00001d033274	ZmCPP6	CPP
Zm00001d012688	ZmCPP7	CPP
GRMZM2G104246	ZmCPP7	CPP
Zm00001eb370470	ZmCPP7	CPP
GRMZM2G096600	ZmCPP8	CPP
GRMZM2G173198	ZmCPP8	CPP
Zm00001d010713	ZmCPP8	CPP
Zm00001eb352860	ZmCPP8	CPP
Zm00001eb237340	ZmCPP9	CPP
Zm00001d015990	ZmCPP9	CPP
GRMZM2G388148	ZmCPP9	CPP
GRMZM2G701689	ZmCPP10	CPP
Zm00001eb135750	ZmCPP10	CPP
Zm00001d041445	ZmCPP10	CPP
Zm00001eb152420	ZmCPP11	CPP
Zm00001d043378	ZmCPP11	CPP
GRMZM2G059678	ZmCPP11	CPP
Zm00001d037461	ZmCPP12	CPP
Zm00001eb281570	ZmCPP12	CPP
GRMZM2G342588	ZmCPP12	CPP
Zm00001d041444	ZmCPP13	CPP
AC203865.3_FG001	ZmCPP13	CPP
Zm00001eb135740	ZmCPP13	CPP
Zm00001eb370000	ZmCPP14	CPP
GRMZM2G024476	ZmCPP14	CPP
Zm00001d012641	ZmCPP14	CPP
Zm00001eb191540	ZmCPP15	CPP
Zm00001d051928	ZmCPP15	CPP
GRMZM2G102216	ZmCPP15	CPP
GRMZM2G356459	ZmCSD1	CSD
Zm00001eb012090	ZmCSD1	CSD
Zm00001d053908	ZmCSD2	CSD
Zm00001eb208310	ZmCSD2	CSD
GRMZM2G389768	ZmCSD2	CSD
GRMZM2G141150	ZmCSD3	CSD
GRMZM5G895313	ZmCSD4	CSD
GRMZM2G108147	ZmDBP1	DBP
Zm00001d052018	ZmDBP1	DBP
AC231633.1_FG004	ZmDBP1	DBP
Zm00001eb192230	ZmDBP1	DBP
GRMZM2G180430	ZmDBP2	DBP
Zm00001eb258020	ZmDBP2	DBP
Zm00001eb258010	ZmDBP2	DBP
Zm00001d018394	ZmDBP2	DBP
Zm00001d045128	ZmDBP3	DBP
Zm00001eb374920	ZmDBP3	DBP
GRMZM2G149132	ZmDBP3	DBP
Zm00001eb385910	ZmDBP4	DBP
GRMZM2G158734	ZmDBP4	DBP
Zm00001d046450	ZmDBP4	DBP
GRMZM2G064145	ZmDDT2	DDT
Zm00001d050753	ZmDDT2	DDT
Zm00001eb182070	ZmDDT2	DDT
GRMZM2G337749	ZmDDT3	DDT
GRMZM2G165521	ZmDDT3	DDT
Zm00001d016827	ZmDDT3	DDT
Zm00001d016828	ZmDDT3	DDT
Zm00001eb243850	ZmDDT3	DDT
GRMZM2G128176	ZmDDT4	DDT
Zm00001eb329910	ZmDDT4	DDT
Zm00001d022417	ZmDDT4	DDT
GRMZM2G060541	ZmDDT5	DDT
GRMZM2G359237	ZmDDT5	DDT
AC196465.3_FG006	ZmDDT5	DDT
GRMZM2G014346	ZmDDT5	DDT
Zm00001d011560	ZmDDT5	DDT
Zm00001eb359990	ZmDDT5	DDT
Zm00001eb360000	ZmDDT5	DDT
Zm00001d023391	ZmDDT6	DDT
GRMZM2G314661	ZmDDT6	DDT
Zm00001eb406520	ZmDDT6	DDT
Zm00001eb302670	ZmDDT7	DDT
Zm00001d019090	ZmDDT7	DDT
GRMZM2G458665	ZmDDT7	DDT
Zm00001d034502	ZmDDT8	DDT
Zm00001eb061290	ZmDDT8	DDT
GRMZM2G137338	ZmDDT8	DDT
Zm00001d039002	ZmDDT9	DDT
Zm00001eb295800	ZmDDT9	DDT
GRMZM2G122750	ZmDDT9	DDT
GRMZM2G008862	ZmDDT10	DDT
Zm00001eb116430	ZmDDT10	DDT
Zm00001eb116420	ZmDDT10	DDT
Zm00001d007769	ZmDDT10	DDT
GRMZM2G001699	ZmE2F1	E2F-DP
Zm00001eb046190	ZmE2F1	E2F-DP
Zm00001d032741	ZmE2F1	E2F-DP
Zm00001eb046180	ZmE2F1	E2F-DP
GRMZM2G333591	ZmE2F2	E2F-DP
Zm00001d007384	ZmE2F2	E2F-DP
Zm00001eb113250	ZmE2F2	E2F-DP
GRMZM2G351232	ZmE2F3	E2F-DP
Zm00001d033566	ZmE2F3	E2F-DP
Zm00001eb053560	ZmE2F3	E2F-DP
AC233850.1_FG005	ZmE2F4	E2F-DP
Zm00001eb243000	ZmE2F4	E2F-DP
Zm00001d016737	ZmE2F4	E2F-DP
Zm00001d004512	ZmE2F5	E2F-DP
Zm00001eb089380	ZmE2F5	E2F-DP
GRMZM2G050590	ZmE2F5	E2F-DP
GRMZM2G063387	ZmE2F6	E2F-DP
Zm00001d048412	ZmE2F6	E2F-DP
Zm00001eb403140	ZmE2F6	E2F-DP
Zm00001d017986	ZmE2F7	E2F-DP
Zm00001eb254070	ZmE2F7	E2F-DP
GRMZM2G378665	ZmE2F7	E2F-DP
GRMZM2G404767	ZmE2F8	E2F-DP
GRMZM2G404769	ZmE2F8	E2F-DP
Zm00001d016906	ZmE2F8	E2F-DP
Zm00001d016907	ZmE2F8	E2F-DP
Zm00001eb244670	ZmE2F8	E2F-DP
Zm00001eb360340	ZmE2F9	E2F-DP
Zm00001d011597	ZmE2F9	E2F-DP
GRMZM2G462623	ZmE2F9	E2F-DP
GRMZM2G169709	ZmE2F10	E2F-DP
Zm00001eb373690	ZmE2F10	E2F-DP
Zm00001d045365	ZmE2F10	E2F-DP
GRMZM2G052515	ZmE2F11	E2F-DP
Zm00001eb407120	ZmE2F11	E2F-DP
Zm00001d023465	ZmE2F11	E2F-DP
GRMZM2G060000	ZmE2F12	E2F-DP
Zm00001d037274	ZmE2F12	E2F-DP
Zm00001eb280090	ZmE2F12	E2F-DP
Zm00001d052288	ZmE2F13	E2F-DP
GRMZM2G361659	ZmE2F13	E2F-DP
Zm00001eb194770	ZmE2F13	E2F-DP
GRMZM5G829408	ZmE2F14	E2F-DP
Zm00001eb292470	ZmE2F14	E2F-DP
Zm00001d038664	ZmE2F14	E2F-DP
Zm00001d026355	ZmE2F15	E2F-DP
GRMZM2G148506	ZmE2F15	E2F-DP
Zm00001eb431380	ZmE2F15	E2F-DP
Zm00001d050664	ZmE2F16	E2F-DP
GRMZM2G041701	ZmE2F16	E2F-DP
Zm00001eb181510	ZmE2F16	E2F-DP
AC214168.3_FG001	ZmE2F17	E2F-DP
Zm00001d003755	ZmE2F17	E2F-DP
Zm00001eb083590	ZmE2F17	E2F-DP
Zm00001d014132	ZmE2F18	E2F-DP
AC206898.3_FG006	ZmE2F18	E2F-DP
Zm00001d014133	ZmE2F18	E2F-DP
GRMZM2G139024	ZmE2F18	E2F-DP
Zm00001eb222650	ZmE2F18	E2F-DP
GRMZM2G086072	ZmE2F19	E2F-DP
Zm00001eb004190	ZmE2F19	E2F-DP
Zm00001d027709	ZmE2F19	E2F-DP
Zm00001d046856	ZmE2F20	E2F-DP
Zm00001eb389000	ZmE2F20	E2F-DP
AC209835.4_FG004	ZmE2F21	E2F-DP
Zm00001d013845	ZmE2F21	E2F-DP
Zm00001eb220210	ZmE2F21	E2F-DP
GRMZM2G022130	ZmE2F21	E2F-DP
Zm00001eb220220	ZmE2F21	E2F-DP
Zm00001eb220190	ZmE2F21	E2F-DP
Zm00001eb220200	ZmE2F21	E2F-DP
Zm00001d035534	ZmE2F22	E2F-DP
GRMZM2G086401	ZmE2F22	E2F-DP
Zm00001eb265700	ZmE2F22	E2F-DP
Zm00001eb311880	ZmE2F23	E2F-DP
Zm00001d028974	ZmEIL1	EIL
Zm00001eb015440	ZmEIL1	EIL
GRMZM2G033570	ZmEIL1	EIL
Zm00001d007188	ZmEIL2	EIL
GRMZM2G003558	ZmEIL2	EIL
Zm00001eb111680	ZmEIL2	EIL
Zm00001d031445	ZmEIL3	EIL
Zm00001eb034980	ZmEIL3	EIL
AC234203.1_FG011	ZmEIL3	EIL
Zm00001d020939	ZmEIL4	EIL
GRMZM2G006752	ZmEIL4	EIL
Zm00001eb316730	ZmEIL4	EIL
AC210616.4_FG005	ZmEIL5	EIL
Zm00001d050861	ZmEIL5	EIL
Zm00001eb182890	ZmEIL5	EIL
Zm00001d022530	ZmEIL6	EIL
Zm00001eb331080	ZmEIL6	EIL
GRMZM2G151811	ZmEIL6	EIL
Zm00001eb081000	ZmEIL7	EIL
Zm00001d003451	ZmEIL7	EIL
GRMZM2G044322	ZmEIL7	EIL
Zm00001eb081010	ZmEIL7	EIL
Zm00001eb244830	ZmEIL8	EIL
GRMZM2G040481	ZmEIL8	EIL
Zm00001d016924	ZmEIL8	EIL
Zm00001d047563	ZmEIL9	EIL
GRMZM2G317584	ZmEIL9	EIL
Zm00001eb395480	ZmEIL9	EIL
Zm00001eb011070	ZmFARL1	FAR1-like
GRMZM2G001663	ZmFARL1	FAR1-like
Zm00001d028472	ZmFARL1	FAR1-like
GRMZM2G463730	ZmFARL2	FAR1-like
Zm00001d034282	ZmFARL2	FAR1-like
GRMZM2G155980	ZmFARL3	FAR1-like
Zm00001d034813	ZmFARL3	FAR1-like
Zm00001eb064180	ZmFARL3	FAR1-like
GRMZM2G083374	ZmFARL4	FAR1-like
Zm00001d039612	ZmFARL4	FAR1-like
Zm00001eb122270	ZmFARL4	FAR1-like
GRMZM2G034868	ZmFARL5	FAR1-like
Zm00001d041923	ZmFARL5	FAR1-like
GRMZM2G302323	ZmFARL6	FAR1-like
Zm00001d049493	ZmFARL6	FAR1-like
GRMZM2G043193	ZmFARL7	FAR1-like
Zm00001eb243420	ZmFARL7	FAR1-like
GRMZM2G043250	ZmFARL7	FAR1-like
Zm00001eb243410	ZmFARL7	FAR1-like
Zm00001d016772	ZmFARL7	FAR1-like
Zm00001d016771	ZmFARL7	FAR1-like
GRMZM2G117108	ZmFARL8	FAR1-like
Zm00001d017164	ZmFARL8	FAR1-like
GRMZM2G106653	ZmFARL9	FAR1-like
Zm00001d017165	ZmFARL9	FAR1-like
GRMZM2G406651	ZmFARL10	FAR1-like
Zm00001d021545	ZmFARL10	FAR1-like
GRMZM2G048987	ZmFARL11	FAR1-like
Zm00001d021617	ZmFARL11	FAR1-like
GRMZM2G129311	ZmFARL12	FAR1-like
Zm00001d021799	ZmFARL12	FAR1-like
GRMZM2G114461	ZmFARL13	FAR1-like
Zm00001d022142	ZmFARL13	FAR1-like
GRMZM2G148940	ZmFARL14	FAR1-like
Zm00001eb385850	ZmFARL14	FAR1-like
Zm00001d046441	ZmFARL14	FAR1-like
GRMZM2G104268	ZmFARL15	FAR1-like
Zm00001eb432450	ZmFARL15	FAR1-like
Zm00001d026485	ZmFARL15	FAR1-like
Zm00001eb432440	ZmFARL15	FAR1-like
GRMZM2G104288	ZmFARL15	FAR1-like
GRMZM2G086757	ZmFARL16	FAR1-like
Zm00001eb304410	ZmFARL16	FAR1-like
Zm00001d019297	ZmFARL16	FAR1-like
GRMZM2G129243	ZmFHA1	FHA
Zm00001eb002020	ZmFHA1	FHA
Zm00001d027462	ZmFHA1	FHA
Zm00001eb036360	ZmFHA2	FHA
Zm00001eb036370	ZmFHA2	FHA
Zm00001d031593	ZmFHA2	FHA
GRMZM2G424241	ZmFHA2	FHA
Zm00001eb036350	ZmFHA2	FHA
GRMZM2G086138	ZmFHA3	FHA
Zm00001d033153	ZmFHA3	FHA
Zm00001eb049800	ZmFHA3	FHA
Zm00001d033884	ZmFHA4	FHA
Zm00001d049378	ZmFHA4	FHA
Zm00001eb056120	ZmFHA4	FHA
GRMZM2G359217	ZmFHA4	FHA
GRMZM2G127139	ZmFHA5	FHA
Zm00001eb081470	ZmFHA5	FHA
Zm00001eb081460	ZmFHA5	FHA
Zm00001d003513	ZmFHA5	FHA
Zm00001d003512	ZmFHA5	FHA
GRMZM2G133716	ZmFHA6	FHA
Zm00001eb091700	ZmFHA6	FHA
Zm00001d004810	ZmFHA6	FHA
GRMZM2G150608	ZmFHA7	FHA
Zm00001d005240	ZmFHA7	FHA
Zm00001eb095260	ZmFHA7	FHA
Zm00001eb115380	ZmFHA8	FHA
GRMZM2G391164	ZmFHA8	FHA
Zm00001d007652	ZmFHA8	FHA
GRMZM2G177895	ZmFHA9	FHA
Zm00001d044666	ZmFHA9	FHA
Zm00001eb163720	ZmFHA9	FHA
AC211652.4_FG002	ZmFHA10	FHA
Zm00001eb169940	ZmFHA10	FHA
Zm00001d049225	ZmFHA10	FHA
GRMZM2G701297	ZmFHA11	FHA
Zm00001d013060	ZmFHA11	FHA
Zm00001eb212750	ZmFHA11	FHA
Zm00001eb215540	ZmFHA12	FHA
GRMZM2G105822	ZmFHA12	FHA
Zm00001d013342	ZmFHA12	FHA
Zm00001d013765	ZmFHA13	FHA
Zm00001eb219360	ZmFHA13	FHA
GRMZM2G081221	ZmFHA13	FHA
Zm00001d013976	ZmFHA14	FHA
Zm00001eb221260	ZmFHA14	FHA
GRMZM2G006246	ZmFHA14	FHA
Zm00001d037971	ZmFHA15	FHA
Zm00001eb286040	ZmFHA15	FHA
GRMZM2G113156	ZmFHA15	FHA
Zm00001eb303240	ZmFHA16	FHA
Zm00001d019169	ZmFHA16	FHA
GRMZM2G042627	ZmFHA16	FHA
GRMZM2G172021	ZmFHA17	FHA
Zm00001eb403560	ZmFHA17	FHA
Zm00001d048454	ZmFHA17	FHA
GRMZM5G848550	ZmFHA18	FHA
Zm00001d025545	ZmFHA18	FHA
Zm00001d025544	ZmFHA18	FHA
GRMZM2G136344	ZmFHA18	FHA
Zm00001eb423570	ZmFHA18	FHA
Zm00001d048689	ZmFHA19	FHA
Zm00001eb165420	ZmFHA19	FHA
GRMZM2G126453	ZmFHA19	FHA
GRMZM2G455687	ZmFHA20	FHA
Zm00001eb380550	ZmFHA20	FHA
Zm00001d045744	ZmFHA20	FHA
GRMZM2G002894	ZmFHA21	FHA
Zm00001eb302390	ZmFHA21	FHA
Zm00001d019061	ZmFHA21	FHA
GRMZM2G052403	ZmFHA22	FHA
Zm00001d007698	ZmFHA22	FHA
Zm00001eb115830	ZmFHA22	FHA
Zm00001d002449	ZmLFY1	FLO/LFY
GRMZM2G180190	ZmLFY1	FLO/LFY
Zm00001eb071990	ZmLFY1	FLO/LFY
GRMZM2G098813	ZmLFY2	FLO/LFY
Zm00001eb430240	ZmLFY2	FLO/LFY
Zm00001d026231	ZmLFY2	FLO/LFY
Zm00001d020019	ZmGLK1	G2-like
Zm00001eb309360	ZmGLK1	G2-like
GRMZM2G064197	ZmGLK1	G2-like
GRMZM2G333083	ZmGLK2	G2-like
Zm00001d046174	ZmGLK2	G2-like
Zm00001eb383720	ZmGLK2	G2-like
Zm00001eb349460	ZmGLK3	G2-like
Zm00001eb349450	ZmGLK3	G2-like
Zm00001d010280	ZmGLK3	G2-like
GRMZM2G471600	ZmGLK3	G2-like
Zm00001d023402	ZmGLK4	G2-like
GRMZM2G159119	ZmGLK4	G2-like
Zm00001eb406610	ZmGLK4	G2-like
Zm00001d023411	ZmGLK5	G2-like
GRMZM2G016370	ZmGLK5	G2-like
Zm00001eb406660	ZmGLK5	G2-like
Zm00001eb041430	ZmGLK6	G2-like
Zm00001d032190	ZmGLK6	G2-like
GRMZM2G117193	ZmGLK6	G2-like
Zm00001eb309370	ZmGLK7	G2-like
Zm00001d020020	ZmGLK7	G2-like
GRMZM2G173943	ZmGLK7	G2-like
GRMZM2G171468	ZmGLK8	G2-like
Zm00001eb214200	ZmGLK8	G2-like
Zm00001d013202	ZmGLK8	G2-like
Zm00001eb214190	ZmGLK8	G2-like
Zm00001eb030400	ZmGLK9	G2-like
Zm00001d030891	ZmGLK9	G2-like
AC234520.1_FG003	ZmGLK9	G2-like
GRMZM2G083472	ZmGLK10	G2-like
Zm00001eb251670	ZmGLK11	G2-like
Zm00001d017726	ZmGLK11	G2-like
AC233960.1_FG003	ZmGLK11	G2-like
GRMZM2G401835	ZmGLK12	G2-like
Zm00001d036802	ZmGLK12	G2-like
Zm00001eb275780	ZmGLK12	G2-like
Zm00001eb118900	ZmGLK13	G2-like
Zm00001d039260	ZmGLK13	G2-like
GRMZM2G087804	ZmGLK13	G2-like
GRMZM2G348238	ZmGLK14	G2-like
Zm00001eb122550	ZmGLK14	G2-like
Zm00001d039637	ZmGLK14	G2-like
Zm00001d019536	ZmGLK15	G2-like
Zm00001eb306220	ZmGLK15	G2-like
GRMZM2G162409	ZmGLK15	G2-like
Zm00001d001936	ZmGLK16	G2-like
GRMZM2G035370	ZmGLK16	G2-like
Zm00001eb067190	ZmGLK16	G2-like
GRMZM2G396825	ZmGLK19	G2-like
Zm00001d040630	ZmGLK19	G2-like
Zm00001eb130350	ZmGLK19	G2-like
Zm00001eb250280	ZmGLK20	G2-like
GRMZM2G106185	ZmGLK20	G2-like
Zm00001d017563	ZmGLK20	G2-like
Zm00001eb311960	ZmGLK21	G2-like
Zm00001d020384	ZmGLK21	G2-like
GRMZM2G082264	ZmGLK21	G2-like
Zm00001d049511	ZmGLK22	G2-like
GRMZM2G315506	ZmGLK22	G2-like
Zm00001eb172240	ZmGLK22	G2-like
Zm00001eb051310	ZmGLK23	G2-like
Zm00001d033310	ZmGLK23	G2-like
GRMZM2G039074	ZmGLK23	G2-like
Zm00001eb352200	ZmGLK25	G2-like
Zm00001d010634	ZmGLK25	G2-like
AC234155.1_FG002	ZmGLK25	G2-like
Zm00001eb352210	ZmGLK25	G2-like
Zm00001d028984	ZmGLK26	G2-like
Zm00001eb015490	ZmGLK26	G2-like
GRMZM2G009060	ZmGLK26	G2-like
Zm00001d007962	ZmGLK27	G2-like
Zm00001eb118010	ZmGLK27	G2-like
GRMZM2G173882	ZmGLK27	G2-like
GRMZM2G100176	ZmGLK28	G2-like
Zm00001d018698	ZmGLK28	G2-like
Zm00001eb298990	ZmGLK28	G2-like
Zm00001eb187880	ZmGLK29	G2-like
Zm00001d051527	ZmGLK29	G2-like
GRMZM2G070865	ZmGLK29	G2-like
GRMZM2G374986	ZmGLK30	G2-like
Zm00001eb403500	ZmGLK30	G2-like
Zm00001d048448	ZmGLK30	G2-like
Zm00001eb274260	ZmGLK31	G2-like
Zm00001d036638	ZmGLK31	G2-like
GRMZM2G100709	ZmGLK31	G2-like
Zm00001eb390020	ZmGLK32	G2-like
Zm00001d046981	ZmGLK32	G2-like
GRMZM2G454449	ZmGLK32	G2-like
AC219020.4_FG002	ZmGLK33	G2-like
Zm00001d037015	ZmGLK33	G2-like
Zm00001eb277820	ZmGLK33	G2-like
Zm00001eb389770	ZmGLK34	G2-like
Zm00001d046947	ZmGLK34	G2-like
GRMZM2G081671	ZmGLK34	G2-like
GRMZM5G846506	ZmGLK35	G2-like
Zm00001d005087	ZmGLK35	G2-like
Zm00001eb094230	ZmGLK35	G2-like
Zm00001d002439	ZmGLK36	G2-like
GRMZM2G125704	ZmGLK36	G2-like
Zm00001eb071920	ZmGLK36	G2-like
GRMZM2G069525	ZmGLK37	G2-like
Zm00001d002649	ZmGLK37	G2-like
Zm00001eb073790	ZmGLK37	G2-like
Zm00001d032384	ZmGLK38	G2-like
Zm00001eb042980	ZmGLK38	G2-like
GRMZM2G113742	ZmGLK38	G2-like
Zm00001eb238710	ZmGLK39	G2-like
Zm00001d016175	ZmGLK39	G2-like
GRMZM2G477238	ZmGLK39	G2-like
Zm00001eb041890	ZmGLK40	G2-like
Zm00001d032249	ZmGLK40	G2-like
GRMZM2G056400	ZmGLK40	G2-like
Zm00001d026106	ZmGLK41	G2-like
GRMZM2G090230	ZmGLK41	G2-like
Zm00001eb428890	ZmGLK41	G2-like
Zm00001d041377	ZmGLK42	G2-like
GRMZM2G370425	ZmGLK42	G2-like
Zm00001d041376	ZmGLK42	G2-like
Zm00001eb135200	ZmGLK42	G2-like
Zm00001d038527	ZmGLK43	G2-like
GRMZM2G701218	ZmGLK43	G2-like
Zm00001eb291140	ZmGLK43	G2-like
GRMZM2G124540	ZmGLK44	G2-like
Zm00001eb058460	ZmGLK44	G2-like
Zm00001d034160	ZmGLK44	G2-like
Zm00001d050350	ZmGLK46	G2-like
GRMZM2G175827	ZmGLK46	G2-like
Zm00001eb179290	ZmGLK46	G2-like
Zm00001d017702	ZmGLK47	G2-like
GRMZM2G060834	ZmGLK47	G2-like
Zm00001eb251390	ZmGLK47	G2-like
GRMZM5G887276	ZmGLK48	G2-like
Zm00001eb002310	ZmGLK48	G2-like
Zm00001d027492	ZmGLK48	G2-like
GRMZM2G168002	ZmGLK49	G2-like
Zm00001d050404	ZmGLK49	G2-like
Zm00001eb179690	ZmGLK49	G2-like
GRMZM2G034563	ZmGLK50	G2-like
Zm00001d030911	ZmGLK50	G2-like
Zm00001eb288080	ZmGLK51	G2-like
Zm00001eb288090	ZmGLK51	G2-like
GRMZM2G398055	ZmGLK51	G2-like
Zm00001d038191	ZmGLK51	G2-like
Zm00001eb433040	ZmGLK52	G2-like
Zm00001d026542	ZmGLK52	G2-like
GRMZM2G124495	ZmGLK52	G2-like
GRMZM2G052544	ZmGLK53	G2-like
Zm00001d015407	ZmGLK53	G2-like
Zm00001eb233310	ZmGLK53	G2-like
GRMZM2G074908	ZmGLK54	G2-like
Zm00001eb148190	ZmGLK54	G2-like
Zm00001d042892	ZmGLK54	G2-like
GRMZM2G067702	ZmGLK56	G2-like
Zm00001d011785	ZmGLK56	G2-like
Zm00001eb362240	ZmGLK56	G2-like
Zm00001eb371980	ZmGLK57	G2-like
GRMZM2G026833	ZmGLK57	G2-like
Zm00001d044785	ZmGLK57	G2-like
GRMZM2G117854	ZmGLK58	G2-like
Zm00001d038546	ZmGLK58	G2-like
Zm00001eb291350	ZmGLK58	G2-like
AC155434.2_FG005	ZmGLK59	G2-like
Zm00001eb331010	ZmGLK59	G2-like
Zm00001d022526	ZmGLK59	G2-like
GRMZM2G090061	ZmGLK60	G2-like
Zm00001d005547	ZmGLK60	G2-like
Zm00001eb097740	ZmGLK60	G2-like
Zm00001eb023160	ZmGLK61	G2-like
GRMZM5G813892	ZmGLK61	G2-like
Zm00001d029875	ZmGLK61	G2-like
Zm00001eb023780	ZmGLK62	G2-like
GRMZM2G088524	ZmGLK62	G2-like
Zm00001d029963	ZmGLK62	G2-like
Zm00001eb077410	ZmGLK63	G2-like
Zm00001eb077420	ZmGLK63	G2-like
Zm00001d003037	ZmGLK63	G2-like
GRMZM5G869984	ZmGLK63	G2-like
Zm00001d013187	ZmGLK64	G2-like
Zm00001eb214030	ZmGLK64	G2-like
Zm00001d049581	ZmGLK65	G2-like
Zm00001eb172880	ZmGLK65	G2-like
GRMZM2G157306	ZmGLK65	G2-like
Zm00001d014701	ZmGLK66	G2-like
Zm00001eb227200	ZmGLK66	G2-like
Zm00001d008198	ZmGLK67	G2-like
GRMZM2G400489	ZmGLK67	G2-like
Zm00001eb332340	ZmGLK67	G2-like
Zm00001eb337410	ZmGLK68	G2-like
Zm00001d008808	ZmGLK68	G2-like
GRMZM2G049695	ZmGLK68	G2-like
Zm00001eb123770	ZmGLK69	G2-like
Zm00001d039785	ZmGLK69	G2-like
Zm00001eb139830	ZmGLK70	G2-like
Zm00001d041960	ZmGLK70	G2-like
Zm00001d028265	ZmGLK71	G2-like
GRMZM2G099797	ZmGLK71	G2-like
Zm00001eb009140	ZmGLK71	G2-like
Zm00001d014723	ZmGLK72	G2-like
Zm00001eb227390	ZmGLK72	G2-like
GRMZM2G133262	ZmGLK72	G2-like
GRMZM2G142748	ZmGLK73	G2-like
Zm00001eb388540	ZmGLK73	G2-like
Zm00001eb391130	ZmGLK74	G2-like
Zm00001d000184	ZmGLK74	G2-like
GRMZM2G034110	ZmGLK74	G2-like
Zm00001eb004140	ZmHAG1	GNAT
AC209858.4_FG004	ZmHAG1	GNAT
Zm00001eb004150	ZmHAG1	GNAT
Zm00001d027703	ZmHAG1	GNAT
Zm00001eb007500	ZmHAG2	GNAT
GRMZM2G114184	ZmHAG2	GNAT
Zm00001d028074	ZmHAG2	GNAT
Zm00001eb007490	ZmHAG2	GNAT
Zm00001eb044400	ZmHAG3	GNAT
GRMZM2G131618	ZmHAG3	GNAT
Zm00001d032548	ZmHAG3	GNAT
GRMZM2G135849	ZmHAG4	GNAT
Zm00001eb044470	ZmHAG4	GNAT
Zm00001d032556	ZmHAG4	GNAT
Zm00001d033620	ZmHAG5	GNAT
Zm00001eb054010	ZmHAG5	GNAT
GRMZM2G123159	ZmHAG5	GNAT
GRMZM2G099305	ZmHAG6	GNAT
Zm00001d034143	ZmHAG6	GNAT
Zm00001eb058360	ZmHAG6	GNAT
Zm00001eb060500	ZmHAG7	GNAT
Zm00001d034417	ZmHAG7	GNAT
GRMZM2G031062	ZmHAG7	GNAT
GRMZM2G342856	ZmHAG8	GNAT
Zm00001d034418	ZmHAG8	GNAT
Zm00001eb060510	ZmHAG8	GNAT
Zm00001d034419	ZmHAG9	GNAT
GRMZM2G478798	ZmHAG9	GNAT
Zm00001eb060530	ZmHAG9	GNAT
GRMZM2G106245	ZmHAG10	GNAT
Zm00001eb069290	ZmHAG10	GNAT
Zm00001d002156	ZmHAG10	GNAT
GRMZM2G093557	ZmHAG11	GNAT
GRMZM2G100872	ZmHAG11	GNAT
Zm00001eb079280	ZmHAG11	GNAT
Zm00001d003257	ZmHAG11	GNAT
Zm00001d003258	ZmHAG11	GNAT
Zm00001eb079270	ZmHAG11	GNAT
GRMZM2G126856	ZmHAG12	GNAT
Zm00001d004046	ZmHAG12	GNAT
Zm00001eb086010	ZmHAG12	GNAT
GRMZM2G162056	ZmHAG13	GNAT
Zm00001d004611	ZmHAG13	GNAT
Zm00001eb090110	ZmHAG13	GNAT
GRMZM5G875676	ZmHAG14	GNAT
Zm00001d007387	ZmHAG14	GNAT
Zm00001eb113280	ZmHAG14	GNAT
GRMZM2G371912	ZmHAG15	GNAT
Zm00001d042003	ZmHAG15	GNAT
Zm00001eb140130	ZmHAG15	GNAT
Zm00001d044368	ZmHAG16	GNAT
GRMZM2G333775	ZmHAG16	GNAT
Zm00001eb161090	ZmHAG16	GNAT
GRMZM2G137961	ZmHAG17	GNAT
Zm00001eb161820	ZmHAG17	GNAT
Zm00001d044446	ZmHAG17	GNAT
GRMZM2G055141	ZmHAG18	GNAT
Zm00001d049501	ZmHAG18	GNAT
Zm00001eb172140	ZmHAG18	GNAT
Zm00001d051663	ZmHAG19	GNAT
GRMZM2G011624	ZmHAG19	GNAT
Zm00001eb189250	ZmHAG19	GNAT
GRMZM2G059302	ZmHAG20	GNAT
Zm00001d052680	ZmHAG20	GNAT
Zm00001d052681	ZmHAG20	GNAT
Zm00001eb198110	ZmHAG20	GNAT
GRMZM2G431445	ZmHAG21	GNAT
Zm00001eb213090	ZmHAG21	GNAT
Zm00001d013087	ZmHAG21	GNAT
Zm00001d013597	ZmHAG22	GNAT
GRMZM2G176688	ZmHAG22	GNAT
Zm00001eb217880	ZmHAG22	GNAT
Zm00001d013596	ZmHAG22	GNAT
GRMZM2G176723	ZmHAG22	GNAT
Zm00001eb217870	ZmHAG22	GNAT
GRMZM2G046021	ZmHAG23	GNAT
Zm00001d014175	ZmHAG23	GNAT
Zm00001eb223040	ZmHAG23	GNAT
Zm00001eb234070	ZmHAG24	GNAT
Zm00001d015508	ZmHAG24	GNAT
GRMZM2G479325	ZmHAG24	GNAT
GRMZM2G561273	ZmHAG25	GNAT
Zm00001d017691	ZmHAG25	GNAT
Zm00001eb251310	ZmHAG25	GNAT
GRMZM2G169326	ZmHAG25	GNAT
Zm00001d018218	ZmHAG26	GNAT
Zm00001eb256360	ZmHAG26	GNAT
GRMZM2G046288	ZmHAG26	GNAT
Zm00001d036716	ZmHAG27	GNAT
GRMZM2G049730	ZmHAG27	GNAT
Zm00001eb275010	ZmHAG27	GNAT
GRMZM2G402538	ZmHAG28	GNAT
Zm00001d037529	ZmHAG28	GNAT
Zm00001eb282220	ZmHAG28	GNAT
GRMZM2G062657	ZmHAG29	GNAT
Zm00001d038054	ZmHAG29	GNAT
Zm00001eb286800	ZmHAG29	GNAT
Zm00001d038490	ZmHAG30	GNAT
GRMZM2G701207	ZmHAG30	GNAT
Zm00001d038491	ZmHAG30	GNAT
Zm00001eb290780	ZmHAG30	GNAT
GRMZM2G458082	ZmHAG31	GNAT
Zm00001eb298780	ZmHAG31	GNAT
Zm00001d018677	ZmHAG31	GNAT
GRMZM2G302778	ZmHAG32	GNAT
Zm00001d019343	ZmHAG32	GNAT
Zm00001eb304740	ZmHAG32	GNAT
GRMZM5G813007	ZmHAG33	GNAT
Zm00001d021956	ZmHAG33	GNAT
Zm00001eb325850	ZmHAG33	GNAT
GRMZM2G034495	ZmHAG34	GNAT
Zm00001d010192	ZmHAG34	GNAT
Zm00001eb348680	ZmHAG34	GNAT
GRMZM2G050137	ZmHAG35	GNAT
Zm00001d046823	ZmHAG35	GNAT
Zm00001eb388750	ZmHAG35	GNAT
GRMZM2G096352	ZmHAG36	GNAT
Zm00001d048194	ZmHAG36	GNAT
Zm00001eb401150	ZmHAG36	GNAT
Zm00001eb401920	ZmHAG37	GNAT
Zm00001d048286	ZmHAG37	GNAT
Zm00001eb401960	ZmHAG37	GNAT
GRMZM2G136389	ZmHAG37	GNAT
AC149475.2_FG007	ZmHAG38	GNAT
Zm00001d048407	ZmHAG38	GNAT
Zm00001eb403080	ZmHAG38	GNAT
GRMZM2G134426	ZmHAG39	GNAT
Zm00001d048574	ZmHAG39	GNAT
Zm00001eb404710	ZmHAG39	GNAT
GRMZM2G137715	ZmHAG40	GNAT
Zm00001d024169	ZmHAG40	GNAT
Zm00001eb412590	ZmHAG40	GNAT
GRMZM2G057554	ZmHAG41	GNAT
Zm00001d025640	ZmHAG41	GNAT
Zm00001eb424460	ZmHAG41	GNAT
GRMZM2G359735	ZmHAG42	GNAT
Zm00001d025713	ZmHAG42	GNAT
Zm00001eb425150	ZmHAG42	GNAT
Zm00001d026391	ZmHAG43	GNAT
GRMZM5G818977	ZmHAG43	GNAT
Zm00001eb431690	ZmHAG43	GNAT
Zm00001eb206720	ZmHAG44	GNAT
Zm00001d053745	ZmHAG44	GNAT
Zm00001eb090120	ZmHAG45	GNAT
Zm00001d037778	ZmHAG46	GNAT
Zm00001eb284340	ZmHAG46	GNAT
GRMZM5G868222	ZmHAG46	GNAT
Zm00001d047813	ZmGRAS1	GRAS
Zm00001eb397720	ZmGRAS1	GRAS
GRMZM2G098784	ZmGRAS1	GRAS
Zm00001d011881	ZmGRAS2	GRAS
Zm00001eb363140	ZmGRAS2	GRAS
GRMZM2G129154	ZmGRAS2	GRAS
Zm00001d030744	ZmGRAS3	GRAS
GRMZM2G179325	ZmGRAS3	GRAS
Zm00001eb029390	ZmGRAS3	GRAS
Zm00001d042127	ZmGRAS4	GRAS
GRMZM2G082387	ZmGRAS4	GRAS
Zm00001eb141310	ZmGRAS4	GRAS
Zm00001d041919	ZmGRAS5	GRAS
Zm00001eb139470	ZmGRAS5	GRAS
Zm00001eb096600	ZmGRAS5	GRAS
GRMZM2G146018	ZmGRAS5	GRAS
GRMZM2G346706	ZmGRAS6	GRAS
Zm00001d011070	ZmGRAS6	GRAS
Zm00001eb355860	ZmGRAS6	GRAS
Zm00001eb355870	ZmGRAS6	GRAS
GRMZM2G013016	ZmGRAS7	GRAS
Zm00001d042472	ZmGRAS7	GRAS
Zm00001eb144340	ZmGRAS7	GRAS
Zm00001d033680	ZmGRAS8	GRAS
GRMZM2G144744	ZmGRAS8	GRAS
Zm00001eb054480	ZmGRAS8	GRAS
Zm00001d053163	ZmGRAS9	GRAS
Zm00001eb202270	ZmGRAS9	GRAS
GRMZM2G091656	ZmGRAS9	GRAS
Zm00001eb249840	ZmGRAS10	GRAS
GRMZM2G110579	ZmGRAS10	GRAS
Zm00001d017513	ZmGRAS10	GRAS
Zm00001eb326210	ZmGRAS11	GRAS
GRMZM2G097456	ZmGRAS11	GRAS
Zm00001d021998	ZmGRAS11	GRAS
GRMZM5G826526	ZmGRAS12	GRAS
Zm00001eb196430	ZmGRAS13	GRAS
GRMZM2G140094	ZmGRAS13	GRAS
Zm00001d052464	ZmGRAS13	GRAS
Zm00001eb115950	ZmGRAS14	GRAS
Zm00001d007713	ZmGRAS14	GRAS
GRMZM2G070371	ZmGRAS14	GRAS
GRMZM5G874545	ZmGRAS15	GRAS
Zm00001eb049880	ZmGRAS16	GRAS
GRMZM2G335814	ZmGRAS16	GRAS
Zm00001d033166	ZmGRAS16	GRAS
Zm00001d015815	ZmGRAS17	GRAS
GRMZM2G143433	ZmGRAS17	GRAS
Zm00001eb236120	ZmGRAS17	GRAS
Zm00001eb268460	ZmGRAS18	GRAS
Zm00001eb268470	ZmGRAS18	GRAS
Zm00001d035873	ZmGRAS18	GRAS
GRMZM2G011947	ZmGRAS18	GRAS
Zm00001eb326020	ZmGRAS19	GRAS
Zm00001d021973	ZmGRAS19	GRAS
GRMZM2G172657	ZmGRAS19	GRAS
GRMZM2G023872	ZmGRAS20	GRAS
Zm00001d009646	ZmGRAS20	GRAS
Zm00001eb344400	ZmGRAS20	GRAS
GRMZM2G116638	ZmGRAS21	GRAS
Zm00001d030500	ZmGRAS21	GRAS
Zm00001eb027720	ZmGRAS21	GRAS
Zm00001d026050	ZmGRAS22	GRAS
Zm00001eb428430	ZmGRAS22	GRAS
GRMZM2G173429	ZmGRAS22	GRAS
Zm00001d042907	ZmGRAS23	GRAS
GRMZM2G157679	ZmGRAS23	GRAS
Zm00001eb148290	ZmGRAS23	GRAS
GRMZM2G140085	ZmGRAS24	GRAS
Zm00001eb196420	ZmGRAS24	GRAS
Zm00001d052463	ZmGRAS24	GRAS
Zm00001d003657	ZmGRAS25	GRAS
Zm00001eb082700	ZmGRAS25	GRAS
GRMZM2G420280	ZmGRAS25	GRAS
Zm00001d048604	ZmGRAS26	GRAS
GRMZM5G868355	ZmGRAS26	GRAS
GRMZM2G163427	ZmGRAS26	GRAS
Zm00001eb164530	ZmGRAS26	GRAS
Zm00001eb019640	ZmGRAS27	GRAS
Zm00001d029474	ZmGRAS27	GRAS
GRMZM2G110067	ZmGRAS27	GRAS
Zm00001eb170100	ZmGRAS28	GRAS
Zm00001d049249	ZmGRAS28	GRAS
GRMZM2G342217	ZmGRAS28	GRAS
Zm00001eb170110	ZmGRAS28	GRAS
Zm00001d023248	ZmGRAS29	GRAS
Zm00001eb405100	ZmGRAS29	GRAS
AC198366.3_FG004	ZmGRAS29	GRAS
Zm00001eb405110	ZmGRAS29	GRAS
GRMZM2G176537	ZmGRAS30	GRAS
Zm00001eb422620	ZmGRAS30	GRAS
Zm00001eb074460	ZmGRAS31	GRAS
Zm00001d002718	ZmGRAS31	GRAS
GRMZM5G825321	ZmGRAS31	GRAS
Zm00001eb379340	ZmGRAS32	GRAS
GRMZM2G051785	ZmGRAS32	GRAS
Zm00001d045589	ZmGRAS32	GRAS
Zm00001d029855	ZmGRAS33	GRAS
GRMZM2G079470	ZmGRAS33	GRAS
Zm00001eb023010	ZmGRAS33	GRAS
GRMZM2G163427	ZmGRAS34	GRAS
Zm00001d048604	ZmGRAS34	GRAS
Zm00001eb164530	ZmGRAS34	GRAS
GRMZM5G868355	ZmGRAS34	GRAS
Zm00001d002023	ZmGRAS35	GRAS
Zm00001eb067940	ZmGRAS35	GRAS
GRMZM2G386362	ZmGRAS35	GRAS
Zm00001eb067930	ZmGRAS35	GRAS
GRMZM2G348780	ZmGRAS36	GRAS
Zm00001d030838	ZmGRAS36	GRAS
GRMZM2G015080	ZmGRAS37	GRAS
Zm00001d005029	ZmGRAS37	GRAS
Zm00001eb093670	ZmGRAS37	GRAS
Zm00001eb325750	ZmGRAS38	GRAS
GRMZM2G098517	ZmGRAS38	GRAS
Zm00001d021946	ZmGRAS38	GRAS
GRMZM2G408012	ZmGRAS39	GRAS
Zm00001d017129	ZmGRAS39	GRAS
Zm00001eb246430	ZmGRAS39	GRAS
Zm00001eb062760	ZmGRAS40	GRAS
GRMZM2G368909	ZmGRAS40	GRAS
Zm00001d034664	ZmGRAS40	GRAS
GRMZM5G885274	ZmGRAS41	GRAS
Zm00001eb378590	ZmGRAS42	GRAS
Zm00001d045507	ZmGRAS42	GRAS
AC234164.1_FG004	ZmGRAS42	GRAS
Zm00001d048600	ZmGRAS43	GRAS
Zm00001eb164470	ZmGRAS43	GRAS
GRMZM5G895672	ZmGRAS43	GRAS
GRMZM2G024973	ZmGRAS44	GRAS
Zm00001d013465	ZmGRAS44	GRAS
Zm00001eb216610	ZmGRAS44	GRAS
Zm00001d048199	ZmGRAS45	GRAS
Zm00001eb401210	ZmGRAS45	GRAS
GRMZM2G028039	ZmGRAS45	GRAS
GRMZM2G001426	ZmGRAS46	GRAS
Zm00001d044065	ZmGRAS46	GRAS
Zm00001eb158520	ZmGRAS46	GRAS
GRMZM2G089782	ZmGRAS47	GRAS
Zm00001eb136150	ZmGRAS47	GRAS
Zm00001d041498	ZmGRAS47	GRAS
Zm00001eb136140	ZmGRAS47	GRAS
Zm00001eb164350	ZmGRAS48	GRAS
Zm00001d048588	ZmGRAS48	GRAS
GRMZM2G018254	ZmGRAS48	GRAS
GRMZM5G821439	ZmGRAS49	GRAS
GRMZM2G319634	ZmGRAS49	GRAS
Zm00001d006551	ZmGRAS49	GRAS
Zm00001eb106490	ZmGRAS49	GRAS
GRMZM2G159475	ZmGRAS50	GRAS
Zm00001eb136350	ZmGRAS50	GRAS
Zm00001d041536	ZmGRAS50	GRAS
GRMZM2G028608	ZmGRAS51	GRAS
Zm00001d003553	ZmGRAS51	GRAS
Zm00001eb081760	ZmGRAS51	GRAS
Zm00001d002573	ZmGRAS52	GRAS
GRMZM2G109869	ZmGRAS52	GRAS
Zm00001eb073130	ZmGRAS52	GRAS
Zm00001eb000470	ZmGRAS53	GRAS
Zm00001d027292	ZmGRAS53	GRAS
GRMZM2G361164	ZmGRAS53	GRAS
Zm00001eb000460	ZmGRAS53	GRAS
GRMZM2G060265	ZmGRAS53	GRAS
Zm00001eb324600	ZmGRAS54	GRAS
Zm00001d021826	ZmGRAS54	GRAS
Zm00001d021824	ZmGRAS54	GRAS
GRMZM2G106548	ZmGRAS54	GRAS
Zm00001eb215870	ZmGRAS55	GRAS
Zm00001d013385	ZmGRAS55	GRAS
GRMZM2G104342	ZmGRAS55	GRAS
Zm00001d038518	ZmGRAS56	GRAS
GRMZM2G037286	ZmGRAS56	GRAS
Zm00001eb291030	ZmGRAS56	GRAS
Zm00001eb266920	ZmGRAS57	GRAS
GRMZM2G089662	ZmGRAS57	GRAS
Zm00001d035670	ZmGRAS57	GRAS
Zm00001d029607	ZmGRAS58	GRAS
Zm00001eb020840	ZmGRAS58	GRAS
Zm00001eb020850	ZmGRAS58	GRAS
GRMZM2G132794	ZmGRAS58	GRAS
AC204621.4_FG006	ZmGRAS59	GRAS
Zm00001d048624	ZmGRAS59	GRAS
Zm00001eb266930	ZmGRAS60	GRAS
Zm00001d035671	ZmGRAS60	GRAS
GRMZM2G089636	ZmGRAS60	GRAS
GRMZM2G055263	ZmGRAS61	GRAS
Zm00001eb011560	ZmGRAS61	GRAS
Zm00001d028526	ZmGRAS61	GRAS
GRMZM2G313078	ZmGRAS62	GRAS
Zm00001eb291930	ZmGRAS62	GRAS
Zm00001d038609	ZmGRAS62	GRAS
Zm00001eb291940	ZmGRAS62	GRAS
Zm00001d022034	ZmGRAS63	GRAS
Zm00001d022033	ZmGRAS63	GRAS
Zm00001eb326550	ZmGRAS63	GRAS
GRMZM2G418899	ZmGRAS63	GRAS
Zm00001d007248	ZmGRAS64	GRAS
Zm00001eb112130	ZmGRAS64	GRAS
GRMZM2G425366	ZmGRAS64	GRAS
Zm00001d033834	ZmGRAS65	GRAS
Zm00001eb055700	ZmGRAS65	GRAS
GRMZM2G133169	ZmGRAS65	GRAS
AC200124.3_FG005	ZmGRAS66	GRAS
Zm00001eb012280	ZmGRAS67	GRAS
GRMZM2G049159	ZmGRAS67	GRAS
Zm00001d028603	ZmGRAS67	GRAS
Zm00001eb164480	ZmGRAS68	GRAS
Zm00001d048601	ZmGRAS68	GRAS
GRMZM2G073823	ZmGRAS68	GRAS
Zm00001eb288400	ZmGRAS69	GRAS
GRMZM2G153333	ZmGRAS69	GRAS
Zm00001d038225	ZmGRAS69	GRAS
Zm00001d046783	ZmGRAS70	GRAS
Zm00001eb388460	ZmGRAS70	GRAS
GRMZM2G114680	ZmGRAS70	GRAS
GRMZM2G117949	ZmGRAS71	GRAS
Zm00001d047123	ZmGRAS71	GRAS
GRMZM2G073805	ZmGRAS72	GRAS
Zm00001d048602	ZmGRAS72	GRAS
Zm00001eb164490	ZmGRAS72	GRAS
Zm00001eb108250	ZmGRAS73	GRAS
Zm00001d006744	ZmGRAS73	GRAS
GRMZM2G125501	ZmGRAS73	GRAS
Zm00001d047266	ZmGRAS74	GRAS
Zm00001eb392980	ZmGRAS74	GRAS
GRMZM2G359304	ZmGRAS74	GRAS
Zm00001d006701	ZmGRAS75	GRAS
GRMZM2G431309	ZmGRAS75	GRAS
Zm00001eb107910	ZmGRAS75	GRAS
Zm00001d051461	ZmGRAS76	GRAS
Zm00001eb187310	ZmGRAS76	GRAS
GRMZM2G028438	ZmGRAS76	GRAS
Zm00001d037901	ZmGRAS77	GRAS
GRMZM5G889326	ZmGRAS77	GRAS
Zm00001eb285410	ZmGRAS77	GRAS
Zm00001eb195650	ZmGRAS78	GRAS
GRMZM2G131516	ZmGRAS78	GRAS
Zm00001d052380	ZmGRAS78	GRAS
Zm00001d026158	ZmGRAS79	GRAS
Zm00001eb429450	ZmGRAS79	GRAS
GRMZM2G037792	ZmGRAS79	GRAS
Zm00001eb186770	ZmGRAS80	GRAS
GRMZM2G098800	ZmGRAS80	GRAS
Zm00001d051387	ZmGRAS80	GRAS
GRMZM2G169636	ZmGRAS81	GRAS
Zm00001d022116	ZmGRAS81	GRAS
Zm00001eb327300	ZmGRAS81	GRAS
GRMZM2G106356	ZmGRAS82	GRAS
Zm00001d048682	ZmGRAS82	GRAS
Zm00001eb165340	ZmGRAS82	GRAS
Zm00001d048603	ZmGRAS83	GRAS
Zm00001eb164500	ZmGRAS83	GRAS
GRMZM2G073779	ZmGRAS83	GRAS
GRMZM2G106336	ZmGRAS84	GRAS
Zm00001d048681	ZmGRAS84	GRAS
Zm00001eb108090	ZmGRAS85	GRAS
GRMZM2G019060	ZmGRAS85	GRAS
Zm00001d006721	ZmGRAS85	GRAS
GRMZM2G317287	ZmGRAS86	GRAS
Zm00001d023247	ZmGRAS86	GRAS
Zm00001eb405090	ZmGRAS86	GRAS
Zm00001eb405080	ZmGRAS86	GRAS
Zm00001eb387740	ZmGRAS87	GRAS
Zm00001d046677	ZmGRAS87	GRAS
Zm00001eb049620	ZmGRAS88	GRAS
Zm00001eb381460	ZmGRAS89	GRAS
GRMZM2G149930	ZmGRAS90	GRAS
Zm00001eb256630	ZmGRAS90	GRAS
Zm00001d018252	ZmGRAS90	GRAS
Zm00001d041158	ZmGRAS91	GRAS
GRMZM2G094081	ZmGRAS91	GRAS
Zm00001eb133730	ZmGRAS91	GRAS
Zm00001d018956	ZmGRAS92	GRAS
Zm00001eb301400	ZmGRAS92	GRAS
Zm00001eb301410	ZmGRAS92	GRAS
Zm00001eb002990	ZmGRAS93	GRAS
Zm00001d027569	ZmGRAS93	GRAS
Zm00001d047957	ZmGRAS94	GRAS
Zm00001eb398990	ZmGRAS94	GRAS
Zm00001eb399000	ZmGRAS94	GRAS
Zm00001eb327660	ZmGRAS95	GRAS
Zm00001d022162	ZmGRAS95	GRAS
Zm00001eb246980	ZmGRAS96	GRAS
GRMZM2G178261	ZmGRF1	GRF
Zm00001d033876	ZmGRF1	GRF
Zm00001eb056050	ZmGRF1	GRF
GRMZM2G004619	ZmGRF2	GRF
Zm00001d006348	ZmGRF2	GRF
Zm00001eb104790	ZmGRF2	GRF
GRMZM2G096709	ZmGRF3	GRF
Zm00001eb320200	ZmGRF3	GRF
Zm00001d021362	ZmGRF3	GRF
GRMZM2G018414	ZmGRF4	GRF
Zm00001d033396	ZmGRF4	GRF
Zm00001eb052070	ZmGRF4	GRF
Zm00001d026243	ZmGRF5	GRF
Zm00001eb430310	ZmGRF5	GRF
Zm00001eb430290	ZmGRF5	GRF
Zm00001d026241	ZmGRF5	GRF
Zm00001d026240	ZmGRF5	GRF
Zm00001d026235	ZmGRF5	GRF
Zm00001eb430320	ZmGRF5	GRF
Zm00001eb430340	ZmGRF5	GRF
Zm00001d026239	ZmGRF5	GRF
Zm00001eb430250	ZmGRF5	GRF
Zm00001d026236	ZmGRF5	GRF
Zm00001eb430330	ZmGRF5	GRF
GRMZM2G109753	ZmGRF5	GRF
GRMZM2G129147	ZmGRF5	GRF
Zm00001d026242	ZmGRF5	GRF
GRMZM2G129169	ZmGRF5	GRF
GRMZM2G129133	ZmGRF5	GRF
Zm00001eb430300	ZmGRF5	GRF
Zm00001d017742	ZmGRF6	GRF
Zm00001eb251820	ZmGRF6	GRF
GRMZM2G034876	ZmGRF6	GRF
GRMZM2G098594	ZmGRF7	GRF
Zm00001d035965	ZmGRF7	GRF
Zm00001eb269150	ZmGRF7	GRF
GRMZM2G041223	ZmGRF8	GRF
Zm00001eb071830	ZmGRF8	GRF
Zm00001d002429	ZmGRF8	GRF
GRMZM2G124566	ZmGRF9	GRF
Zm00001d051456	ZmGRF9	GRF
Zm00001d052112	ZmGRF10	GRF
GRMZM2G105335	ZmGRF10	GRF
Zm00001eb193180	ZmGRF10	GRF
GRMZM5G850129	ZmGRF11	GRF
Zm00001eb278670	ZmGRF11	GRF
Zm00001d037117	ZmGRF11	GRF
Zm00001eb373670	ZmGRF12	GRF
GRMZM2G067743	ZmGRF12	GRF
GRMZM2G045977	ZmGRF13	GRF
Zm00001d017602	ZmGRF13	GRF
Zm00001eb250620	ZmGRF13	GRF
Zm00001eb215560	ZmGRF14	GRF
GRMZM5G853392	ZmGRF14	GRF
Zm00001d013346	ZmGRF14	GRF
Zm00001eb113950	ZmGRF15	GRF
Zm00001d007465	ZmGRF15	GRF
GRMZM2G099862	ZmGRF15	GRF
Zm00001eb256730	ZmGRF16	GRF
Zm00001eb256720	ZmGRF16	GRF
Zm00001d018260	ZmGRF16	GRF
GRMZM5G893117	ZmGRF16	GRF
Zm00001d035224	ZmGBP1	GeBP
GRMZM2G392516	ZmGBP1	GeBP
Zm00001eb264080	ZmGBP1	GeBP
GRMZM2G065506	ZmGBP2	GeBP
GRMZM2G041818	ZmGBP3	GeBP
Zm00001eb054670	ZmGBP3	GeBP
Zm00001d033706	ZmGBP3	GeBP
Zm00001eb373390	ZmGBP4	GeBP
Zm00001d044953	ZmGBP4	GeBP
GRMZM2G066373	ZmGBP4	GeBP
Zm00001eb216500	ZmGBP5	GeBP
Zm00001d013451	ZmGBP5	GeBP
GRMZM2G162405	ZmGBP5	GeBP
Zm00001d006945	ZmGBP6	GeBP
GRMZM2G075122	ZmGBP6	GeBP
Zm00001eb110030	ZmGBP6	GeBP
GRMZM2G092409	ZmGBP7	GeBP
Zm00001eb314630	ZmGBP7	GeBP
Zm00001d020688	ZmGBP7	GeBP
Zm00001eb100610	ZmGBP8	GeBP
GRMZM2G134866	ZmGBP8	GeBP
Zm00001d005865	ZmGBP8	GeBP
Zm00001eb394180	ZmGBP9	GeBP
Zm00001d047421	ZmGBP9	GeBP
GRMZM2G030458	ZmGBP9	GeBP
Zm00001eb279010	ZmGBP10	GeBP
Zm00001d037158	ZmGBP10	GeBP
GRMZM2G008558	ZmGBP10	GeBP
GRMZM2G006871	ZmGBP11	GeBP
Zm00001eb418630	ZmGBP11	GeBP
Zm00001d024905	ZmGBP11	GeBP
Zm00001d022266	ZmGBP12	GeBP
GRMZM2G082318	ZmGBP12	GeBP
Zm00001eb328650	ZmGBP12	GeBP
Zm00001d035295	ZmGBP13	GeBP
GRMZM2G155252	ZmGBP13	GeBP
Zm00001d053298	ZmGBP14	GeBP
Zm00001eb203350	ZmGBP14	GeBP
GRMZM2G125239	ZmGBP14	GeBP
GRMZM2G036966	ZmGBP15	GeBP
Zm00001d035234	ZmGBP15	GeBP
Zm00001eb264150	ZmGBP15	GeBP
Zm00001d018198	ZmGBP16	GeBP
Zm00001eb256160	ZmGBP16	GeBP
GRMZM2G174240	ZmGBP16	GeBP
GRMZM2G083886	ZmGBP17	GeBP
Zm00001eb256290	ZmGBP17	GeBP
Zm00001d018208	ZmGBP17	GeBP
Zm00001eb018020	ZmGBP18	GeBP
GRMZM2G026417	ZmGBP18	GeBP
Zm00001d029287	ZmGBP18	GeBP
GRMZM5G868875	ZmGBP19	GeBP
Zm00001d013138	ZmGBP19	GeBP
Zm00001eb213600	ZmGBP19	GeBP
Zm00001eb176440	ZmGBP20	GeBP
Zm00001d049991	ZmGBP20	GeBP
GRMZM2G423292	ZmGBP20	GeBP
EF517601.1_FG010	ZmGBP21	GeBP
Zm00001d040254	ZmGBP21	GeBP
Zm00001eb127420	ZmGBP21	GeBP
GRMZM2G021015	ZmGBP22	GeBP
Zm00001eb237120	ZmGBP22	GeBP
Zm00001d015965	ZmGBP22	GeBP
Zm00001d034837	ZmGBP23	GeBP
AC207546.3_FG004	ZmGBP23	GeBP
Zm00001eb064430	ZmGBP23	GeBP
Zm00001eb390570	ZmGBP24	GeBP
Zm00001d047051	ZmGBP24	GeBP
GRMZM2G001131	ZmGBP24	GeBP
Zm00001d035233	ZmGBP25	GeBP
Zm00001eb264140	ZmGBP25	GeBP
GRMZM2G003679	ZmGBP25	GeBP
Zm00001eb213500	ZmGBP26	GeBP
Zm00001d013126	ZmGBP26	GeBP
Zm00001d013125	ZmGBP26	GeBP
Zm00001eb213510	ZmGBP26	GeBP
Zm00001eb149210	ZmGBP27	GeBP
Zm00001eb190050	ZmGBP28	GeBP
Zm00001eb367480	ZmGBP29	GeBP
GRMZM5G891518	ZmGBP29	GeBP
Zm00001d012358	ZmGBP29	GeBP
AC186524.3_FG005	ZmHMG1	HMG
Zm00001d031233	ZmHMG1	HMG
Zm00001eb073900	ZmHMG2	HMG
GRMZM2G145968	ZmHMG2	HMG
Zm00001d002659	ZmHMG2	HMG
GRMZM2G162284	ZmHMG3	HMG
Zm00001eb104350	ZmHMG3	HMG
Zm00001d006306	ZmHMG3	HMG
GRMZM2G024247	ZmHMG4	HMG
Zm00001d043946	ZmHMG4	HMG
Zm00001eb157450	ZmHMG4	HMG
GRMZM2G144398	ZmHMG5	HMG
Zm00001d051142	ZmHMG5	HMG
Zm00001eb185120	ZmHMG5	HMG
GRMZM2G156785	ZmHMG6	HMG
Zm00001d051427	ZmHMG6	HMG
Zm00001eb187040	ZmHMG6	HMG
Zm00001eb198700	ZmHMG7	HMG
Zm00001d052749	ZmHMG7	HMG
GRMZM2G125648	ZmHMG7	HMG
GRMZM5G834758	ZmHMG8	HMG
Zm00001d014858	ZmHMG8	HMG
Zm00001eb228620	ZmHMG8	HMG
Zm00001d016082	ZmHMG9	HMG
Zm00001eb238060	ZmHMG9	HMG
GRMZM2G060253	ZmHMG9	HMG
Zm00001d017555	ZmHMG10	HMG
Zm00001eb250190	ZmHMG10	HMG
GRMZM2G013821	ZmHMG10	HMG
Zm00001eb271910	ZmHMG11	HMG
Zm00001d036355	ZmHMG11	HMG
GRMZM2G150348	ZmHMG11	HMG
Zm00001eb282920	ZmHMG12	HMG
Zm00001d037615	ZmHMG12	HMG
GRMZM5G842484	ZmHMG12	HMG
Zm00001eb320870	ZmHMG13	HMG
Zm00001d021433	ZmHMG13	HMG
GRMZM2G066528	ZmHMG13	HMG
Zm00001d008847	ZmHMG14	HMG
Zm00001eb337810	ZmHMG14	HMG
GRMZM2G032252	ZmHMG14	HMG
Zm00001eb104320	ZmHMG15	HMG
Zm00001d006298	ZmHMG15	HMG
Zm00001d021968	ZmHRT1	HRT
Zm00001eb325970	ZmHRT1	HRT
Zm00001d005888	ZmHSF1	HSF
GRMZM2G002131	ZmHSF1	HSF
Zm00001eb100770	ZmHSF1	HSF
GRMZM2G088242	ZmHSF2	HSF
Zm00001eb100410	ZmHSF2	HSF
Zm00001d005843	ZmHSF2	HSF
Zm00001d044259	ZmHSF3	HSF
Zm00001eb160080	ZmHSF3	HSF
GRMZM2G005815	ZmHSF3	HSF
Zm00001eb301280	ZmHSF4	HSF
GRMZM2G125969	ZmHSF4	HSF
Zm00001d018941	ZmHSF4	HSF
GRMZM2G115456	ZmHSF5	HSF
Zm00001d034886	ZmHSF5	HSF
Zm00001eb064860	ZmHSF5	HSF
Zm00001d016674	ZmHSF6	HSF
GRMZM2G059851	ZmHSF6	HSF
Zm00001eb242480	ZmHSF6	HSF
Zm00001d052738	ZmHSF7	HSF
Zm00001eb198620	ZmHSF7	HSF
GRMZM2G098696	ZmHSF7	HSF
Zm00001eb037600	ZmHSF8	HSF
Zm00001d031736	ZmHSF8	HSF
GRMZM2G164909	ZmHSF8	HSF
Zm00001d048041	ZmHSF9	HSF
Zm00001eb399800	ZmHSF9	HSF
GRMZM2G026742	ZmHSF9	HSF
Zm00001d021264	ZmHSF10	HSF
GRMZM2G465685	ZmHSF10	HSF
Zm00001eb319350	ZmHSF10	HSF
GRMZM2G165272	ZmHSF10	HSF
Zm00001d021263	ZmHSF10	HSF
GRMZM2G133023	ZmHSF11	HSF
Zm00001d034433	ZmHSF11	HSF
GRMZM2G132971	ZmHSF11	HSF
Zm00001eb060680	ZmHSF11	HSF
Zm00001eb060670	ZmHSF11	HSF
GRMZM2G173090	ZmHSF12	HSF
Zm00001d046204	ZmHSF12	HSF
Zm00001eb384070	ZmHSF12	HSF
GRMZM2G165972	ZmHSF13	HSF
Zm00001eb004670	ZmHSF13	HSF
Zm00001d027757	ZmHSF13	HSF
GRMZM2G118529	ZmHSF14	HSF
Zm00001d028269	ZmHSF14	HSF
Zm00001eb009210	ZmHSF14	HSF
GRMZM2G118485	ZmHSF14	HSF
Zm00001eb009170	ZmHSF14	HSF
AC206165.3_FG007	ZmHSF15	HSF
Zm00001d038746	ZmHSF15	HSF
Zm00001eb293250	ZmHSF15	HSF
AC205471.4_FG003	ZmHSF16	HSF
Zm00001d010811	ZmHSF16	HSF
Zm00001eb353730	ZmHSF16	HSF
Zm00001eb353720	ZmHSF16	HSF
Zm00001eb353710	ZmHSF16	HSF
Zm00001eb353700	ZmHSF16	HSF
Zm00001d010812	ZmHSF16	HSF
Zm00001eb056980	ZmHSF17	HSF
GRMZM2G003489	ZmHSF17	HSF
Zm00001d033987	ZmHSF17	HSF
Zm00001eb056970	ZmHSF17	HSF
GRMZM2G105348	ZmHSF18	HSF
Zm00001d016255	ZmHSF18	HSF
Zm00001eb239380	ZmHSF18	HSF
Zm00001d029270	ZmHSF19	HSF
Zm00001eb017880	ZmHSF19	HSF
AC216247.3_FG001	ZmHSF19	HSF
Zm00001eb428800	ZmHSF20	HSF
GRMZM2G301485	ZmHSF20	HSF
Zm00001d026094	ZmHSF20	HSF
Zm00001eb314890	ZmHSF21	HSF
GRMZM2G139535	ZmHSF21	HSF
Zm00001d020714	ZmHSF21	HSF
GRMZM2G384339	ZmHSF22	HSF
Zm00001d012823	ZmHSF22	HSF
Zm00001eb210530	ZmHSF22	HSF
Zm00001d044168	ZmHSF23	HSF
GRMZM2G089525	ZmHSF23	HSF
Zm00001eb159390	ZmHSF23	HSF
GRMZM2G010871	ZmHSF24	HSF
Zm00001eb047760	ZmHSF24	HSF
Zm00001d032923	ZmHSF24	HSF
GRMZM2G086880	ZmHSF25	HSF
Zm00001d011406	ZmHSF25	HSF
Zm00001eb358700	ZmHSF25	HSF
Zm00001eb371000	ZmHSF26	HSF
GRMZM2G118453	ZmHSF26	HSF
Zm00001d012749	ZmHSF26	HSF
Zm00001d022295	ZmHSF27	HSF
Zm00001eb328900	ZmHSF27	HSF
GRMZM2G025685	ZmHSF27	HSF
GRMZM2G118047	ZmHSF28	HSF
Zm00001eb384760	ZmHSF28	HSF
Zm00001d046299	ZmHSF28	HSF
Zm00001eb384750	ZmHSF28	HSF
GRMZM2G179802	ZmHSF29	HSF
Zm00001d020704	ZmHSF30	HSF
Zm00001eb314790	ZmHSF30	HSF
Zm00001eb241300	ZmHSF31	HSF
Zm00001d016520	ZmHSF31	HSF
Zm00001eb055920	ZmHB1	Homeobox
Zm00001d033859	ZmHB1	Homeobox
GRMZM2G017087	ZmHB1	Homeobox
Zm00001d016298	ZmHB2	Homeobox
GRMZM2G161435	ZmHB2	Homeobox
Zm00001eb239680	ZmHB2	Homeobox
GRMZM2G106276	ZmHB4	Homeobox
Zm00001eb377500	ZmHB4	Homeobox
Zm00001d045400	ZmHB4	Homeobox
Zm00001eb006710	ZmHB5	Homeobox
GRMZM2G132367	ZmHB5	Homeobox
Zm00001d027991	ZmHB5	Homeobox
Zm00001eb006700	ZmHB5	Homeobox
GRMZM2G458728	ZmHB6	Homeobox
Zm00001d053151	ZmHB6	Homeobox
Zm00001eb202150	ZmHB6	Homeobox
Zm00001eb202140	ZmHB6	Homeobox
GRMZM2G122076	ZmHB7	Homeobox
Zm00001d050310	ZmHB7	Homeobox
Zm00001eb179000	ZmHB7	Homeobox
Zm00001eb058930	ZmHB8	Homeobox
GRMZM2G135447	ZmHB8	Homeobox
Zm00001d034212	ZmHB8	Homeobox
Zm00001d012751	ZmHB9	Homeobox
GRMZM2G351018	ZmHB9	Homeobox
Zm00001eb371020	ZmHB9	Homeobox
Zm00001d037140	ZmHB10	Homeobox
GRMZM2G004334	ZmHB10	Homeobox
Zm00001eb278870	ZmHB10	Homeobox
GRMZM2G127537	ZmHB11	Homeobox
Zm00001d020670	ZmHB11	Homeobox
Zm00001eb314500	ZmHB11	Homeobox
AC233899.1_FG004	ZmHB12	Homeobox
Zm00001d048227	ZmHB12	Homeobox
Zm00001eb401450	ZmHB12	Homeobox
Zm00001d021934	ZmHB13	Homeobox
Zm00001eb325620	ZmHB13	Homeobox
GRMZM2G104204	ZmHB13	Homeobox
Zm00001eb325630	ZmHB13	Homeobox
GRMZM2G116658	ZmHB14	Homeobox
Zm00001eb319090	ZmHB14	Homeobox
Zm00001d021236	ZmHB14	Homeobox
GRMZM2G123140	ZmHB15	Homeobox
Zm00001d030069	ZmHB15	Homeobox
Zm00001eb024680	ZmHB15	Homeobox
Zm00001eb355310	ZmHB16	Homeobox
Zm00001d010998	ZmHB16	Homeobox
GRMZM2G140083	ZmHB16	Homeobox
GRMZM2G118063	ZmHB17	Homeobox
Zm00001eb413140	ZmHB17	Homeobox
Zm00001d024701	ZmHB18	Homeobox
Zm00001eb416980	ZmHB18	Homeobox
GRMZM2G004957	ZmHB18	Homeobox
Zm00001d012330	ZmHB19	Homeobox
GRMZM2G478396	ZmHB19	Homeobox
Zm00001eb367200	ZmHB19	Homeobox
GRMZM2G060507	ZmHB20	Homeobox
Zm00001d048471	ZmHB20	Homeobox
Zm00001eb403720	ZmHB20	Homeobox
Zm00001eb384240	ZmHB21	Homeobox
GRMZM2G076272	ZmHB21	Homeobox
Zm00001d046223	ZmHB21	Homeobox
Zm00001eb402220	ZmHB22	Homeobox
Zm00001d048312	ZmHB22	Homeobox
GRMZM2G178741	ZmHB22	Homeobox
Zm00001eb402230	ZmHB22	Homeobox
Zm00001eb354880	ZmHB23	Homeobox
GRMZM2G094241	ZmHB23	Homeobox
Zm00001d010948	ZmHB23	Homeobox
GRMZM2G166041	ZmHB24	Homeobox
Zm00001d000303	ZmHB24	Homeobox
Zm00001eb208000	ZmHB24	Homeobox
GRMZM2G178102	ZmHB25	Homeobox
Zm00001d041489	ZmHB25	Homeobox
Zm00001eb136060	ZmHB25	Homeobox
GRMZM2G010929	ZmHB26	Homeobox
Zm00001d008612	ZmHB26	Homeobox
Zm00001eb335810	ZmHB26	Homeobox
Zm00001eb235080	ZmHB27	Homeobox
Zm00001d015671	ZmHB27	Homeobox
Zm00001eb235090	ZmHB27	Homeobox
Zm00001d015672	ZmHB27	Homeobox
GRMZM2G426140	ZmHB27	Homeobox
Zm00001d015265	ZmHB28	Homeobox
Zm00001eb232240	ZmHB28	Homeobox
GRMZM2G033138	ZmHB28	Homeobox
GRMZM2G125294	ZmHB29	Homeobox
Zm00001eb343660	ZmHB29	Homeobox
Zm00001d009562	ZmHB29	Homeobox
GRMZM2G327059	ZmHB30	Homeobox
Zm00001d027435	ZmHB30	Homeobox
Zm00001eb001770	ZmHB30	Homeobox
Zm00001eb126140	ZmHB31	Homeobox
Zm00001d040090	ZmHB31	Homeobox
GRMZM2G026643	ZmHB31	Homeobox
GRMZM2G314546	ZmHB32	Homeobox
Zm00001eb153100	ZmHB32	Homeobox
Zm00001d043452	ZmHB32	Homeobox
GRMZM2G011588	ZmHB33	Homeobox
Zm00001eb051900	ZmHB33	Homeobox
Zm00001d033378	ZmHB33	Homeobox
Zm00001eb098960	ZmHB34	Homeobox
GRMZM2G002915	ZmHB34	Homeobox
Zm00001d005692	ZmHB34	Homeobox
GRMZM2G333565	ZmHB35	Homeobox
Zm00001eb056260	ZmHB36	Homeobox
GRMZM2G396114	ZmHB36	Homeobox
Zm00001d033898	ZmHB36	Homeobox
Zm00001eb217350	ZmHB37	Homeobox
GRMZM2G148098	ZmHB37	Homeobox
Zm00001d013547	ZmHB37	Homeobox
Zm00001d035907	ZmHB38	Homeobox
Zm00001eb268690	ZmHB38	Homeobox
GRMZM2G013617	ZmHB38	Homeobox
Zm00001eb264910	ZmHB39	Homeobox
Zm00001d035439	ZmHB39	Homeobox
Zm00001eb264920	ZmHB39	Homeobox
GRMZM5G832409	ZmHB39	Homeobox
GRMZM2G158403	ZmHB40	Homeobox
Zm00001d042228	ZmHB40	Homeobox
GRMZM2G117164	ZmHB41	Homeobox
Zm00001d017422	ZmHB41	Homeobox
Zm00001eb248930	ZmHB41	Homeobox
Zm00001d014628	ZmHB42	Homeobox
Zm00001eb226570	ZmHB42	Homeobox
GRMZM2G477415	ZmHB42	Homeobox
Zm00001eb226590	ZmHB43	Homeobox
GRMZM2G307397	ZmHB43	Homeobox
Zm00001d014630	ZmHB43	Homeobox
Zm00001eb226580	ZmHB44	Homeobox
GRMZM2G307400	ZmHB44	Homeobox
Zm00001d014629	ZmHB44	Homeobox
Zm00001eb009550	ZmHB45	Homeobox
GRMZM2G126808	ZmHB45	Homeobox
Zm00001d028304	ZmHB45	Homeobox
Zm00001d044081	ZmHB46	Homeobox
Zm00001eb158680	ZmHB46	Homeobox
GRMZM2G126239	ZmHB46	Homeobox
Zm00001eb293840	ZmHB47	Homeobox
GRMZM2G474656	ZmHB47	Homeobox
Zm00001d038811	ZmHB47	Homeobox
Zm00001eb147970	ZmHB48	Homeobox
GRMZM2G154641	ZmHB48	Homeobox
Zm00001d042864	ZmHB48	Homeobox
GRMZM2G097349	ZmHB49	Homeobox
Zm00001d033005	ZmHB49	Homeobox
Zm00001eb048440	ZmHB49	Homeobox
Zm00001d011537	ZmHB50	Homeobox
GRMZM2G133972	ZmHB50	Homeobox
Zm00001eb359810	ZmHB50	Homeobox
Zm00001eb001720	ZmHB51	Homeobox
Zm00001d027431	ZmHB51	Homeobox
GRMZM2G159431	ZmHB51	Homeobox
AC187157.4_FG005	ZmHB52	Homeobox
Zm00001d008869	ZmHB52	Homeobox
Zm00001eb337970	ZmHB52	Homeobox
GRMZM2G044752	ZmHB53	Homeobox
Zm00001d002754	ZmHB53	Homeobox
Zm00001eb074830	ZmHB53	Homeobox
GRMZM2G041127	ZmHB54	Homeobox
Zm00001eb101280	ZmHB54	Homeobox
Zm00001d005951	ZmHB54	Homeobox
Zm00001d020046	ZmHB55	Homeobox
Zm00001eb309600	ZmHB55	Homeobox
GRMZM2G126170	ZmHB55	Homeobox
GRMZM2G047715	ZmHB56	Homeobox
Zm00001eb182650	ZmHB56	Homeobox
Zm00001d050834	ZmHB56	Homeobox
Zm00001eb087250	ZmHB57	Homeobox
Zm00001d004234	ZmHB57	Homeobox
GRMZM2G060444	ZmHB57	Homeobox
Zm00001d027317	ZmHB58	Homeobox
Zm00001eb000690	ZmHB58	Homeobox
GRMZM2G042250	ZmHB58	Homeobox
GRMZM2G366130	ZmHB59	Homeobox
Zm00001eb100690	ZmHB59	Homeobox
Zm00001d005875	ZmHB59	Homeobox
GRMZM2G068672	ZmHB60	Homeobox
Zm00001eb270270	ZmHB60	Homeobox
Zm00001d036118	ZmHB60	Homeobox
Zm00001d007842	ZmHB61	Homeobox
GRMZM2G452178	ZmHB61	Homeobox
Zm00001eb117820	ZmHB61	Homeobox
GRMZM2G105834	ZmHB62	Homeobox
Zm00001eb399360	ZmHB62	Homeobox
Zm00001d047995	ZmHB62	Homeobox
GRMZM2G116063	ZmHB63	Homeobox
Zm00001eb147630	ZmHB63	Homeobox
Zm00001d042821	ZmHB63	Homeobox
GRMZM2G004641	ZmHB64	Homeobox
Zm00001d027802	ZmHB64	Homeobox
Zm00001eb005020	ZmHB64	Homeobox
Zm00001eb061430	ZmHB65	Homeobox
GRMZM2G454176	ZmHB65	Homeobox
GRMZM2G151266	ZmHB65	Homeobox
Zm00001d034515	ZmHB65	Homeobox
Zm00001eb075230	ZmHB66	Homeobox
Zm00001d002799	ZmHB66	Homeobox
GRMZM2G351330	ZmHB66	Homeobox
Zm00001d001948	ZmHB67	Homeobox
GRMZM2G047448	ZmHB67	Homeobox
Zm00001eb067310	ZmHB67	Homeobox
Zm00001d028129	ZmHB68	Homeobox
GRMZM2G005624	ZmHB68	Homeobox
Zm00001eb007950	ZmHB68	Homeobox
GRMZM2G469551	ZmHB69	Homeobox
Zm00001d032681	ZmHB69	Homeobox
Zm00001eb045630	ZmHB69	Homeobox
GRMZM5G882680	ZmHB70	Homeobox
Zm00001d025964	ZmHB70	Homeobox
GRMZM2G127776	ZmHB70	Homeobox
Zm00001eb427650	ZmHB70	Homeobox
GRMZM2G396527	ZmHB70	Homeobox
GRMZM2G145690	ZmHB71	Homeobox
Zm00001d018225	ZmHB71	Homeobox
Zm00001eb256420	ZmHB71	Homeobox
GRMZM2G055243	ZmHB72	Homeobox
Zm00001d046568	ZmHB72	Homeobox
Zm00001eb386830	ZmHB72	Homeobox
GRMZM2G170958	ZmHB73	Homeobox
Zm00001eb414580	ZmHB73	Homeobox
Zm00001d024410	ZmHB73	Homeobox
GRMZM2G087741	ZmHB74	Homeobox
Zm00001d040611	ZmHB74	Homeobox
Zm00001eb130180	ZmHB74	Homeobox
Zm00001eb070050	ZmHB75	Homeobox
Zm00001d002234	ZmHB75	Homeobox
GRMZM2G001289	ZmHB75	Homeobox
Zm00001eb289480	ZmHB76	Homeobox
GRMZM2G125976	ZmHB76	Homeobox
Zm00001d038355	ZmHB76	Homeobox
Zm00001d045398	ZmHB77	Homeobox
Zm00001eb377480	ZmHB77	Homeobox
Zm00001eb377490	ZmHB77	Homeobox
GRMZM2G134260	ZmHB77	Homeobox
GRMZM2G148074	ZmHB78	Homeobox
Zm00001d029934	ZmHB78	Homeobox
Zm00001eb023620	ZmHB78	Homeobox
Zm00001eb234270	ZmHB79	Homeobox
GRMZM2G370332	ZmHB79	Homeobox
Zm00001d015549	ZmHB79	Homeobox
Zm00001eb206760	ZmHB80	Homeobox
Zm00001d053749	ZmHB80	Homeobox
GRMZM2G433591	ZmHB80	Homeobox
Zm00001d036510	ZmHB81	Homeobox
GRMZM5G830671	ZmHB81	Homeobox
Zm00001eb273120	ZmHB81	Homeobox
Zm00001d035535	ZmHB82	Homeobox
GRMZM2G122537	ZmHB82	Homeobox
Zm00001eb265710	ZmHB82	Homeobox
Zm00001d052133	ZmHB83	Homeobox
GRMZM2G126646	ZmHB83	Homeobox
Zm00001eb193330	ZmHB83	Homeobox
GRMZM2G099319	ZmHB84	Homeobox
Zm00001d031182	ZmHB84	Homeobox
Zm00001eb032780	ZmHB84	Homeobox
Zm00001eb157360	ZmHB85	Homeobox
Zm00001d043937	ZmHB85	Homeobox
GRMZM2G031882	ZmHB85	Homeobox
GRMZM2G008286	ZmHB86	Homeobox
Zm00001d009802	ZmHB86	Homeobox
Zm00001eb385620	ZmHB87	Homeobox
Zm00001d046405	ZmHB87	Homeobox
GRMZM2G163641	ZmHB87	Homeobox
GRMZM2G038252	ZmHB88	Homeobox
GRMZM2G009794	ZmHB89	Homeobox
Zm00001d012419	ZmHB89	Homeobox
Zm00001eb367990	ZmHB89	Homeobox
GRMZM2G339751	ZmHB89	Homeobox
Zm00001d050487	ZmHB90	Homeobox
GRMZM2G419252	ZmHB90	Homeobox
Zm00001eb180280	ZmHB90	Homeobox
Zm00001eb431350	ZmHB91	Homeobox
GRMZM2G122897	ZmHB91	Homeobox
Zm00001d026351	ZmHB91	Homeobox
Zm00001d038812	ZmHB92	Homeobox
Zm00001eb293860	ZmHB92	Homeobox
GRMZM2G094935	ZmHB92	Homeobox
GRMZM2G053713	ZmHB93	Homeobox
GRMZM2G318412	ZmHB93	Homeobox
GRMZM2G450166	ZmHB93	Homeobox
Zm00001d007527	ZmHB93	Homeobox
Zm00001d007525	ZmHB93	Homeobox
Zm00001d007530	ZmHB93	Homeobox
Zm00001eb114480	ZmHB93	Homeobox
Zm00001eb114460	ZmHB93	Homeobox
Zm00001eb114470	ZmHB93	Homeobox
Zm00001eb114500	ZmHB93	Homeobox
Zm00001d007528	ZmHB93	Homeobox
Zm00001d007529	ZmHB93	Homeobox
Zm00001d007531	ZmHB93	Homeobox
Zm00001eb114490	ZmHB93	Homeobox
Zm00001d042920	ZmHB94	Homeobox
GRMZM2G108933	ZmHB94	Homeobox
Zm00001eb148390	ZmHB94	Homeobox
Zm00001eb055940	ZmHB95	Homeobox
GRMZM2G000743	ZmHB95	Homeobox
Zm00001d033861	ZmHB95	Homeobox
GRMZM2G438260	ZmHB96	Homeobox
Zm00001d004230	ZmHB96	Homeobox
Zm00001eb087200	ZmHB96	Homeobox
Zm00001eb087210	ZmHB96	Homeobox
Zm00001eb087220	ZmHB96	Homeobox
Zm00001d049443	ZmHB97	Homeobox
Zm00001eb171720	ZmHB97	Homeobox
GRMZM2G130442	ZmHB97	Homeobox
Zm00001eb223300	ZmHB98	Homeobox
Zm00001d014201	ZmHB98	Homeobox
GRMZM5G803812	ZmHB98	Homeobox
GRMZM2G159357	ZmHB99	Homeobox
Zm00001d043915	ZmHB99	Homeobox
Zm00001eb157200	ZmHB99	Homeobox
Zm00001eb157220	ZmHB99	Homeobox
Zm00001eb157210	ZmHB99	Homeobox
Zm00001eb157230	ZmHB99	Homeobox
Zm00001d029736	ZmHB100	Homeobox
Zm00001eb021980	ZmHB100	Homeobox
Zm00001eb021970	ZmHB100	Homeobox
GRMZM2G064466	ZmHB100	Homeobox
GRMZM2G111964	ZmHB101	Homeobox
Zm00001d008942	ZmHB101	Homeobox
Zm00001eb005440	ZmHB102	Homeobox
Zm00001d027852	ZmHB102	Homeobox
GRMZM2G139963	ZmHB102	Homeobox
GRMZM2G136369	ZmHB103	Homeobox
Zm00001eb353320	ZmHB103	Homeobox
Zm00001d010758	ZmHB103	Homeobox
Zm00001d026088	ZmHB104	Homeobox
Zm00001eb428740	ZmHB104	Homeobox
AC235534.1_FG007	ZmHB104	Homeobox
Zm00001d033379	ZmHB105	Homeobox
GRMZM2G163761	ZmHB105	Homeobox
Zm00001eb051910	ZmHB105	Homeobox
GRMZM2G162481	ZmHB106	Homeobox
Zm00001d047559	ZmHB106	Homeobox
Zm00001eb395430	ZmHB106	Homeobox
GRMZM2G062244	ZmHB107	Homeobox
Zm00001eb107800	ZmHB107	Homeobox
Zm00001d006687	ZmHB107	Homeobox
GRMZM2G060050	ZmHB108	Homeobox
GRMZM5G805026	ZmHB109	Homeobox
Zm00001eb368970	ZmHB109	Homeobox
Zm00001d012516	ZmHB109	Homeobox
Zm00001eb052120	ZmHB110	Homeobox
Zm00001d033404	ZmHB110	Homeobox
GRMZM2G061101	ZmHB110	Homeobox
Zm00001d013559	ZmHB111	Homeobox
GRMZM2G002225	ZmHB111	Homeobox
Zm00001d013560	ZmHB111	Homeobox
Zm00001eb217470	ZmHB111	Homeobox
Zm00001eb217480	ZmHB111	Homeobox
GRMZM2G003304	ZmHB112	Homeobox
Zm00001d032316	ZmHB112	Homeobox
Zm00001eb042400	ZmHB112	Homeobox
GRMZM2G060541	ZmHB113	Homeobox
GRMZM2G359237	ZmHB113	Homeobox
Zm00001d011560	ZmHB113	Homeobox
Zm00001eb360000	ZmHB113	Homeobox
AC196465.3_FG006	ZmHB113	Homeobox
Zm00001eb359990	ZmHB113	Homeobox
GRMZM2G014346	ZmHB113	Homeobox
GRMZM2G381748	ZmHB114	Homeobox
GRMZM2G021339	ZmHB115	Homeobox
Zm00001d051749	ZmHB115	Homeobox
Zm00001eb189900	ZmHB115	Homeobox
Zm00001eb149680	ZmHB116	Homeobox
Zm00001d043076	ZmHB116	Homeobox
GRMZM2G069274	ZmHB116	Homeobox
GRMZM2G409881	ZmHB117	Homeobox
Zm00001d039017	ZmHB117	Homeobox
Zm00001eb295920	ZmHB117	Homeobox
Zm00001d043231	ZmHB118	Homeobox
GRMZM2G386276	ZmHB118	Homeobox
Zm00001eb151130	ZmHB118	Homeobox
Zm00001eb031670	ZmHB119	Homeobox
Zm00001d031060	ZmHB119	Homeobox
GRMZM2G003509	ZmHB119	Homeobox
Zm00001d031061	ZmHB119	Homeobox
Zm00001eb031660	ZmHB119	Homeobox
Zm00001d020804	ZmHB120	Homeobox
GRMZM2G056600	ZmHB120	Homeobox
Zm00001eb315750	ZmHB120	Homeobox
Zm00001d030191	ZmHB121	Homeobox
GRMZM2G131476	ZmHB121	Homeobox
Zm00001eb025650	ZmHB121	Homeobox
GRMZM2G028622	ZmHB122	Homeobox
Zm00001eb433010	ZmHB122	Homeobox
Zm00001d026537	ZmHB122	Homeobox
Zm00001d010060	ZmHB123	Homeobox
GRMZM2G074645	ZmHB123	Homeobox
Zm00001eb347710	ZmHB123	Homeobox
GRMZM2G423337	ZmHB124	Homeobox
Zm00001eb050660	ZmHB124	Homeobox
GRMZM2G023291	ZmHB124	Homeobox
Zm00001d033246	ZmHB124	Homeobox
GRMZM2G069028	ZmHB125	Homeobox
Zm00001d004889	ZmHB125	Homeobox
Zm00001eb092480	ZmHB125	Homeobox
GRMZM2G034113	ZmHB126	Homeobox
Zm00001d006195	ZmHB126	Homeobox
Zm00001eb103330	ZmHB126	Homeobox
Zm00001eb027860	ZmHB127	Homeobox
Zm00001d030532	ZmHB127	Homeobox
GRMZM2G119999	ZmHB127	Homeobox
GRMZM2G041462	ZmHB128	Homeobox
Zm00001eb319390	ZmHB128	Homeobox
Zm00001d021268	ZmHB128	Homeobox
GRMZM2G142962	ZmHB129	Homeobox
Zm00001d031745	ZmHB129	Homeobox
Zm00001eb037670	ZmHB129	Homeobox
Zm00001eb015500	ZmHB130	Homeobox
GRMZM2G314064	ZmHB130	Homeobox
Zm00001d028986	ZmHB130	Homeobox
GRMZM2G111204	ZmHB131	Homeobox
Zm00001d005584	ZmHB131	Homeobox
Zm00001eb097990	ZmHB131	Homeobox
Zm00001eb299420	ZmHB132	Homeobox
GRMZM2G028041	ZmHB132	Homeobox
Zm00001d018742	ZmHB132	Homeobox
GRMZM2G109987	ZmHB133	Homeobox
Zm00001eb404260	ZmHB133	Homeobox
Zm00001d048527	ZmHB133	Homeobox
Zm00001d026169	ZmHB134	Homeobox
GRMZM2G100931	ZmHB134	Homeobox
Zm00001eb429640	ZmHB134	Homeobox
Zm00001eb429650	ZmHB134	Homeobox
Zm00001eb377250	ZmHB135	Homeobox
Zm00001d000205	ZmHB135	Homeobox
GRMZM2G106683	ZmHB135	Homeobox
Zm00001d044973	ZmHB136	Homeobox
Zm00001eb373520	ZmHB136	Homeobox
GRMZM2G062318	ZmHB136	Homeobox
Zm00001d022524	ZmHB137	Homeobox
Zm00001eb330990	ZmHB137	Homeobox
Zm00001d019477	ZmHB138	Homeobox
Zm00001eb305790	ZmHB138	Homeobox
GRMZM2G109252	ZmHB138	Homeobox
Zm00001d037309	ZmHB139	Homeobox
Zm00001eb280440	ZmHB139	Homeobox
Zm00001eb144420	ZmHB140	Homeobox
Zm00001d042479	ZmHB140	Homeobox
Zm00001d042478	ZmHB140	Homeobox
GRMZM2G058954	ZmHB140	Homeobox
GRMZM2G359397	ZmHB140	Homeobox
Zm00001eb144410	ZmHB140	Homeobox
GRMZM2G149265	ZmHB141	Homeobox
Zm00001eb367780	ZmHB141	Homeobox
Zm00001d012395	ZmHB141	Homeobox
Zm00001d048172	ZmHB142	Homeobox
Zm00001eb400960	ZmHB142	Homeobox
Zm00001eb400950	ZmHB142	Homeobox
Zm00001eb218730	ZmHB143	Homeobox
Zm00001d013699	ZmHB143	Homeobox
Zm00001d008308	ZmHB144	Homeobox
GRMZM2G167492	ZmHB144	Homeobox
Zm00001eb333350	ZmHB144	Homeobox
Zm00001d008307	ZmHB144	Homeobox
GRMZM2G416310	ZmHB145	Homeobox
Zm00001d049337	ZmHB145	Homeobox
GRMZM2G114952	ZmHB145	Homeobox
Zm00001d049338	ZmHB145	Homeobox
Zm00001eb170840	ZmHB145	Homeobox
GRMZM2G136106	ZmHB146	Homeobox
Zm00001eb130500	ZmHB146	Homeobox
Zm00001d040650	ZmHB146	Homeobox
Zm00001eb253470	ZmHB147	Homeobox
GRMZM6G946111	ZmHB147	Homeobox
Zm00001d017920	ZmHB147	Homeobox
Zm00001eb441490	ZmHB148	Homeobox
Zm00001eb197430	ZmHB149	Homeobox
Zm00001d052598	ZmHB149	Homeobox
Zm00001eb432140	ZmHB150	Homeobox
Zm00001d026453	ZmHB150	Homeobox
Zm00001eb150330	ZmHB151	Homeobox
Zm00001d034606	ZmIWS1	IWS1/SPN1
Zm00001eb062210	ZmIWS1	IWS1/SPN1
GRMZM2G465553	ZmIWS1	IWS1/SPN1
Zm00001d012993	ZmIWS2	IWS1/SPN1
Zm00001eb212040	ZmIWS2	IWS1/SPN1
GRMZM2G108716	ZmIWS2	IWS1/SPN1
Zm00001eb440670	ZmIWS3	IWS1/SPN1
AC190225.2_FG001	ZmJMJ1	JUMONJI
Zm00001d009393	ZmJMJ1	JUMONJI
Zm00001eb342220	ZmJMJ1	JUMONJI
GRMZM2G142964	ZmJMJ1	JUMONJI
GRMZM2G107109	ZmJMJ2	JUMONJI
GRMZM2G140524	ZmJMJ2	JUMONJI
GRMZM2G171163	ZmJMJ2	JUMONJI
Zm00001d051959	ZmJMJ2	JUMONJI
Zm00001d051962	ZmJMJ2	JUMONJI
Zm00001eb191810	ZmJMJ2	JUMONJI
Zm00001d051961	ZmJMJ2	JUMONJI
Zm00001d051964	ZmJMJ2	JUMONJI
Zm00001eb191790	ZmJMJ2	JUMONJI
Zm00001d051960	ZmJMJ2	JUMONJI
Zm00001d051963	ZmJMJ2	JUMONJI
GRMZM2G428933	ZmJMJ3	JUMONJI
Zm00001d047491	ZmJMJ3	JUMONJI
Zm00001eb394830	ZmJMJ3	JUMONJI
Zm00001eb191820	ZmJMJ4	JUMONJI
Zm00001d051965	ZmJMJ4	JUMONJI
GRMZM2G027075	ZmJMJ4	JUMONJI
GRMZM2G372961	ZmJMJ5	JUMONJI
GRMZM2G070885	ZmJMJ5	JUMONJI
Zm00001d020366	ZmJMJ5	JUMONJI
Zm00001d020367	ZmJMJ5	JUMONJI
Zm00001eb311870	ZmJMJ5	JUMONJI
Zm00001d051959	ZmJMJ6	JUMONJI
GRMZM2G140524	ZmJMJ6	JUMONJI
Zm00001d051962	ZmJMJ6	JUMONJI
Zm00001eb191790	ZmJMJ6	JUMONJI
Zm00001d051960	ZmJMJ6	JUMONJI
Zm00001eb191810	ZmJMJ6	JUMONJI
GRMZM2G171163	ZmJMJ6	JUMONJI
Zm00001d051961	ZmJMJ6	JUMONJI
GRMZM2G107109	ZmJMJ6	JUMONJI
Zm00001d051963	ZmJMJ6	JUMONJI
Zm00001d051964	ZmJMJ6	JUMONJI
Zm00001d037313	ZmJMJ7	JUMONJI
Zm00001eb280460	ZmJMJ7	JUMONJI
GRMZM2G156910	ZmJMJ7	JUMONJI
Zm00001d023788	ZmJMJ8	JUMONJI
GRMZM2G431157	ZmJMJ8	JUMONJI
Zm00001eb409800	ZmJMJ8	JUMONJI
Zm00001eb284570	ZmJMJ10	JUMONJI
Zm00001d037803	ZmJMJ10	JUMONJI
GRMZM2G044301	ZmJMJ10	JUMONJI
Zm00001eb365340	ZmJMJ11	JUMONJI
Zm00001d012119	ZmJMJ11	JUMONJI
GRMZM2G339379	ZmJMJ11	JUMONJI
GRMZM2G054162	ZmJMJ12	JUMONJI
Zm00001d054070	ZmJMJ12	JUMONJI
Zm00001eb209780	ZmJMJ12	JUMONJI
Zm00001d030108	ZmJMJ14	JUMONJI
Zm00001eb025020	ZmJMJ14	JUMONJI
GRMZM2G057466	ZmJMJ14	JUMONJI
GRMZM2G060919	ZmJMJ15	JUMONJI
Zm00001eb251380	ZmJMJ15	JUMONJI
Zm00001d017700	ZmJMJ15	JUMONJI
GRMZM2G180086	ZmJMJ16	JUMONJI
Zm00001d014422	ZmJMJ16	JUMONJI
Zm00001eb224940	ZmJMJ16	JUMONJI
GRMZM2G152877	ZmJMJ17	JUMONJI
Zm00001d029392	ZmJMJ17	JUMONJI
Zm00001eb018970	ZmJMJ17	JUMONJI
GRMZM2G321810	ZmJMJ18	JUMONJI
Zm00001d042447	ZmJMJ18	JUMONJI
Zm00001eb144180	ZmJMJ18	JUMONJI
Zm00001eb144170	ZmJMJ18	JUMONJI
Zm00001d018647	ZmJMJ19	JUMONJI
Zm00001eb298510	ZmJMJ19	JUMONJI
GRMZM2G108589	ZmJMJ19	JUMONJI
GRMZM2G383210	ZmJMJ21	JUMONJI
Zm00001d051849	ZmJMJ21	JUMONJI
Zm00001eb190750	ZmJMJ21	JUMONJI
GRMZM2G417089	ZmJMJ22	JUMONJI
Zm00001d033158	ZmJMJ22	JUMONJI
Zm00001eb049830	ZmJMJ22	JUMONJI
Zm00001d027678	ZmLBD1	LBD
Zm00001eb003910	ZmLBD1	LBD
GRMZM2G092483	ZmLBD1	LBD
Zm00001eb003920	ZmLBD2	LBD
GRMZM2G092542	ZmLBD2	LBD
Zm00001d027679	ZmLBD2	LBD
GRMZM2G110913	ZmLBD3	LBD
Zm00001d028413	ZmLBD3	LBD
Zm00001eb010570	ZmLBD3	LBD
GRMZM2G021095	ZmLBD4	LBD
Zm00001d028721	ZmLBD4	LBD
Zm00001eb019930	ZmLBD5	LBD
GRMZM2G060544	ZmLBD5	LBD
Zm00001d029506	ZmLBD5	LBD
Zm00001eb020750	ZmLBD6	LBD
Zm00001eb020740	ZmLBD6	LBD
Zm00001d029601	ZmLBD6	LBD
Zm00001d029602	ZmLBD6	LBD
GRMZM2G044902	ZmLBD6	LBD
GRMZM2G076327	ZmLBD7	LBD
Zm00001d030364	ZmLBD7	LBD
Zm00001eb026870	ZmLBD7	LBD
Zm00001eb035850	ZmLBD8	LBD
Zm00001d031544	ZmLBD8	LBD
GRMZM2G132667	ZmLBD8	LBD
Zm00001eb042180	ZmLBD9	LBD
Zm00001d032286	ZmLBD9	LBD
AC217910.3_FG006	ZmLBD9	LBD
GRMZM2G154320	ZmLBD10	LBD
Zm00001eb051480	ZmLBD10	LBD
Zm00001d033335	ZmLBD10	LBD
Zm00001eb051620	ZmLBD11	LBD
GRMZM2G017319	ZmLBD11	LBD
Zm00001d033347	ZmLBD11	LBD
GRMZM2G447176	ZmLBD12	LBD
Zm00001eb052620	ZmLBD12	LBD
Zm00001d033466	ZmLBD12	LBD
GRMZM2G011385	ZmLBD13	LBD
Zm00001eb060210	ZmLBD13	LBD
Zm00001d034384	ZmLBD13	LBD
Zm00001eb108240	ZmLBD14	LBD
Zm00001d006739	ZmLBD14	LBD
GRMZM2G177110	ZmLBD14	LBD
Zm00001eb117380	ZmLBD15	LBD
Zm00001d007919	ZmLBD15	LBD
AC207888.3_FG009	ZmLBD15	LBD
Zm00001eb117390	ZmLBD15	LBD
AC233943.1_FG002	ZmLBD16	LBD
Zm00001d039694	ZmLBD16	LBD
Zm00001eb123060	ZmLBD16	LBD
Zm00001d040004	ZmLBD17	LBD
Zm00001eb125420	ZmLBD17	LBD
GRMZM2G132693	ZmLBD17	LBD
Zm00001d041205	ZmLBD18	LBD
Zm00001eb134030	ZmLBD18	LBD
AC218973.3_FG003	ZmLBD18	LBD
Zm00001d042560	ZmLBD19	LBD
Zm00001eb145150	ZmLBD19	LBD
GRMZM2G118250	ZmLBD19	LBD
Zm00001eb145160	ZmLBD19	LBD
GRMZM2G092517	ZmLBD20	LBD
Zm00001d043036	ZmLBD20	LBD
Zm00001eb149370	ZmLBD20	LBD
Zm00001eb149360	ZmLBD20	LBD
Zm00001d043311	ZmLBD21	LBD
Zm00001eb151910	ZmLBD21	LBD
GRMZM2G025758	ZmLBD21	LBD
Zm00001eb167220	ZmLBD22	LBD
GRMZM2G095982	ZmLBD22	LBD
Zm00001d048889	ZmLBD22	LBD
Zm00001eb178740	ZmLBD23	LBD
GRMZM2G079768	ZmLBD23	LBD
Zm00001d050269	ZmLBD23	LBD
Zm00001d051891	ZmLBD24	LBD
Zm00001eb191160	ZmLBD24	LBD
Zm00001eb191170	ZmLBD24	LBD
GRMZM2G075499	ZmLBD24	LBD
GRMZM2G025989	ZmLBD25	LBD
GRMZM2G092167	ZmLBD25	LBD
Zm00001d052317	ZmLBD25	LBD
Zm00001eb195020	ZmLBD25	LBD
GRMZM2G079185	ZmLBD26	LBD
Zm00001eb218120	ZmLBD26	LBD
Zm00001d013625	ZmLBD26	LBD
GRMZM2G362627	ZmLBD27	LBD
Zm00001eb219100	ZmLBD27	LBD
Zm00001d013732	ZmLBD27	LBD
Zm00001d035498	ZmLBD28	LBD
GRMZM2G165805	ZmLBD28	LBD
Zm00001eb265490	ZmLBD28	LBD
Zm00001eb269620	ZmLBD29	LBD
Zm00001d036032	ZmLBD29	LBD
GRMZM2G386095	ZmLBD29	LBD
GRMZM2G180319	ZmLBD30	LBD
Zm00001eb272570	ZmLBD30	LBD
Zm00001d036435	ZmLBD30	LBD
Zm00001eb286410	ZmLBD31	LBD
GRMZM2G044150	ZmLBD31	LBD
Zm00001d038013	ZmLBD31	LBD
Zm00001d038197	ZmLBD32	LBD
Zm00001eb288160	ZmLBD32	LBD
GRMZM2G121487	ZmLBD32	LBD
Zm00001eb292980	ZmLBD33	LBD
Zm00001eb292990	ZmLBD33	LBD
GRMZM2G386674	ZmLBD33	LBD
Zm00001d038717	ZmLBD33	LBD
GRMZM2G704330	ZmLBD34	LBD
Zm00001d018832	ZmLBD34	LBD
Zm00001d009823	ZmLBD35	LBD
GRMZM5G868471	ZmLBD35	LBD
Zm00001eb345960	ZmLBD35	LBD
Zm00001eb349310	ZmLBD36	LBD
GRMZM2G096064	ZmLBD36	LBD
Zm00001d010264	ZmLBD36	LBD
AC234149.1_FG002	ZmLBD37	LBD
Zm00001d010749	ZmLBD37	LBD
Zm00001eb353210	ZmLBD37	LBD
Zm00001d010751	ZmLBD38	LBD
GRMZM2G073044	ZmLBD38	LBD
Zm00001eb353230	ZmLBD38	LBD
Zm00001eb355150	ZmLBD39	LBD
Zm00001d010978	ZmLBD39	LBD
AC214648.3_FG005	ZmLBD39	LBD
Zm00001d012180	ZmLBD40	LBD
GRMZM2G133806	ZmLBD40	LBD
Zm00001eb365880	ZmLBD40	LBD
Zm00001d047752	ZmLBD41	LBD
GRMZM2G145568	ZmLBD41	LBD
Zm00001eb397130	ZmLBD41	LBD
GRMZM2G150594	ZmLBD42	LBD
Zm00001d047921	ZmLBD42	LBD
Zm00001eb398670	ZmLBD42	LBD
Zm00001d048401	ZmLBD43	LBD
Zm00001eb403030	ZmLBD43	LBD
AC149818.2_FG009	ZmLBD43	LBD
GRMZM5G873586	ZmLBD44	LBD
Zm00001d023316	ZmLBD44	LBD
Zm00001eb405850	ZmLBD44	LBD
Zm00001eb442970	ZmLBD45	LBD
Zm00001eb442980	ZmLBD46	LBD
Zm00001eb442800	ZmLBD47	LBD
Zm00001eb395110	ZmLBD48	LBD
GRMZM2G369242	ZmLBD48	LBD
Zm00001d047521	ZmLBD48	LBD
Zm00001d021995	ZmLBD49	LBD
Zm00001eb326190	ZmLBD49	LBD
Zm00001eb326200	ZmLBD49	LBD
Zm00001eb442790	ZmLBD50	LBD
Zm00001d031882	ZmLBD51	LBD
Zm00001eb038820	ZmLBD51	LBD
GRMZM2G310144	ZmLBD52	LBD
Zm00001d036927	ZmLBD52	LBD
Zm00001eb277060	ZmLBD52	LBD
Zm00001d024444	ZmLBD53	LBD
Zm00001eb414890	ZmLBD53	LBD
Zm00001d024445	ZmLBD53	LBD
GRMZM2G107521	ZmLBD53	LBD
Zm00001d024447	ZmLBD53	LBD
GRMZM2G107595	ZmLBD53	LBD
Zm00001d024450	ZmLBD53	LBD
GRMZM2G072621	ZmLBD53	LBD
GRMZM2G122941	ZmLBD53	LBD
Zm00001eb414880	ZmLBD53	LBD
GRMZM5G858232	ZmLBD53	LBD
GRMZM5G885714	ZmLBD53	LBD
Zm00001eb414870	ZmLBD53	LBD
GRMZM2G700899	ZmLBD53	LBD
GRMZM2G107616	ZmLBD53	LBD
GRMZM2G407393	ZmLBD53	LBD
Zm00001eb442690	ZmLBD54	LBD
Zm00001d020243	ZmLBD55	LBD
Zm00001eb311030	ZmLBD55	LBD
GRMZM2G036169	ZmLUG1	LEUNIG
Zm00001eb065280	ZmLUG1	LEUNIG
Zm00001d034929	ZmLUG1	LEUNIG
Zm00001eb258660	ZmLUG2	LEUNIG
GRMZM2G079013	ZmLUG2	LEUNIG
Zm00001d018460	ZmLUG2	LEUNIG
GRMZM5G869422	ZmLUG3	LEUNIG
GRMZM2G361398	ZmLUG4	LEUNIG
Zm00001eb161700	ZmLUG4	LEUNIG
Zm00001d044433	ZmLUG4	LEUNIG
Zm00001eb399240	ZmLUG5	LEUNIG
Zm00001d047983	ZmLUG5	LEUNIG
GRMZM2G098797	ZmLUG5	LEUNIG
Zm00001eb336880	ZmLUG6	LEUNIG
Zm00001d008742	ZmLUG6	LEUNIG
Zm00001d011309	ZmLUG7	LEUNIG
GRMZM2G425377	ZmLUG7	LEUNIG
Zm00001eb357900	ZmLUG7	LEUNIG
GRMZM2G022383	ZmLUG8	LEUNIG
Zm00001d044432	ZmLUG8	LEUNIG
Zm00001eb161690	ZmLUG8	LEUNIG
Zm00001eb009960	ZmLUG9	LEUNIG
Zm00001d028352	ZmLUG9	LEUNIG
GRMZM2G096877	ZmLUG9	LEUNIG
GRMZM2G149708	ZmLUG10	LEUNIG
Zm00001eb088250	ZmLUG10	LEUNIG
Zm00001d004383	ZmLUG10	LEUNIG
Zm00001eb051740	ZmLUG11	LEUNIG
GRMZM2G082696	ZmLUG11	LEUNIG
Zm00001d033362	ZmLUG11	LEUNIG
GRMZM2G436785	ZmLUG12	LEUNIG
Zm00001eb051730	ZmLUG12	LEUNIG
Zm00001d033360	ZmLUG12	LEUNIG
Zm00001eb419800	ZmLUG13	LEUNIG
GRMZM2G159330	ZmLUG13	LEUNIG
Zm00001d025048	ZmLUG13	LEUNIG
GRMZM2G128206	ZmLIM1	LIM
Zm00001eb011840	ZmLIM1	LIM
Zm00001d028550	ZmLIM1	LIM
Zm00001d028567	ZmLIM2	LIM
Zm00001eb011970	ZmLIM2	LIM
GRMZM2G160198	ZmLIM2	LIM
GRMZM2G385236	ZmLIM3	LIM
Zm00001d030953	ZmLIM4	LIM
GRMZM2G099328	ZmLIM4	LIM
Zm00001eb030870	ZmLIM4	LIM
GRMZM2G342105	ZmLIM5	LIM
Zm00001d033297	ZmLIM5	LIM
Zm00001eb051170	ZmLIM5	LIM
Zm00001d002844	ZmLIM6	LIM
Zm00001eb075650	ZmLIM6	LIM
GRMZM2G153268	ZmLIM6	LIM
GRMZM2G175761	ZmLIM7	LIM
Zm00001eb137920	ZmLIM7	LIM
Zm00001d041725	ZmLIM7	LIM
GRMZM2G134752	ZmLIM8	LIM
Zm00001d051262	ZmLIM8	LIM
Zm00001eb185900	ZmLIM8	LIM
GRMZM2G170034	ZmLIM9	LIM
Zm00001d017382	ZmLIM9	LIM
Zm00001eb248550	ZmLIM9	LIM
GRMZM2G004959	ZmLIM10	LIM
Zm00001eb264630	ZmLIM10	LIM
Zm00001d035304	ZmLIM10	LIM
Zm00001eb268250	ZmLIM11	LIM
GRMZM2G017845	ZmLIM11	LIM
Zm00001d035844	ZmLIM11	LIM
Zm00001d037252	ZmLIM12	LIM
GRMZM2G010960	ZmLIM12	LIM
Zm00001eb279900	ZmLIM12	LIM
Zm00001d047837	ZmLIM13	LIM
GRMZM2G151934	ZmLIM13	LIM
Zm00001eb397900	ZmLIM13	LIM
GRMZM2G024887	ZmLIM14	LIM
Zm00001eb427340	ZmLIM14	LIM
Zm00001d025926	ZmLIM14	LIM
Zm00001eb442840	ZmLIM15	LIM
Zm00001d044463	ZmLSD1	LSD
GRMZM2G002606	ZmLSD1	LSD
GRMZM2G002646	ZmLSD1	LSD
Zm00001eb161950	ZmLSD1	LSD
Zm00001eb261760	ZmLSD2	LSD
Zm00001d035195	ZmLSD2	LSD
GRMZM2G060057	ZmLSD2	LSD
GRMZM2G173425	ZmLSD3	LSD
Zm00001d033262	ZmLSD3	LSD
Zm00001eb050760	ZmLSD3	LSD
Zm00001d041474	ZmLSD4	LSD
Zm00001eb135920	ZmLSD4	LSD
GRMZM2G114613	ZmLSD4	LSD
Zm00001d049525	ZmLSD5	LSD
Zm00001eb172290	ZmLSD5	LSD
GRMZM2G055135	ZmLSD5	LSD
Zm00001eb173250	ZmLSD6	LSD
Zm00001d049625	ZmLSD6	LSD
GRMZM2G089106	ZmLSD6	LSD
GRMZM2G171365	ZmMADS1	MADS
Zm00001d048474	ZmMADS1	MADS
Zm00001eb403750	ZmMADS1	MADS
GRMZM2G160687	ZmMADS2	MADS
Zm00001d041781	ZmMADS2	MADS
Zm00001eb138380	ZmMADS2	MADS
GRMZM2G072582	ZmMADS3	MADS
Zm00001d018667	ZmMADS3	MADS
Zm00001eb298680	ZmMADS3	MADS
Zm00001d034046	ZmMADS4	MADS
Zm00001eb057540	ZmMADS4	MADS
Zm00001d034045	ZmMADS4	MADS
GRMZM2G032339	ZmMADS4	MADS
Zm00001d051465	ZmMADS5	MADS
GRMZM2G003514	ZmMADS5	MADS
Zm00001eb187330	ZmMADS5	MADS
Zm00001d031620	ZmMADS6	MADS
GRMZM2G159397	ZmMADS6	MADS
Zm00001eb036590	ZmMADS6	MADS
Zm00001d021057	ZmMADS7	MADS
GRMZM2G097059	ZmMADS7	MADS
Zm00001eb317770	ZmMADS7	MADS
Zm00001d048082	ZmMADS8	MADS
Zm00001eb400120	ZmMADS8	MADS
GRMZM2G102161	ZmMADS8	MADS
Zm00001eb070890	ZmMADS9	MADS
GRMZM2G005155	ZmMADS9	MADS
Zm00001d002332	ZmMADS9	MADS
GRMZM2G005107	ZmMADS9	MADS
Zm00001eb070900	ZmMADS9	MADS
GRMZM2G148693	ZmMADS10	MADS
Zm00001d007949	ZmMADS10	MADS
Zm00001eb118120	ZmMADS10	MADS
Zm00001d036425	ZmMADS11	MADS
GRMZM2G139073	ZmMADS11	MADS
Zm00001eb272490	ZmMADS11	MADS
Zm00001d017614	ZmMADS12	MADS
GRMZM2G160565	ZmMADS12	MADS
Zm00001eb250710	ZmMADS12	MADS
GRMZM2G472100	ZmMADS13	MADS
Zm00001d019213	ZmMADS13	MADS
Zm00001eb303660	ZmMADS13	MADS
Zm00001eb008690	ZmMADS14	MADS
Zm00001d028217	ZmMADS14	MADS
GRMZM2G099522	ZmMADS14	MADS
Zm00001d013259	ZmMADS15	MADS
Zm00001eb214750	ZmMADS15	MADS
GRMZM2G553379	ZmMADS15	MADS
GRMZM2G110153	ZmMADS16	MADS
Zm00001d042618	ZmMADS16	MADS
Zm00001eb145660	ZmMADS16	MADS
Zm00001d006668	ZmMADS17	MADS
GRMZM2G337892	ZmMADS17	MADS
Zm00001eb107600	ZmMADS17	MADS
AC226248.1_FG002	ZmMADS18	MADS
Zm00001eb349080	ZmMADS18	MADS
GRMZM5G805387	ZmMADS18	MADS
Zm00001eb349070	ZmMADS18	MADS
Zm00001d010234	ZmMADS18	MADS
Zm00001d010233	ZmMADS18	MADS
Zm00001eb245070	ZmMADS19	MADS
GRMZM2G492156	ZmMADS19	MADS
GRMZM2G316366	ZmMADS19	MADS
Zm00001d016957	ZmMADS19	MADS
Zm00001d018588	ZmMADS20	MADS
Zm00001d018587	ZmMADS20	MADS
Zm00001d018589	ZmMADS20	MADS
Zm00001eb259770	ZmMADS20	MADS
Zm00001eb259760	ZmMADS20	MADS
GRMZM2G137387	ZmMADS20	MADS
AC233912.1_FG001	ZmMADS21	MADS
Zm00001eb303440	ZmMADS21	MADS
Zm00001d019189	ZmMADS21	MADS
Zm00001d019187	ZmMADS21	MADS
Zm00001d019188	ZmMADS21	MADS
Zm00001eb041650	ZmMADS22	MADS
Zm00001d032218	ZmMADS22	MADS
GRMZM2G052045	ZmMADS22	MADS
GRMZM2G010669	ZmMADS23	MADS
Zm00001d023955	ZmMADS23	MADS
Zm00001eb411130	ZmMADS23	MADS
Zm00001d034047	ZmMADS24	MADS
Zm00001eb057560	ZmMADS24	MADS
GRMZM2G087095	ZmMADS24	MADS
Zm00001eb167270	ZmMADS25	MADS
Zm00001d048894	ZmMADS25	MADS
GRMZM2G099408	ZmMADS25	MADS
GRMZM2G044408	ZmMADS26	MADS
GRMZM5G847707	ZmMADS26	MADS
Zm00001eb253580	ZmMADS26	MADS
Zm00001d017932	ZmMADS26	MADS
Zm00001eb078530	ZmMADS27	MADS
Zm00001d003167	ZmMADS27	MADS
Zm00001d003168	ZmMADS27	MADS
GRMZM2G134951	ZmMADS27	MADS
Zm00001d003169	ZmMADS27	MADS
Zm00001eb078550	ZmMADS27	MADS
GRMZM2G135018	ZmMADS27	MADS
Zm00001eb078540	ZmMADS27	MADS
Zm00001eb397040	ZmMADS28	MADS
GRMZM2G128953	ZmMADS28	MADS
Zm00001d047742	ZmMADS28	MADS
GRMZM2G152862	ZmMADS29	MADS
Zm00001d010232	ZmMADS29	MADS
Zm00001eb349060	ZmMADS29	MADS
Zm00001eb423130	ZmMADS30	MADS
GRMZM2G069370	ZmMADS30	MADS
Zm00001d025479	ZmMADS30	MADS
Zm00001eb214740	ZmMADS31	MADS
Zm00001d013258	ZmMADS31	MADS
GRMZM2G071620	ZmMADS31	MADS
Zm00001eb173990	ZmMADS32	MADS
GRMZM2G105387	ZmMADS32	MADS
Zm00001d049691	ZmMADS32	MADS
Zm00001d049692	ZmMADS32	MADS
GRMZM2G105438	ZmMADS32	MADS
Zm00001eb174000	ZmMADS32	MADS
GRMZM2G459864	ZmMADS33	MADS
Zm00001d024389	ZmMADS33	MADS
Zm00001eb414410	ZmMADS33	MADS
GRMZM2G137510	ZmMADS34	MADS
Zm00001d023736	ZmMADS34	MADS
Zm00001eb409460	ZmMADS34	MADS
Zm00001eb338060	ZmMADS35	MADS
Zm00001d008882	ZmMADS35	MADS
GRMZM2G359952	ZmMADS35	MADS
Zm00001eb154380	ZmMADS36	MADS
GRMZM2G079727	ZmMADS36	MADS
Zm00001d043589	ZmMADS36	MADS
Zm00001d037737	ZmMADS37	MADS
GRMZM2G052890	ZmMADS37	MADS
Zm00001eb284010	ZmMADS37	MADS
Zm00001eb279440	ZmMADS38	MADS
GRMZM2G334225	ZmMADS38	MADS
Zm00001d037212	ZmMADS38	MADS
Zm00001d050897	ZmMADS39	MADS
GRMZM2G055782	ZmMADS39	MADS
GRMZM2G133568	ZmMADS39	MADS
Zm00001eb183200	ZmMADS39	MADS
GRMZM2G441115	ZmMADS40	MADS
Zm00001d048697	ZmMADS40	MADS
Zm00001eb165510	ZmMADS40	MADS
Zm00001d042591	ZmMADS41	MADS
Zm00001eb145460	ZmMADS41	MADS
GRMZM2G018589	ZmMADS41	MADS
Zm00001eb357980	ZmMADS42	MADS
Zm00001d011323	ZmMADS42	MADS
GRMZM2G375707	ZmMADS42	MADS
Zm00001eb361790	ZmMADS43	MADS
GRMZM2G001139	ZmMADS43	MADS
Zm00001d011748	ZmMADS43	MADS
Zm00001eb233110	ZmMADS44	MADS
Zm00001d015381	ZmMADS44	MADS
GRMZM2G130382	ZmMADS44	MADS
Zm00001eb260590	ZmMADS45	MADS
GRMZM2G117961	ZmMADS45	MADS
Zm00001d035053	ZmMADS45	MADS
Zm00001eb340810	ZmMADS46	MADS
GRMZM2G306610	ZmMADS46	MADS
Zm00001d009198	ZmMADS46	MADS
GRMZM2G099577	ZmMADS47	MADS
Zm00001d046053	ZmMADS47	MADS
Zm00001eb382780	ZmMADS47	MADS
Zm00001d046054	ZmMADS47	MADS
GRMZM2G148220	ZmMADS48	MADS
Zm00001d031591	ZmMADS48	MADS
Zm00001eb036340	ZmMADS48	MADS
Zm00001eb102450	ZmMADS49	MADS
GRMZM2G129034	ZmMADS49	MADS
Zm00001d006094	ZmMADS49	MADS
Zm00001d037126	ZmMADS50	MADS
Zm00001eb278780	ZmMADS50	MADS
GRMZM2G038878	ZmMADS50	MADS
GRMZM2G161666	ZmMADS51	MADS
Zm00001eb274330	ZmMADS51	MADS
GRMZM2G446426	ZmMADS52	MADS
Zm00001d052648	ZmMADS52	MADS
Zm00001eb197860	ZmMADS52	MADS
GRMZM2G035092	ZmMADS53	MADS
Zm00001eb145040	ZmMADS53	MADS
Zm00001d042550	ZmMADS53	MADS
GRMZM2G320549	ZmMADS54	MADS
Zm00001d039913	ZmMADS54	MADS
Zm00001eb124790	ZmMADS54	MADS
GRMZM2G137289	ZmMADS55	MADS
Zm00001d041587	ZmMADS55	MADS
Zm00001eb136820	ZmMADS55	MADS
GRMZM2G026223	ZmMADS56	MADS
Zm00001d027425	ZmMADS56	MADS
Zm00001eb001670	ZmMADS56	MADS
GRMZM2G470857	ZmMADS57	MADS
GRMZM2G073357	ZmMADS58	MADS
Zm00001eb286420	ZmMADS58	MADS
Zm00001d038015	ZmMADS58	MADS
Zm00001d009628	ZmMADS59	MADS
Zm00001eb344240	ZmMADS59	MADS
AC234185.1_FG006	ZmMADS59	MADS
Zm00001eb372610	ZmMADS60	MADS
Zm00001d044850	ZmMADS60	MADS
GRMZM2G152415	ZmMADS60	MADS
Zm00001d045227	ZmMADS61	MADS
Zm00001eb375800	ZmMADS61	MADS
GRMZM2G531231	ZmMADS61	MADS
Zm00001eb375760	ZmMADS61	MADS
GRMZM5G878490	ZmMADS62	MADS
Zm00001d007891	ZmMADS62	MADS
Zm00001eb117090	ZmMADS62	MADS
GRMZM2G033093	ZmMADS63	MADS
Zm00001d003409	ZmMADS63	MADS
Zm00001d003408	ZmMADS63	MADS
GRMZM2G032905	ZmMADS63	MADS
Zm00001eb080670	ZmMADS63	MADS
GRMZM5G853066	ZmMADS64	MADS
Zm00001eb219630	ZmMADS64	MADS
Zm00001d013792	ZmMADS64	MADS
AC212823.4_FG003	ZmMADS65	MADS
Zm00001d016650	ZmMADS65	MADS
Zm00001d016791	ZmMADS66	MADS
GRMZM5G839969	ZmMADS66	MADS
Zm00001eb243490	ZmMADS66	MADS
GRMZM2G147716	ZmMADS67	MADS
Zm00001d022088	ZmMADS67	MADS
Zm00001eb327040	ZmMADS67	MADS
Zm00001eb327050	ZmMADS67	MADS
GRMZM2G059102	ZmMADS68	MADS
Zm00001d027955	ZmMADS68	MADS
Zm00001d027957	ZmMADS68	MADS
Zm00001eb006480	ZmMADS68	MADS
Zm00001d042315	ZmMADS69	MADS
GRMZM2G171650	ZmMADS69	MADS
Zm00001eb143080	ZmMADS69	MADS
Zm00001d039080	ZmMADS70	MADS
Zm00001eb296470	ZmMADS70	MADS
GRMZM5G891280	ZmMADS70	MADS
GRMZM2G110582	ZmMADS71	MADS
Zm00001d046323	ZmMADS71	MADS
Zm00001eb384950	ZmMADS71	MADS
Zm00001d052180	ZmMADS72	MADS
Zm00001eb193790	ZmMADS72	MADS
GRMZM2G370777	ZmMADS72	MADS
Zm00001d018142	ZmMADS73	MADS
GRMZM2G046885	ZmMADS73	MADS
Zm00001eb255670	ZmMADS73	MADS
Zm00001eb372960	ZmMADS74	MADS
Zm00001d044899	ZmMADS74	MADS
GRMZM5G814279	ZmMADS74	MADS
Zm00001d019214	ZmMADS75	MADS
Zm00001eb303670	ZmMADS75	MADS
GRMZM2G472096	ZmMADS75	MADS
Zm00001d047356	ZmMADS76	MADS
GRMZM2G070034	ZmMADS76	MADS
Zm00001eb393670	ZmMADS76	MADS
Zm00001d047355	ZmMADS76	MADS
GRMZM2G098986	ZmMADS77	MADS
Zm00001d031625	ZmMADS77	MADS
Zm00001eb438150	ZmMADS78	MADS
Zm00001eb417540	ZmMADS79	MADS
Zm00001d024777	ZmMADS79	MADS
Zm00001eb120710	ZmMADS80	MADS
Zm00001d039434	ZmMADS80	MADS
GRMZM2G471089	ZmMADS80	MADS
GRMZM2G052658	ZmMADS81	MADS
Zm00001d018318	ZmMADS81	MADS
Zm00001eb257270	ZmMADS81	MADS
Zm00001d045231	ZmMADS82	MADS
Zm00001eb375830	ZmMADS82	MADS
Zm00001d043674	ZmMADS83	MADS
Zm00001eb155060	ZmMADS83	MADS
GRMZM2G380088	ZmMADS83	MADS
Zm00001d040497	ZmMADS84	MADS
Zm00001eb129220	ZmMADS84	MADS
Zm00001eb129240	ZmMADS84	MADS
AC191551.3_FG003	ZmMADS84	MADS
Zm00001d031626	ZmMADS85	MADS
Zm00001eb036630	ZmMADS85	MADS
Zm00001eb126480	ZmMADS86	MADS
Zm00001d040140	ZmMADS86	MADS
Zm00001eb271400	ZmMADS87	MADS
Zm00001d039043	ZmMADS88	MADS
Zm00001eb296120	ZmMADS88	MADS
GRMZM2G065757	ZmMADS88	MADS
GRMZM2G060090	ZmMADS89	MADS
Zm00001d045228	ZmMADS89	MADS
Zm00001eb375790	ZmMADS89	MADS
Zm00001eb375780	ZmMADS89	MADS
Zm00001eb375770	ZmMADS89	MADS
Zm00001eb375810	ZmMADS89	MADS
Zm00001d018750	ZmMADS90	MADS
GRMZM2G450822	ZmMADS90	MADS
Zm00001eb299490	ZmMADS90	MADS
GRMZM2G357955	ZmMADS91	MADS
Zm00001eb176500	ZmMADS91	MADS
Zm00001eb054620	ZmMADS92	MADS
Zm00001eb054630	ZmMADS92	MADS
Zm00001d033701	ZmMADS92	MADS
GRMZM2G051135	ZmMBF1	MBF1
Zm00001eb386040	ZmMBF1	MBF1
Zm00001d046471	ZmMBF1	MBF1
GRMZM2G101480	ZmMBF2	MBF1
GRMZM5G800112	ZmMBF3	MBF1
Zm00001eb042750	ZmMBF3	MBF1
Zm00001d032359	ZmMBF3	MBF1
Zm00001d049320	ZmMBF4	MBF1
Zm00001eb170690	ZmMBF4	MBF1
AC194104.3_FG007	ZmMED26_1	MED26
Zm00001d023412	ZmMED26_1	MED26
AC199517.4_FG001	ZmMED26_2	MED26
AC199517.4_FG006	ZmMED26_3	MED26
AC218932.3_FG009	ZmMED26_4	MED26
Zm00001d023401	ZmMED26_4	MED26
Zm00001eb054550	ZmMED26_5	MED26
Zm00001d033689	ZmMED26_5	MED26
AC230023.2_FG002	ZmMED26_5	MED26
Zm00001eb054540	ZmMED26_6	MED26
AC230023.2_FG003	ZmMED26_6	MED26
AC230023.2_FG004	ZmMED26_6	MED26
AC230023.2_FG003	ZmMED26_7	MED26
AC230023.2_FG004	ZmMED26_7	MED26
Zm00001eb054540	ZmMED26_7	MED26
AC233785.2_FG005	ZmMED26_8	MED26
Zm00001d047028	ZmMED26_9	MED26
AC234158.1_FG005	ZmMED26_9	MED26
Zm00001eb390440	ZmMED26_9	MED26
Zm00001d040506	ZmMED26_10	MED26
Zm00001eb129350	ZmMED26_10	MED26
GRMZM2G018782	ZmMED26_10	MED26
AC211403.4_FG005	ZmMED26_10	MED26
GRMZM2G044394	ZmMED26_11	MED26
Zm00001d023418	ZmMED26_11	MED26
Zm00001eb406710	ZmMED26_11	MED26
Zm00001eb406720	ZmMED26_11	MED26
Zm00001d008617	ZmMED26_12	MED26
Zm00001eb335850	ZmMED26_12	MED26
GRMZM2G085254	ZmMED26_12	MED26
GRMZM2G087451	ZmMED26_13	MED26
Zm00001d010271	ZmMED26_13	MED26
Zm00001eb349390	ZmMED26_13	MED26
GRMZM2G100881	ZmMED26_14	MED26
Zm00001d039871	ZmMED26_14	MED26
Zm00001eb124450	ZmMED26_14	MED26
Zm00001d022314	ZmMED26_15	MED26
Zm00001eb329070	ZmMED26_15	MED26
GRMZM2G120971	ZmMED26_15	MED26
GRMZM2G153409	ZmMED26_16	MED26
Zm00001d023514	ZmMED26_16	MED26
Zm00001eb407610	ZmMED26_16	MED26
GRMZM2G162859	ZmMED26_17	MED26
Zm00001eb394260	ZmMED26_18	MED26
Zm00001d047434	ZmMED26_18	MED26
GRMZM2G178663	ZmMED26_18	MED26
GRMZM2G323828	ZmMED26_19	MED26
Zm00001d053189	ZmMED26_20	MED26
Zm00001eb202520	ZmMED26_20	MED26
GRMZM2G590333	ZmMED26_20	MED26
GRMZM2G702950	ZmMED26_21	MED26
Zm00001d023406	ZmMED26_21	MED26
GRMZM5G812289	ZmMED26_22	MED26
Zm00001d047030	ZmMED26_22	MED26
Zm00001eb390450	ZmMED26_22	MED26
Zm00001eb054580	ZmMED26_23	MED26
GRMZM5G857210	ZmMED26_23	MED26
Zm00001d033694	ZmMED26_23	MED26
Zm00001d007037	ZmMED26_24	MED26
GRMZM2G159200	ZmMED26_24	MED26
Zm00001eb110330	ZmMED26_24	MED26
Zm00001d030051	ZmMED26_25	MED26
GRMZM2G033876	ZmMED26_25	MED26
Zm00001eb024560	ZmMED26_25	MED26
Zm00001d031903	ZmMED31	MED31
GRMZM2G139683	ZmMED31	MED31
Zm00001eb038950	ZmMED31	MED31
AC215309.3_FG004	ZmMED31	MED31
Zm00001d031902	ZmMED31	MED31
Zm00001d044902	ZmMED6_1	MED6
Zm00001eb372970	ZmMED6_1	MED6
GRMZM2G017537	ZmMED6_1	MED6
Zm00001eb084330	ZmMED6_2	MED6
Zm00001eb192830	ZmMED6_3	MED6
Zm00001eb067450	ZmMED7_1	MED7
Zm00001d001967	ZmMED7_1	MED7
GRMZM2G061672	ZmMED7_1	MED7
GRMZM2G066981	ZmMED7_2	MED7
Zm00001d026516	ZmMED7_2	MED7
Zm00001eb432780	ZmMED7_2	MED7
GRMZM2G005066	ZmMYB1	MYB
Zm00001d044975	ZmMYB1	MYB
Zm00001eb373660	ZmMYB1	MYB
GRMZM2G701063	ZmMYB2	MYB
Zm00001eb278680	ZmMYB2	MYB
Zm00001d037118	ZmMYB2	MYB
Zm00001eb014420	ZmMYB3	MYB
Zm00001eb014370	ZmMYB3	MYB
Zm00001eb014390	ZmMYB3	MYB
Zm00001eb014290	ZmMYB3	MYB
GRMZM2G084799	ZmMYB3	MYB
Zm00001d028850	ZmMYB3	MYB
GRMZM2G131442	ZmMYB4	MYB
Zm00001eb165000	ZmMYB4	MYB
Zm00001d048647	ZmMYB4	MYB
Zm00001d026203	ZmMYB5	MYB
GRMZM2G097636	ZmMYB5	MYB
Zm00001eb430000	ZmMYB5	MYB
Zm00001eb430010	ZmMYB5	MYB
Zm00001eb136720	ZmMYB6	MYB
GRMZM2G047626	ZmMYB6	MYB
Zm00001d041576	ZmMYB6	MYB
Zm00001eb109820	ZmMYB7	MYB
GRMZM2G064630	ZmMYB7	MYB
Zm00001d006922	ZmMYB7	MYB
Zm00001eb138920	ZmMYB8	MYB
Zm00001d041853	ZmMYB8	MYB
GRMZM2G041415	ZmMYB8	MYB
GRMZM2G081557	ZmMYB9	MYB
Zm00001d026197	ZmMYB9	MYB
Zm00001eb429940	ZmMYB9	MYB
Zm00001eb360850	ZmMYB10	MYB
GRMZM2G395672	ZmMYB10	MYB
Zm00001d011645	ZmMYB10	MYB
GRMZM2G000818	ZmMYB11	MYB
Zm00001eb332030	ZmMYB11	MYB
Zm00001d022628	ZmMYB11	MYB
GRMZM2G104789	ZmMYB12	MYB
Zm00001d013164	ZmMYB12	MYB
Zm00001eb213800	ZmMYB12	MYB
GRMZM2G038722	ZmMYB13	MYB
Zm00001d002476	ZmMYB13	MYB
Zm00001eb072200	ZmMYB13	MYB
GRMZM2G172327	ZmMYB14	MYB
Zm00001eb321920	ZmMYB14	MYB
Zm00001d021537	ZmMYB14	MYB
Zm00001d042910	ZmMYB15	MYB
GRMZM2G081919	ZmMYB15	MYB
Zm00001eb148320	ZmMYB15	MYB
GRMZM2G015021	ZmMYB16	MYB
Zm00001d052069	ZmMYB16	MYB
Zm00001eb192770	ZmMYB16	MYB
Zm00001eb202670	ZmMYB17	MYB
GRMZM2G138427	ZmMYB17	MYB
Zm00001eb202680	ZmMYB17	MYB
Zm00001d053210	ZmMYB17	MYB
GRMZM5G833253	ZmMYB19	MYB
Zm00001eb187820	ZmMYB19	MYB
Zm00001d051520	ZmMYB19	MYB
Zm00001eb187810	ZmMYB19	MYB
Zm00001d039700	ZmMYB20	MYB
Zm00001eb123130	ZmMYB20	MYB
GRMZM2G052377	ZmMYB20	MYB
Zm00001eb266370	ZmMYB21	MYB
GRMZM2G305856	ZmMYB21	MYB
Zm00001d035605	ZmMYB21	MYB
Zm00001eb335060	ZmMYB22	MYB
Zm00001d008528	ZmMYB22	MYB
GRMZM2G096358	ZmMYB22	MYB
Zm00001d022259	ZmMYB23	MYB
GRMZM2G150841	ZmMYB23	MYB
Zm00001eb328600	ZmMYB23	MYB
Zm00001eb360510	ZmMYB24	MYB
GRMZM2G006352	ZmMYB24	MYB
Zm00001d011614	ZmMYB24	MYB
Zm00001d010201	ZmMYB25	MYB
GRMZM2G431156	ZmMYB25	MYB
Zm00001eb348760	ZmMYB25	MYB
Zm00001d017383	ZmMYB26	MYB
Zm00001eb248560	ZmMYB26	MYB
GRMZM2G170049	ZmMYB26	MYB
Zm00001d044538	ZmMYB27	MYB
Zm00001eb162680	ZmMYB27	MYB
GRMZM2G064744	ZmMYB27	MYB
Zm00001eb179640	ZmMYB28	MYB
Zm00001eb179650	ZmMYB28	MYB
Zm00001d050400	ZmMYB28	MYB
GRMZM2G111117	ZmMYB28	MYB
Zm00001eb395580	ZmMYB29	MYB
GRMZM2G134279	ZmMYB29	MYB
Zm00001d047579	ZmMYB29	MYB
Zm00001d010906	ZmMYB30	MYB
GRMZM2G171781	ZmMYB30	MYB
Zm00001d010907	ZmMYB30	MYB
Zm00001eb354510	ZmMYB30	MYB
GRMZM5G892094	ZmMYB31	MYB
GRMZM2G050305	ZmMYB31	MYB
Zm00001eb103740	ZmMYB31	MYB
Zm00001d006236	ZmMYB31	MYB
Zm00001eb103730	ZmMYB31	MYB
Zm00001d042665	ZmMYB32	MYB
Zm00001eb146230	ZmMYB32	MYB
GRMZM2G160838	ZmMYB32	MYB
GRMZM2G131937	ZmMYB33	MYB
Zm00001d032179	ZmMYB33	MYB
Zm00001eb041330	ZmMYB33	MYB
Zm00001eb147710	ZmMYB34	MYB
GRMZM2G125522	ZmMYB34	MYB
Zm00001d042830	ZmMYB34	MYB
AC165178.2_FG004	ZmMYB35	MYB
Zm00001d005760	ZmMYB35	MYB
Zm00001eb099570	ZmMYB35	MYB
GRMZM2G169316	ZmMYB36	MYB
Zm00001d012379	ZmMYB36	MYB
Zm00001eb367660	ZmMYB36	MYB
Zm00001eb216040	ZmMYB37	MYB
GRMZM2G455869	ZmMYB37	MYB
Zm00001d013399	ZmMYB37	MYB
Zm00001d032024	ZmMYB38	MYB
Zm00001eb040070	ZmMYB38	MYB
GRMZM2G084583	ZmMYB38	MYB
GRMZM2G127857	ZmMYB39	MYB
Zm00001eb185160	ZmMYB39	MYB
Zm00001d051149	ZmMYB39	MYB
Zm00001d040621	ZmMYB40	MYB
Zm00001eb130260	ZmMYB40	MYB
GRMZM2G051256	ZmMYB40	MYB
Zm00001d017268	ZmMYB41	MYB
Zm00001eb247570	ZmMYB41	MYB
GRMZM2G095904	ZmMYB41	MYB
GRMZM2G419239	ZmMYB42	MYB
Zm00001d053220	ZmMYB42	MYB
Zm00001eb128750	ZmMYB43	MYB
Zm00001eb128760	ZmMYB43	MYB
Zm00001d040426	ZmMYB43	MYB
GRMZM2G083239	ZmMYB43	MYB
GRMZM2G111731	ZmMYB44	MYB
Zm00001d040423	ZmMYB44	MYB
Zm00001eb299750	ZmMYB45	MYB
GRMZM2G051793	ZmMYB45	MYB
Zm00001d018776	ZmMYB45	MYB
Zm00001eb155190	ZmMYB47	MYB
Zm00001eb155200	ZmMYB47	MYB
Zm00001d043687	ZmMYB47	MYB
GRMZM2G088783	ZmMYB47	MYB
GRMZM2G159547	ZmMYB48	MYB
Zm00001d018097	ZmMYB48	MYB
Zm00001eb255300	ZmMYB48	MYB
Zm00001d003412	ZmMYB49	MYB
GRMZM2G032655	ZmMYB49	MYB
Zm00001eb080690	ZmMYB49	MYB
Zm00001eb234690	ZmMYB50	MYB
Zm00001d015614	ZmMYB50	MYB
GRMZM2G145444	ZmMYB50	MYB
Zm00001d041818	ZmMYB51	MYB
Zm00001eb138640	ZmMYB51	MYB
GRMZM5G803355	ZmMYB51	MYB
GRMZM2G098179	ZmMYB52	MYB
Zm00001eb392230	ZmMYB52	MYB
Zm00001d047182	ZmMYB52	MYB
Zm00001eb158910	ZmMYB53	MYB
GRMZM2G143328	ZmMYB53	MYB
Zm00001d044107	ZmMYB53	MYB
GRMZM2G123202	ZmMYB54	MYB
Zm00001eb075640	ZmMYB54	MYB
Zm00001d002843	ZmMYB54	MYB
Zm00001eb014260	ZmMYB55	MYB
Zm00001d028842	ZmMYB55	MYB
GRMZM2G057027	ZmMYB55	MYB
GRMZM2G130149	ZmMYB56	MYB
Zm00001d030678	ZmMYB56	MYB
Zm00001eb028820	ZmMYB56	MYB
GRMZM2G102790	ZmMYB57	MYB
Zm00001eb268770	ZmMYB57	MYB
Zm00001d035918	ZmMYB57	MYB
Zm00001d033075	ZmMYB58	MYB
Zm00001eb049000	ZmMYB58	MYB
AC217264.3_FG005	ZmMYB58	MYB
Zm00001eb273580	ZmMYB59	MYB
GRMZM2G093789	ZmMYB59	MYB
Zm00001d036551	ZmMYB59	MYB
GRMZM2G312419	ZmMYB60	MYB
Zm00001d008251	ZmMYB60	MYB
Zm00001eb332860	ZmMYB60	MYB
GRMZM2G108959	ZmMYB61	MYB
Zm00001d053124	ZmMYB61	MYB
Zm00001eb201930	ZmMYB61	MYB
Zm00001eb266360	ZmMYB62	MYB
Zm00001d035604	ZmMYB62	MYB
GRMZM2G013581	ZmMYB62	MYB
Zm00001d052804	ZmMYB63	MYB
GRMZM2G017268	ZmMYB63	MYB
Zm00001eb199170	ZmMYB63	MYB
GRMZM2G124715	ZmMYB64	MYB
Zm00001d004744	ZmMYB64	MYB
Zm00001eb091300	ZmMYB64	MYB
GRMZM2G097638	ZmMYB65	MYB
Zm00001d026204	ZmMYB65	MYB
Zm00001eb430020	ZmMYB65	MYB
GRMZM2G169356	ZmMYB66	MYB
Zm00001d020405	ZmMYB66	MYB
Zm00001eb312120	ZmMYB66	MYB
Zm00001d053060	ZmMYB67	MYB
GRMZM2G089244	ZmMYB67	MYB
Zm00001eb201150	ZmMYB67	MYB
GRMZM2G311059	ZmMYB68	MYB
Zm00001d026186	ZmMYB68	MYB
Zm00001eb429830	ZmMYB68	MYB
AC197146.3_FG002	ZmMYB69	MYB
Zm00001d023282	ZmMYB69	MYB
Zm00001eb405450	ZmMYB69	MYB
Zm00001eb109860	ZmMYB70	MYB
GRMZM2G139284	ZmMYB70	MYB
Zm00001d037999	ZmMYB71	MYB
GRMZM2G093647	ZmMYB71	MYB
Zm00001eb286270	ZmMYB71	MYB
GRMZM2G048295	ZmMYB72	MYB
Zm00001d003064	ZmMYB72	MYB
Zm00001eb077700	ZmMYB72	MYB
GRMZM2G121570	ZmMYB73	MYB
Zm00001eb050770	ZmMYB73	MYB
Zm00001d033265	ZmMYB73	MYB
GRMZM2G028054	ZmMYB74	MYB
Zm00001d012544	ZmMYB74	MYB
Zm00001eb369190	ZmMYB74	MYB
Zm00001eb015120	ZmMYB75	MYB
Zm00001d028930	ZmMYB75	MYB
GRMZM2G070849	ZmMYB75	MYB
Zm00001d008695	ZmMYB76	MYB
Zm00001eb336500	ZmMYB76	MYB
GRMZM2G143274	ZmMYB76	MYB
GRMZM2G077147	ZmMYB77	MYB
Zm00001eb055540	ZmMYB77	MYB
Zm00001d033815	ZmMYB77	MYB
GRMZM2G428555	ZmMYB78	MYB
Zm00001eb041450	ZmMYB78	MYB
Zm00001d032194	ZmMYB78	MYB
Zm00001eb367300	ZmMYB79	MYB
GRMZM2G056986	ZmMYB79	MYB
Zm00001d012337	ZmMYB79	MYB
GRMZM5G870592	ZmMYB80	MYB
GRMZM2G457544	ZmMYB80	MYB
Zm00001eb060990	ZmMYB80	MYB
Zm00001eb060980	ZmMYB80	MYB
Zm00001d034468	ZmMYB80	MYB
Zm00001d034467	ZmMYB80	MYB
GRMZM2G020772	ZmMYB81	MYB
Zm00001d039893	ZmMYB81	MYB
Zm00001eb124630	ZmMYB81	MYB
Zm00001eb386360	ZmMYB82	MYB
GRMZM2G167088	ZmMYB82	MYB
Zm00001d046518	ZmMYB82	MYB
Zm00001eb041320	ZmMYB83	MYB
GRMZM2G024468	ZmMYB83	MYB
Zm00001d032178	ZmMYB83	MYB
Zm00001d025664	ZmMYB84	MYB
Zm00001eb424660	ZmMYB84	MYB
GRMZM2G173633	ZmMYB84	MYB
GRMZM2G077789	ZmMYB85	MYB
Zm00001d038338	ZmMYB85	MYB
Zm00001eb289320	ZmMYB85	MYB
GRMZM2G027697	ZmMYB86	MYB
Zm00001eb247370	ZmMYB86	MYB
Zm00001d017243	ZmMYB86	MYB
GRMZM2G004090	ZmMYB87	MYB
Zm00001eb386370	ZmMYB87	MYB
Zm00001d046519	ZmMYB87	MYB
Zm00001d048623	ZmMYB88	MYB
Zm00001eb164740	ZmMYB88	MYB
GRMZM2G048136	ZmMYB88	MYB
Zm00001d017385	ZmMYB89	MYB
Zm00001eb248590	ZmMYB89	MYB
GRMZM2G040924	ZmMYB89	MYB
Zm00001eb339810	ZmMYB90	MYB
Zm00001d009066	ZmMYB90	MYB
GRMZM2G047600	ZmMYB90	MYB
GRMZM2G119693	ZmMYB91	MYB
Zm00001eb342580	ZmMYB91	MYB
Zm00001d009435	ZmMYB91	MYB
Zm00001d024630	ZmMYB92	MYB
Zm00001eb416400	ZmMYB92	MYB
GRMZM2G325907	ZmMYB92	MYB
GRMZM2G093660	ZmMYB93	MYB
Zm00001d037998	ZmMYB93	MYB
Zm00001eb286260	ZmMYB93	MYB
Zm00001eb328280	ZmMYB94	MYB
GRMZM2G056407	ZmMYB94	MYB
Zm00001d022227	ZmMYB94	MYB
Zm00001d009090	ZmMYB95	MYB
GRMZM2G051528	ZmMYB95	MYB
Zm00001d009088	ZmMYB95	MYB
Zm00001eb340010	ZmMYB95	MYB
Zm00001eb340000	ZmMYB95	MYB
GRMZM2G352619	ZmMYB95	MYB
Zm00001d009091	ZmMYB95	MYB
Zm00001d009089	ZmMYB95	MYB
Zm00001eb340740	ZmMYB96	MYB
Zm00001d009184	ZmMYB96	MYB
GRMZM2G322490	ZmMYB96	MYB
Zm00001eb195850	ZmMYB97	MYB
GRMZM2G162434	ZmMYB97	MYB
Zm00001d052397	ZmMYB97	MYB
Zm00001d031515	ZmMYB98	MYB
GRMZM2G046443	ZmMYB98	MYB
Zm00001eb035590	ZmMYB98	MYB
Zm00001eb294560	ZmMYB99	MYB
GRMZM2G175232	ZmMYB99	MYB
Zm00001d038878	ZmMYB99	MYB
GRMZM2G143046	ZmMYB100	MYB
Zm00001d030644	ZmMYB100	MYB
Zm00001eb028610	ZmMYB100	MYB
Zm00001d024725	ZmMYB101	MYB
Zm00001eb417170	ZmMYB101	MYB
GRMZM2G425427	ZmMYB101	MYB
Zm00001d013931	ZmMYB102	MYB
GRMZM2G392823	ZmMYB102	MYB
Zm00001eb220890	ZmMYB102	MYB
GRMZM2G111045	ZmMYB103	MYB
Zm00001d051269	ZmMYB103	MYB
GRMZM2G105137	ZmMYB104	MYB
Zm00001eb074810	ZmMYB104	MYB
Zm00001d002750	ZmMYB104	MYB
Zm00001d021761	ZmMYB105	MYB
GRMZM2G031323	ZmMYB105	MYB
Zm00001eb324070	ZmMYB105	MYB
GRMZM2G048910	ZmMYB106	MYB
Zm00001d037334	ZmMYB106	MYB
Zm00001eb280660	ZmMYB106	MYB
GRMZM2G172575	ZmMYB107	MYB
Zm00001eb405510	ZmMYB107	MYB
Zm00001d023287	ZmMYB107	MYB
Zm00001eb178050	ZmMYB108	MYB
GRMZM2G011422	ZmMYB108	MYB
Zm00001d050185	ZmMYB108	MYB
Zm00001d023932	ZmMYB109	MYB
GRMZM2G052606	ZmMYB109	MYB
Zm00001d023931	ZmMYB109	MYB
Zm00001eb410950	ZmMYB109	MYB
GRMZM2G176327	ZmMYB110	MYB
Zm00001eb111710	ZmMYB110	MYB
Zm00001d007191	ZmMYB110	MYB
Zm00001eb099830	ZmMYB111	MYB
GRMZM2G115859	ZmMYB111	MYB
Zm00001d005784	ZmMYB111	MYB
Zm00001eb387370	ZmMYB112	MYB
Zm00001d046632	ZmMYB112	MYB
GRMZM5G803308	ZmMYB112	MYB
GRMZM2G090837	ZmMYB113	MYB
Zm00001eb095760	ZmMYB113	MYB
Zm00001d005307	ZmMYB113	MYB
GRMZM2G151205	ZmMYB114	MYB
Zm00001d011739	ZmMYB114	MYB
Zm00001eb361680	ZmMYB114	MYB
GRMZM2G423833	ZmMYB115	MYB
Zm00001eb273570	ZmMYB115	MYB
GRMZM2G343068	ZmMYB116	MYB
Zm00001d036577	ZmMYB116	MYB
Zm00001eb273750	ZmMYB116	MYB
GRMZM2G470307	ZmMYB117	MYB
Zm00001eb119340	ZmMYB117	MYB
Zm00001d039306	ZmMYB117	MYB
Zm00001d041580	ZmMYB118	MYB
GRMZM2G160840	ZmMYB118	MYB
Zm00001eb136760	ZmMYB118	MYB
AC213884.3_FG002	ZmMYB119	MYB
Zm00001d037994	ZmMYB119	MYB
Zm00001eb286230	ZmMYB119	MYB
Zm00001eb286240	ZmMYB119	MYB
Zm00001eb003470	ZmMYB120	MYB
GRMZM2G054111	ZmMYB120	MYB
Zm00001d027623	ZmMYB120	MYB
GRMZM2G147346	ZmMYB121	MYB
Zm00001d032694	ZmMYB121	MYB
Zm00001eb045780	ZmMYB121	MYB
GRMZM2G416652	ZmMYB122	MYB
Zm00001d046517	ZmMYB122	MYB
Zm00001eb386350	ZmMYB122	MYB
Zm00001d023284	ZmMYB123	MYB
Zm00001eb405470	ZmMYB123	MYB
GRMZM2G172487	ZmMYB123	MYB
Zm00001eb361040	ZmMYB124	MYB
GRMZM2G003406	ZmMYB124	MYB
Zm00001d011669	ZmMYB124	MYB
Zm00001eb041540	ZmMYB125	MYB
GRMZM2G079123	ZmMYB125	MYB
Zm00001d032206	ZmMYB125	MYB
GRMZM2G001223	ZmMYB126	MYB
Zm00001eb245040	ZmMYB126	MYB
Zm00001d016952	ZmMYB126	MYB
GRMZM2G369799	ZmMYB127	MYB
Zm00001eb139600	ZmMYB127	MYB
Zm00001d041935	ZmMYB127	MYB
Zm00001d040527	ZmMYB128	MYB
GRMZM2G017520	ZmMYB128	MYB
Zm00001eb129490	ZmMYB128	MYB
Zm00001eb219740	ZmMYB129	MYB
GRMZM2G070523	ZmMYB129	MYB
Zm00001d013801	ZmMYB129	MYB
Zm00001d038930	ZmMYB130	MYB
Zm00001eb295060	ZmMYB130	MYB
GRMZM2G069325	ZmMYB130	MYB
GRMZM2G001875	ZmMYB131	MYB
Zm00001eb121290	ZmMYB131	MYB
Zm00001d039496	ZmMYB131	MYB
Zm00001eb426670	ZmMYB132	MYB
AC206901.3_FG005	ZmMYB132	MYB
Zm00001d025864	ZmMYB132	MYB
Zm00001eb066260	ZmMYB133	MYB
GRMZM2G149958	ZmMYB133	MYB
Zm00001d001837	ZmMYB133	MYB
Zm00001eb417190	ZmMYB134	MYB
GRMZM2G001824	ZmMYB134	MYB
Zm00001d024726	ZmMYB134	MYB
Zm00001d042287	ZmMYB135	MYB
Zm00001eb142770	ZmMYB135	MYB
AC203535.4_FG001	ZmMYB135	MYB
Zm00001eb128770	ZmMYB136	MYB
GRMZM2G460869	ZmMYB136	MYB
Zm00001d040428	ZmMYB136	MYB
GRMZM2G162709	ZmMYB137	MYB
Zm00001eb125520	ZmMYB137	MYB
Zm00001d040019	ZmMYB137	MYB
GRMZM2G139688	ZmMYB138	MYB
Zm00001eb150140	ZmMYB138	MYB
Zm00001d043131	ZmMYB138	MYB
Zm00001d005300	ZmMYB139	MYB
GRMZM2G087955	ZmMYB139	MYB
Zm00001eb095690	ZmMYB139	MYB
GRMZM2G117244	ZmMYB140	MYB
Zm00001eb313580	ZmMYB140	MYB
Zm00001d020569	ZmMYB140	MYB
Zm00001eb106790	ZmMYB141	MYB
GRMZM2G166337	ZmMYB141	MYB
Zm00001d006585	ZmMYB141	MYB
Zm00001eb190160	ZmMYB142	MYB
Zm00001d051788	ZmMYB142	MYB
GRMZM2G055158	ZmMYB142	MYB
Zm00001d030737	ZmMYB143	MYB
GRMZM2G403620	ZmMYB143	MYB
Zm00001eb029300	ZmMYB143	MYB
GRMZM2G043792	ZmMYB144	MYB
Zm00001eb184890	ZmMYB144	MYB
Zm00001d051117	ZmMYB144	MYB
Zm00001eb130020	ZmMYB145	MYB
GRMZM2G158700	ZmMYB145	MYB
Zm00001d040594	ZmMYB145	MYB
GRMZM2G106558	ZmMYB146	MYB
Zm00001d032240	ZmMYB146	MYB
Zm00001eb041860	ZmMYB146	MYB
Zm00001eb354750	ZmMYB147	MYB
Zm00001d010933	ZmMYB147	MYB
GRMZM2G330475	ZmMYB147	MYB
GRMZM2G044824	ZmMYB148	MYB
Zm00001eb379110	ZmMYB148	MYB
Zm00001d045560	ZmMYB148	MYB
Zm00001eb417620	ZmMYB149	MYB
Zm00001d024784	ZmMYB149	MYB
GRMZM2G127490	ZmMYB149	MYB
GRMZM2G161512	ZmMYB150	MYB
Zm00001eb224600	ZmMYB150	MYB
Zm00001d014364	ZmMYB150	MYB
Zm00001d043611	ZmMYB151	MYB
GRMZM2G167829	ZmMYB151	MYB
Zm00001eb154560	ZmMYB151	MYB
GRMZM2G104551	ZmMYB152	MYB
Zm00001eb319620	ZmMYB152	MYB
Zm00001d021296	ZmMYB152	MYB
GRMZM2G050550	ZmMYB153	MYB
Zm00001eb307400	ZmMYB153	MYB
Zm00001d019712	ZmMYB153	MYB
GRMZM2G022686	ZmMYB154	MYB
Zm00001d047671	ZmMYB154	MYB
Zm00001eb396390	ZmMYB154	MYB
GRMZM2G150680	ZmMYB155	MYB
Zm00001eb415180	ZmMYB155	MYB
Zm00001d024488	ZmMYB155	MYB
Zm00001d029293	ZmMYB156	MYB
GRMZM2G147698	ZmMYB156	MYB
Zm00001eb018070	ZmMYB156	MYB
GRMZM2G073826	ZmMYB157	MYB
Zm00001eb237460	ZmMYB157	MYB
Zm00001d016000	ZmMYB157	MYB
AC204298.3_FG006	ZmMYB157	MYB
GRMZM2G073836	ZmMYB157	MYB
Zm00001d036768	ZmMYB158	MYB
Zm00001eb275490	ZmMYB158	MYB
GRMZM2G078820	ZmMYB158	MYB
Zm00001eb312160	ZmMYB159	MYB
GRMZM2G126566	ZmMYB159	MYB
Zm00001d020408	ZmMYB159	MYB
Zm00001eb229870	ZmMYB161	MYB
GRMZM2G088189	ZmMYB161	MYB
Zm00001d014989	ZmMYB161	MYB
Zm00001eb312600	ZmMYB162	MYB
Zm00001d020457	ZmMYB162	MYB
GRMZM2G045748	ZmMYB162	MYB
GRMZM2G405094	ZmMYB163	MYB
Zm00001eb366540	ZmMYB163	MYB
Zm00001d012255	ZmMYB163	MYB
GRMZM2G110135	ZmMYB164	MYB
Zm00001d031270	ZmMYB164	MYB
Zm00001eb033610	ZmMYB164	MYB
GRMZM2G089686	ZmMYB165	MYB
Zm00001d048383	ZmMYB165	MYB
Zm00001eb402890	ZmMYB165	MYB
Zm00001d051267	ZmMYB166	MYB
GRMZM2G496770	ZmMYB166	MYB
Zm00001eb185920	ZmMYB166	MYB
Zm00001d032032	ZmMYB167	MYB
GRMZM2G037650	ZmMYB167	MYB
Zm00001eb040160	ZmMYB167	MYB
Zm00001eb357490	ZmMYB168	MYB
Zm00001d011252	ZmMYB168	MYB
GRMZM2G136887	ZmMYB168	MYB
Zm00001eb438950	ZmMYB169	MYB
Zm00001d044048	ZmMYB170	MYB
Zm00001eb158320	ZmMYB170	MYB
GRMZM2G104226	ZmMYB170	MYB
Zm00001eb427380	ZmMYB171	MYB
GRMZM2G001106	ZmMYB171	MYB
Zm00001d025930	ZmMYB171	MYB
GRMZM2G314660	ZmMYB172	MYB
Zm00001d027335	ZmMYB172	MYB
Zm00001eb000880	ZmMYB172	MYB
Zm00001d034181	ZmMYB173	MYB
GRMZM6G039492	ZmMYB173	MYB
Zm00001eb058610	ZmMYB173	MYB
GRMZM2G031870	ZmMYB173	MYB
GRMZM2G079458	ZmMYB174	MYB
Zm00001d008602	ZmMYB174	MYB
Zm00001eb335690	ZmMYB174	MYB
GRMZM2G169580	ZmMYB175	MYB
Zm00001eb248900	ZmMYB175	MYB
Zm00001d017420	ZmMYB175	MYB
GRMZM2G098884	ZmMYB176	MYB
Zm00001d049495	ZmMYB176	MYB
Zm00001eb172100	ZmMYB176	MYB
Zm00001eb172460	ZmMYB177	MYB
Zm00001eb172450	ZmMYB177	MYB
Zm00001d049543	ZmMYB177	MYB
GRMZM2G014902	ZmMYB177	MYB
Zm00001eb172470	ZmMYB177	MYB
GRMZM2G064597	ZmMYB178	MYB
Zm00001eb014350	ZmMYB178	MYB
Zm00001eb058880	ZmMYB179	MYB
Zm00001d034207	ZmMYB179	MYB
Zm00001eb399030	ZmMYB180	MYB
Zm00001d047960	ZmMYB180	MYB
GRMZM2G152319	ZmMYB180	MYB
Zm00001eb442430	ZmMYB181	MYB
Zm00001eb415640	ZmMYB182	MYB
Zm00001d024532	ZmMYB182	MYB
GRMZM2G123308	ZmMYB182	MYB
Zm00001eb284910	ZmMYB183	MYB
GRMZM2G531738	ZmMYB183	MYB
Zm00001d037836	ZmMYB183	MYB
AC197056.3_FG005	ZmMYB184	MYB
Zm00001d004033	ZmMYB184	MYB
Zm00001eb085940	ZmMYB184	MYB
GRMZM2G129817	ZmMYB185	MYB
Zm00001eb214840	ZmMYB185	MYB
Zm00001eb214850	ZmMYB185	MYB
Zm00001d013265	ZmMYB185	MYB
Zm00001eb065440	ZmMYB186	MYB
Zm00001d034947	ZmMYB186	MYB
Zm00001d034946	ZmMYB186	MYB
GRMZM2G115070	ZmMYB186	MYB
Zm00001eb129010	ZmMYB187	MYB
GRMZM2G301642	ZmMYB187	MYB
Zm00001d040464	ZmMYB187	MYB
Zm00001d046850	ZmMYB188	MYB
Zm00001eb265240	ZmMYB188	MYB
Zm00001d035470	ZmMYB188	MYB
Zm00001eb388950	ZmMYB188	MYB
GRMZM2G447745	ZmMYB188	MYB
GRMZM2G100822	ZmMYB188	MYB
GRMZM2G456960	ZmMYB189	MYB
Zm00001d008229	ZmMYB189	MYB
Zm00001eb332640	ZmMYB189	MYB
GRMZM2G010920	ZmMYB190	MYB
Zm00001eb232000	ZmMYB190	MYB
Zm00001d015226	ZmMYB190	MYB
GRMZM2G006477	ZmMYB191	MYB
Zm00001d029020	ZmMYB191	MYB
Zm00001eb015750	ZmMYB191	MYB
Zm00001d043837	ZmMYB192	MYB
GRMZM5G849099	ZmMYB192	MYB
Zm00001eb156520	ZmMYB192	MYB
Zm00001eb086570	ZmMYB193	MYB
Zm00001d004126	ZmMYB193	MYB
Zm00001eb155610	ZmMYB194	MYB
Zm00001d043729	ZmMYB194	MYB
Zm00001d024809	ZmMYB195	MYB
Zm00001eb417830	ZmMYB195	MYB
GRMZM2G121111	ZmMYB195	MYB
GRMZM2G063203	ZmMYB196	MYB
Zm00001eb186200	ZmMYB196	MYB
Zm00001d051316	ZmMYB196	MYB
Zm00001eb422640	ZmMYB197	MYB
GRMZM2G176443	ZmMYB197	MYB
Zm00001eb075250	ZmMYB198	MYB
Zm00001d022639	ZmMYB198	MYB
GRMZM2G016649	ZmMYB198	MYB
Zm00001eb332110	ZmMYB198	MYB
Zm00001d002801	ZmMYB198	MYB
Zm00001d034945	ZmMYB199	MYB
GRMZM2G415077	ZmMYB199	MYB
Zm00001eb065430	ZmMYB199	MYB
Zm00001eb072260	ZmMYB200	MYB
GRMZM2G014534	ZmMYB200	MYB
Zm00001d002482	ZmMYB200	MYB
Zm00001eb014280	ZmMYB201	MYB
GRMZM2G335358	ZmMYB201	MYB
GRMZM2G129872	ZmMYB201	MYB
Zm00001d028845	ZmMYB201	MYB
Zm00001eb168720	ZmMYB202	MYB
Zm00001d049079	ZmMYB202	MYB
GRMZM2G379656	ZmMYB203	MYB
Zm00001d032784	ZmMYB203	MYB
Zm00001eb046540	ZmMYB203	MYB
Zm00001eb440440	ZmMYB204	MYB
Zm00001eb197510	ZmMYB205	MYB
GRMZM2G319189	ZmMYB205	MYB
Zm00001eb288730	ZmMYB206	MYB
GRMZM2G002128	ZmMYB206	MYB
Zm00001d038270	ZmMYB206	MYB
Zm00001eb288740	ZmMYB206	MYB
Zm00001eb431670	ZmMYB207	MYB
GRMZM2G116693	ZmMYB208	MYB
Zm00001d004025	ZmMYB208	MYB
Zm00001eb085870	ZmMYB208	MYB
Zm00001eb257280	ZmMYB209	MYB
GRMZM5G848185	ZmMYB209	MYB
Zm00001d018319	ZmMYB209	MYB
Zm00001d018320	ZmMYB209	MYB
Zm00001eb337350	ZmMYB210	MYB
Zm00001d008800	ZmMYB210	MYB
GRMZM2G395749	ZmMYB210	MYB
GRMZM2G001530	ZmMYB211	MYB
Zm00001d024538	ZmMYB211	MYB
Zm00001eb415690	ZmMYB211	MYB
Zm00001d021415	ZmMYB212	MYB
Zm00001eb320740	ZmMYB212	MYB
Zm00001d052909	ZmMYB213	MYB
Zm00001eb199990	ZmMYB213	MYB
Zm00001d038288	ZmMYB214	MYB
Zm00001eb288890	ZmMYB214	MYB
GRMZM2G091201	ZmMYB214	MYB
Zm00001d004016	ZmMYB215	MYB
Zm00001eb085790	ZmMYB215	MYB
Zm00001eb361200	ZmMYB216	MYB
Zm00001eb361210	ZmMYB216	MYB
GRMZM2G023667	ZmMYB216	MYB
Zm00001d011691	ZmMYB216	MYB
Zm00001d011692	ZmMYB216	MYB
GRMZM2G111990	ZmMYB217	MYB
Zm00001eb014430	ZmMYB217	MYB
Zm00001eb221780	ZmMYB218	MYB
Zm00001d014029	ZmMYB218	MYB
GRMZM5G815323	ZmMYB219	MYB
Zm00001eb057420	ZmMYB219	MYB
GRMZM2G177974	ZmMYB219	MYB
Zm00001eb057410	ZmMYB219	MYB
Zm00001d034033	ZmMYB219	MYB
Zm00001eb440400	ZmMYB220	MYB
Zm00001d025823	ZmMYB221	MYB
Zm00001eb426280	ZmMYB221	MYB
GRMZM2G410083	ZmMYB221	MYB
Zm00001eb360910	ZmMYB222	MYB
Zm00001d011652	ZmMYB222	MYB
GRMZM2G126691	ZmMYB222	MYB
Zm00001eb438900	ZmMYB223	MYB
Zm00001d028849	ZmMYB224	MYB
GRMZM2G112263	ZmMYB224	MYB
Zm00001eb014320	ZmMYB224	MYB
Zm00001d028854	ZmMYB224	MYB
AC205326.3_FG002	ZmMYB225	MYB
Zm00001d012404	ZmMYB225	MYB
Zm00001eb367870	ZmMYB225	MYB
GRMZM2G027914	ZmMYB226	MYB
Zm00001eb147010	ZmMYB226	MYB
Zm00001d042756	ZmMYB226	MYB
Zm00001eb366790	ZmMYB227	MYB
Zm00001d012285	ZmMYB227	MYB
GRMZM2G143640	ZmMYB227	MYB
Zm00001d010889	ZmMYBR1	MYB-related
Zm00001eb354390	ZmMYBR1	MYB-related
GRMZM2G111306	ZmMYBR1	MYB-related
GRMZM2G032180	ZmMYBR4	MYB-related
Zm00001d005055	ZmMYBR4	MYB-related
Zm00001eb093920	ZmMYBR4	MYB-related
GRMZM2G401809	ZmMYBR5	MYB-related
Zm00001d006848	ZmMYBR5	MYB-related
Zm00001eb109060	ZmMYBR5	MYB-related
Zm00001eb109050	ZmMYBR5	MYB-related
GRMZM2G087817	ZmMYBR6	MYB-related
Zm00001d044330	ZmMYBR6	MYB-related
Zm00001eb160740	ZmMYBR6	MYB-related
Zm00001d043696	ZmMYBR7	MYB-related
GRMZM2G108424	ZmMYBR7	MYB-related
Zm00001eb155280	ZmMYBR7	MYB-related
GRMZM2G177760	ZmMYBR8	MYB-related
Zm00001eb417880	ZmMYBR9	MYB-related
GRMZM2G030403	ZmMYBR9	MYB-related
Zm00001d024814	ZmMYBR9	MYB-related
GRMZM2G477533	ZmMYBR10	MYB-related
Zm00001d049236	ZmMYBR10	MYB-related
Zm00001eb170030	ZmMYBR10	MYB-related
GRMZM2G071468	ZmMYBR11	MYB-related
Zm00001d017507	ZmMYBR11	MYB-related
Zm00001eb249750	ZmMYBR11	MYB-related
GRMZM2G340756	ZmMYBR14	MYB-related
Zm00001d041847	ZmMYBR14	MYB-related
Zm00001eb138850	ZmMYBR14	MYB-related
GRMZM2G048403	ZmMYBR15	MYB-related
Zm00001d032105	ZmMYBR15	MYB-related
Zm00001d032106	ZmMYBR15	MYB-related
Zm00001d032107	ZmMYBR15	MYB-related
Zm00001eb040830	ZmMYBR15	MYB-related
Zm00001eb040810	ZmMYBR15	MYB-related
Zm00001d008448	ZmMYBR16	MYB-related
GRMZM2G382029	ZmMYBR16	MYB-related
Zm00001eb334530	ZmMYBR16	MYB-related
Zm00001eb161460	ZmMYBR17	MYB-related
GRMZM2G071977	ZmMYBR17	MYB-related
Zm00001d044409	ZmMYBR17	MYB-related
Zm00001d008601	ZmMYBR18	MYB-related
GRMZM2G176568	ZmMYBR18	MYB-related
Zm00001eb335680	ZmMYBR18	MYB-related
Zm00001d045162	ZmMYBR19	MYB-related
Zm00001eb375260	ZmMYBR19	MYB-related
GRMZM2G402156	ZmMYBR19	MYB-related
GRMZM2G421256	ZmMYBR20	MYB-related
Zm00001d002545	ZmMYBR20	MYB-related
Zm00001eb072870	ZmMYBR20	MYB-related
GRMZM2G468479	ZmMYBR22	MYB-related
Zm00001d039475	ZmMYBR22	MYB-related
Zm00001eb121110	ZmMYBR22	MYB-related
GRMZM2G376684	ZmMYBR23	MYB-related
GRMZM2G075064	ZmMYBR23	MYB-related
Zm00001d036883	ZmMYBR23	MYB-related
Zm00001eb276620	ZmMYBR23	MYB-related
Zm00001eb276640	ZmMYBR23	MYB-related
Zm00001eb276630	ZmMYBR23	MYB-related
GRMZM2G112764	ZmMYBR26	MYB-related
GRMZM2G095239	ZmMYBR27	MYB-related
Zm00001eb218710	ZmMYBR27	MYB-related
Zm00001d013694	ZmMYBR27	MYB-related
Zm00001d016784	ZmMYBR28	MYB-related
Zm00001eb243450	ZmMYBR28	MYB-related
GRMZM2G119133	ZmMYBR28	MYB-related
Zm00001d006791	ZmMYBR29	MYB-related
AC199820.4_FG006	ZmMYBR29	MYB-related
Zm00001eb108630	ZmMYBR29	MYB-related
GRMZM2G169991	ZmMYBR30	MYB-related
Zm00001d019429	ZmMYBR30	MYB-related
GRMZM2G422083	ZmMYBR33	MYB-related
Zm00001eb417840	ZmMYBR33	MYB-related
Zm00001d024810	ZmMYBR33	MYB-related
GRMZM2G101806	ZmMYBR34	MYB-related
Zm00001d049319	ZmMYBR34	MYB-related
Zm00001eb170680	ZmMYBR34	MYB-related
Zm00001d011297	ZmMYBR35	MYB-related
Zm00001eb357780	ZmMYBR35	MYB-related
GRMZM2G065829	ZmMYBR35	MYB-related
Zm00001d050726	ZmMYBR38	MYB-related
GRMZM2G059167	ZmMYBR38	MYB-related
Zm00001d050728	ZmMYBR38	MYB-related
Zm00001eb181960	ZmMYBR38	MYB-related
GRMZM2G451116	ZmMYBR39	MYB-related
Zm00001d044118	ZmMYBR39	MYB-related
Zm00001eb158990	ZmMYBR39	MYB-related
GRMZM2G087233	ZmMYBR40	MYB-related
Zm00001eb219470	ZmMYBR40	MYB-related
Zm00001eb219460	ZmMYBR40	MYB-related
Zm00001d013777	ZmMYBR40	MYB-related
Zm00001eb219480	ZmMYBR40	MYB-related
Zm00001eb219490	ZmMYBR40	MYB-related
GRMZM2G088005	ZmMYBR40	MYB-related
GRMZM2G150260	ZmMYBR41	MYB-related
Zm00001d044117	ZmMYBR41	MYB-related
GRMZM2G369993	ZmMYBR42	MYB-related
Zm00001d030738	ZmMYBR42	MYB-related
Zm00001eb029320	ZmMYBR42	MYB-related
GRMZM2G016020	ZmMYBR44	MYB-related
GRMZM2G005112	ZmMYBR46	MYB-related
Zm00001d042849	ZmMYBR46	MYB-related
Zm00001eb147880	ZmMYBR46	MYB-related
GRMZM2G117497	ZmMYBR47	MYB-related
Zm00001d039049	ZmMYBR47	MYB-related
Zm00001eb296170	ZmMYBR47	MYB-related
GRMZM2G175265	ZmMYBR48	MYB-related
Zm00001d024547	ZmMYBR48	MYB-related
GRMZM2G416708	ZmMYBR49	MYB-related
Zm00001d040385	ZmMYBR49	MYB-related
Zm00001eb128510	ZmMYBR49	MYB-related
GRMZM2G337011	ZmMYBR50	MYB-related
Zm00001d002281	ZmMYBR50	MYB-related
GRMZM2G379167	ZmMYBR51	MYB-related
Zm00001d018465	ZmMYBR51	MYB-related
Zm00001eb258720	ZmMYBR51	MYB-related
GRMZM5G811428	ZmMYBR51	MYB-related
GRMZM2G029850	ZmMYBR52	MYB-related
Zm00001d017642	ZmMYBR52	MYB-related
Zm00001eb250940	ZmMYBR52	MYB-related
GRMZM2G047038	ZmMYBR53	MYB-related
Zm00001d033825	ZmMYBR53	MYB-related
Zm00001eb055620	ZmMYBR53	MYB-related
GRMZM2G398758	ZmMYBR56	MYB-related
Zm00001d007883	ZmMYBR56	MYB-related
Zm00001eb117440	ZmMYBR56	MYB-related
GRMZM2G139174	ZmMYBR57	MYB-related
Zm00001eb296850	ZmMYBR57	MYB-related
Zm00001d039119	ZmMYBR57	MYB-related
GRMZM2G170322	ZmMYBR58	MYB-related
Zm00001eb187450	ZmMYBR58	MYB-related
Zm00001d051480	ZmMYBR58	MYB-related
Zm00001d028380	ZmMYBR59	MYB-related
GRMZM2G104255	ZmMYBR59	MYB-related
GRMZM2G085427	ZmMYBR59	MYB-related
Zm00001eb010280	ZmMYBR59	MYB-related
Zm00001eb010270	ZmMYBR59	MYB-related
GRMZM5G845296	ZmMYBR60	MYB-related
Zm00001d010472	ZmMYBR60	MYB-related
Zm00001eb350880	ZmMYBR60	MYB-related
GRMZM2G139760	ZmMYBR61	MYB-related
Zm00001eb201260	ZmMYBR61	MYB-related
Zm00001d000110	ZmMYBR61	MYB-related
GRMZM5G835542	ZmMYBR64	MYB-related
Zm00001eb187250	ZmMYBR64	MYB-related
Zm00001eb187260	ZmMYBR64	MYB-related
GRMZM2G118693	ZmMYBR64	MYB-related
Zm00001d051458	ZmMYBR64	MYB-related
Zm00001eb187270	ZmMYBR64	MYB-related
GRMZM2G546369	ZmMYBR65	MYB-related
Zm00001d026456	ZmMYBR65	MYB-related
GRMZM2G049194	ZmMYBR67	MYB-related
Zm00001d018258	ZmMYBR67	MYB-related
Zm00001eb256690	ZmMYBR67	MYB-related
GRMZM2G135052	ZmMYBR69	MYB-related
Zm00001eb379300	ZmMYBR69	MYB-related
Zm00001d045581	ZmMYBR69	MYB-related
GRMZM2G071582	ZmMYBR70	MYB-related
GRMZM2G071648	ZmMYBR70	MYB-related
Zm00001d036830	ZmMYBR70	MYB-related
Zm00001eb276170	ZmMYBR70	MYB-related
GRMZM2G448104	ZmMYBR71	MYB-related
Zm00001eb431440	ZmMYBR71	MYB-related
Zm00001eb431450	ZmMYBR71	MYB-related
Zm00001d026362	ZmMYBR71	MYB-related
GRMZM2G700011	ZmMYBR72	MYB-related
Zm00001d047716	ZmMYBR72	MYB-related
Zm00001d004681	ZmMYBR73	MYB-related
GRMZM2G147152	ZmMYBR73	MYB-related
Zm00001eb090750	ZmMYBR73	MYB-related
Zm00001d036632	ZmMYBR77	MYB-related
Zm00001eb274210	ZmMYBR77	MYB-related
GRMZM2G057408	ZmMYBR77	MYB-related
Zm00001d017782	ZmMYBR78	MYB-related
AC204212.4_FG001	ZmMYBR78	MYB-related
Zm00001eb252160	ZmMYBR78	MYB-related
GRMZM2G163291	ZmMYBR80	MYB-related
Zm00001d039750	ZmMYBR80	MYB-related
Zm00001eb123510	ZmMYBR80	MYB-related
GRMZM2G103783	ZmMYBR82	MYB-related
Zm00001d020947	ZmMYBR82	MYB-related
Zm00001eb316800	ZmMYBR82	MYB-related
Zm00001eb416370	ZmMYBR84	MYB-related
Zm00001d024627	ZmMYBR84	MYB-related
GRMZM2G108892	ZmMYBR84	MYB-related
Zm00001d024628	ZmMYBR84	MYB-related
Zm00001eb416380	ZmMYBR84	MYB-related
GRMZM2G089406	ZmMYBR85	MYB-related
Zm00001d010967	ZmMYBR85	MYB-related
Zm00001eb355010	ZmMYBR85	MYB-related
Zm00001d046974	ZmMYBR86	MYB-related
GRMZM2G170148	ZmMYBR86	MYB-related
Zm00001eb389960	ZmMYBR86	MYB-related
Zm00001eb344000	ZmMYBR87	MYB-related
Zm00001d009599	ZmMYBR87	MYB-related
GRMZM2G158117	ZmMYBR87	MYB-related
GRMZM2G064328	ZmMYBR88	MYB-related
Zm00001d053687	ZmMYBR88	MYB-related
Zm00001eb206120	ZmMYBR88	MYB-related
GRMZM2G121753	ZmMYBR89	MYB-related
Zm00001d043968	ZmMYBR89	MYB-related
Zm00001eb222520	ZmMYBR90	MYB-related
Zm00001d014117	ZmMYBR90	MYB-related
GRMZM2G046438	ZmMYBR90	MYB-related
GRMZM2G135396	ZmMYBR93	MYB-related
Zm00001eb079510	ZmMYBR93	MYB-related
GRMZM2G135410	ZmMYBR93	MYB-related
Zm00001eb079500	ZmMYBR93	MYB-related
Zm00001d003284	ZmMYBR93	MYB-related
GRMZM2G328814	ZmMYBR94	MYB-related
Zm00001eb244750	ZmMYBR94	MYB-related
Zm00001d016914	ZmMYBR94	MYB-related
Zm00001d014863	ZmMYBR96	MYB-related
GRMZM2G145041	ZmMYBR96	MYB-related
Zm00001eb228670	ZmMYBR96	MYB-related
Zm00001d044194	ZmMYBR97	MYB-related
GRMZM2G057955	ZmMYBR97	MYB-related
Zm00001eb159610	ZmMYBR97	MYB-related
GRMZM2G111906	ZmMYBR98	MYB-related
Zm00001d036356	ZmMYBR98	MYB-related
Zm00001eb271970	ZmMYBR98	MYB-related
GRMZM2G024054	ZmMYBR99	MYB-related
Zm00001eb219980	ZmMYBR99	MYB-related
Zm00001eb219990	ZmMYBR99	MYB-related
Zm00001d013827	ZmMYBR99	MYB-related
Zm00001eb220000	ZmMYBR99	MYB-related
GRMZM5G833032	ZmMYBR100	MYB-related
Zm00001d017609	ZmMYBR100	MYB-related
Zm00001d031454	ZmMYBR103	MYB-related
GRMZM2G022499	ZmMYBR103	MYB-related
Zm00001eb035050	ZmMYBR103	MYB-related
Zm00001eb064900	ZmMYBR104	MYB-related
GRMZM2G023557	ZmMYBR104	MYB-related
Zm00001d034891	ZmMYBR104	MYB-related
GRMZM2G470882	ZmMYBR105	MYB-related
GRMZM2G471039	ZmMYBR105	MYB-related
GRMZM2G171254	ZmMYBR105	MYB-related
Zm00001d003494	ZmMYBR105	MYB-related
Zm00001d003495	ZmMYBR105	MYB-related
Zm00001d003496	ZmMYBR105	MYB-related
Zm00001eb081280	ZmMYBR105	MYB-related
Zm00001eb081310	ZmMYBR105	MYB-related
Zm00001eb081290	ZmMYBR105	MYB-related
GRMZM2G304840	ZmMYBR108	MYB-related
Zm00001eb359890	ZmMYBR108	MYB-related
Zm00001eb359880	ZmMYBR108	MYB-related
GRMZM2G433450	ZmMYBR109	MYB-related
Zm00001d009423	ZmMYBR109	MYB-related
Zm00001eb342480	ZmMYBR109	MYB-related
Zm00001d044311	ZmMYBR110	MYB-related
Zm00001eb160560	ZmMYBR110	MYB-related
Zm00001eb160570	ZmMYBR110	MYB-related
GRMZM2G443202	ZmMYBR110	MYB-related
Zm00001eb160580	ZmMYBR110	MYB-related
Zm00001eb428070	ZmMYBR111	MYB-related
GRMZM2G181030	ZmMYBR111	MYB-related
Zm00001d026017	ZmMYBR111	MYB-related
Zm00001eb347900	ZmMYBR112	MYB-related
GRMZM2G370896	ZmMYBR112	MYB-related
Zm00001d010087	ZmMYBR112	MYB-related
GRMZM2G463633	ZmMYBR112	MYB-related
GRMZM2G119261	ZmMYBR114	MYB-related
Zm00001d004521	ZmMYBR114	MYB-related
Zm00001eb089420	ZmMYBR114	MYB-related
GRMZM2G049378	ZmMYBR115	MYB-related
Zm00001d011515	ZmMYBR115	MYB-related
Zm00001eb359630	ZmMYBR115	MYB-related
GRMZM5G860226	ZmMYBR116	MYB-related
GRMZM5G847287	ZmMYBR116	MYB-related
GRMZM5G808017	ZmMYBR116	MYB-related
Zm00001d006133	ZmMYBR116	MYB-related
Zm00001d006134	ZmMYBR116	MYB-related
Zm00001eb102850	ZmMYBR116	MYB-related
Zm00001eb111250	ZmMYBR117	MYB-related
Zm00001d007141	ZmMYBR117	MYB-related
GRMZM2G350628	ZmMYBR118	MYB-related
Zm00001eb345290	ZmMYBR118	MYB-related
GRMZM2G018142	ZmMYBR118	MYB-related
Zm00001d009751	ZmMYBR118	MYB-related
Zm00001d009750	ZmMYBR118	MYB-related
GRMZM2G018048	ZmMYBR118	MYB-related
GRMZM2G316740	ZmMYBR118	MYB-related
GRMZM2G350684	ZmMYBR118	MYB-related
Zm00001d035113	ZmMYBR119	MYB-related
GRMZM2G019257	ZmMYBR119	MYB-related
Zm00001eb261130	ZmMYBR119	MYB-related
GRMZM2G573732	ZmMYBR119	MYB-related
GRMZM5G878347	ZmMYBR120	MYB-related
Zm00001eb215910	ZmMYBR120	MYB-related
Zm00001d013391	ZmMYBR120	MYB-related
Zm00001d010421	ZmMYBR121	MYB-related
Zm00001eb350460	ZmMYBR121	MYB-related
GRMZM2G416308	ZmMYBR121	MYB-related
Zm00001d010420	ZmMYBR121	MYB-related
GRMZM2G356718	ZmMYBR122	MYB-related
Zm00001eb058920	ZmMYBR122	MYB-related
Zm00001d039185	ZmMYBR123	MYB-related
GRMZM2G096759	ZmMYBR123	MYB-related
Zm00001eb297530	ZmMYBR123	MYB-related
Zm00001eb177970	ZmMYBR124	MYB-related
GRMZM2G329532	ZmMYBR125	MYB-related
Zm00001eb249730	ZmMYBR125	MYB-related
Zm00001d017505	ZmMYBR125	MYB-related
GRMZM2G329454	ZmMYBR125	MYB-related
Zm00001eb249740	ZmMYBR125	MYB-related
Zm00001eb057150	ZmMYBR126	MYB-related
Zm00001d034005	ZmMYBR126	MYB-related
GRMZM2G126338	ZmMYBR126	MYB-related
GRMZM2G308034	ZmMYBR127	MYB-related
Zm00001eb013670	ZmMYBR127	MYB-related
Zm00001d028777	ZmMYBR127	MYB-related
Zm00001eb288480	ZmMYBR128	MYB-related
Zm00001d025685	ZmMYBR129	MYB-related
Zm00001eb424880	ZmMYBR129	MYB-related
AC217043.3_FG002	ZmMYBR129	MYB-related
Zm00001d025686	ZmMYBR129	MYB-related
Zm00001eb374860	ZmMYBR130	MYB-related
Zm00001d045123	ZmMYBR130	MYB-related
Zm00001d024644	ZmMYBR131	MYB-related
Zm00001eb416530	ZmMYBR131	MYB-related
Zm00001eb212880	ZmMYBR132	MYB-related
Zm00001d013070	ZmMYBR132	MYB-related
GRMZM2G302549	ZmMYBR132	MYB-related
Zm00001d008206	ZmMYBR133	MYB-related
Zm00001eb332410	ZmMYBR133	MYB-related
GRMZM2G440951	ZmMYBR134	MYB-related
GRMZM2G440943	ZmMYBR134	MYB-related
Zm00001d044281	ZmMYBR134	MYB-related
Zm00001eb160300	ZmMYBR134	MYB-related
GRMZM2G117685	ZmMYBR135	MYB-related
GRMZM2G475362	ZmMYBR135	MYB-related
Zm00001d044283	ZmMYBR135	MYB-related
Zm00001d044284	ZmMYBR135	MYB-related
Zm00001eb160310	ZmMYBR135	MYB-related
Zm00001eb010890	ZmMYBR136	MYB-related
Zm00001d028445	ZmMYBR136	MYB-related
GRMZM2G097788	ZmMYBR136	MYB-related
Zm00001d011552	ZmMYBR137	MYB-related
Zm00001eb359940	ZmMYBR137	MYB-related
GRMZM2G159155	ZmMYBR138	MYB-related
Zm00001d015765	ZmMYBR138	MYB-related
Zm00001eb235700	ZmMYBR138	MYB-related
GRMZM5G877874	ZmMYBR138	MYB-related
GRMZM2G134717	ZmNAC1	NAC
Zm00001d011555	ZmNAC1	NAC
Zm00001eb359950	ZmNAC1	NAC
Zm00001eb330910	ZmNAC2	NAC
GRMZM2G181605	ZmNAC2	NAC
Zm00001d022517	ZmNAC2	NAC
Zm00001d038207	ZmNAC3	NAC
GRMZM2G147867	ZmNAC3	NAC
Zm00001eb288270	ZmNAC3	NAC
Zm00001eb303620	ZmNAC4	NAC
GRMZM2G079632	ZmNAC4	NAC
Zm00001d019207	ZmNAC4	NAC
Zm00001eb303630	ZmNAC4	NAC
Zm00001eb095110	ZmNAC5	NAC
Zm00001d005208	ZmNAC5	NAC
GRMZM2G162739	ZmNAC5	NAC
GRMZM2G018553	ZmNAC6	NAC
Zm00001eb059350	ZmNAC7	NAC
Zm00001d034277	ZmNAC7	NAC
GRMZM2G163251	ZmNAC7	NAC
GRMZM2G086768	ZmNAC8	NAC
Zm00001eb280490	ZmNAC8	NAC
GRMZM2G379608	ZmNAC8	NAC
GRMZM2G078954	ZmNAC8	NAC
Zm00001d037315	ZmNAC8	NAC
Zm00001eb363940	ZmNAC9	NAC
GRMZM2G134073	ZmNAC9	NAC
Zm00001d011969	ZmNAC9	NAC
Zm00001eb248680	ZmNAC10	NAC
Zm00001d017396	ZmNAC10	NAC
GRMZM2G315140	ZmNAC10	NAC
Zm00001eb015570	ZmNAC11	NAC
GRMZM2G031001	ZmNAC11	NAC
Zm00001d028995	ZmNAC11	NAC
Zm00001d049913	ZmNAC12	NAC
Zm00001eb175840	ZmNAC12	NAC
GRMZM2G125777	ZmNAC12	NAC
Zm00001d017084	ZmNAC13	NAC
Zm00001eb246010	ZmNAC13	NAC
GRMZM2G038073	ZmNAC13	NAC
Zm00001d020446	ZmNAC14	NAC
Zm00001eb312500	ZmNAC14	NAC
GRMZM2G159094	ZmNAC14	NAC
Zm00001eb424870	ZmNAC15	NAC
Zm00001d025684	ZmNAC15	NAC
GRMZM2G111770	ZmNAC15	NAC
GRMZM2G166721	ZmNAC16	NAC
Zm00001d039506	ZmNAC16	NAC
Zm00001eb121380	ZmNAC16	NAC
GRMZM2G062009	ZmNAC17	NAC
Zm00001eb185110	ZmNAC17	NAC
Zm00001d051140	ZmNAC17	NAC
AC233865.1_FG001	ZmNAC18	NAC
Zm00001eb320810	ZmNAC18	NAC
Zm00001d021422	ZmNAC18	NAC
Zm00001eb320820	ZmNAC18	NAC
Zm00001d021423	ZmNAC18	NAC
GRMZM5G885329	ZmNAC18	NAC
Zm00001d016119	ZmNAC19	NAC
Zm00001eb238270	ZmNAC19	NAC
GRMZM2G155816	ZmNAC19	NAC
GRMZM2G180328	ZmNAC20	NAC
Zm00001eb288360	ZmNAC20	NAC
Zm00001d038221	ZmNAC20	NAC
Zm00001eb269810	ZmNAC21	NAC
GRMZM2G091490	ZmNAC21	NAC
Zm00001d036050	ZmNAC21	NAC
GRMZM2G156977	ZmNAC22	NAC
Zm00001d002285	ZmNAC22	NAC
Zm00001eb070490	ZmNAC22	NAC
Zm00001eb369060	ZmNAC23	NAC
Zm00001d012527	ZmNAC23	NAC
GRMZM2G068973	ZmNAC23	NAC
Zm00001eb102160	ZmNAC24	NAC
GRMZM2G008374	ZmNAC24	NAC
Zm00001d006053	ZmNAC24	NAC
GRMZM2G127379	ZmNAC25	NAC
Zm00001eb405590	ZmNAC25	NAC
Zm00001d023294	ZmNAC25	NAC
GRMZM2G113950	ZmNAC26	NAC
Zm00001eb191020	ZmNAC26	NAC
Zm00001d051879	ZmNAC26	NAC
Zm00001d051294	ZmNAC27	NAC
Zm00001eb186010	ZmNAC27	NAC
GRMZM2G354151	ZmNAC27	NAC
Zm00001d018702	ZmNAC28	NAC
GRMZM2G033014	ZmNAC28	NAC
Zm00001eb299030	ZmNAC28	NAC
Zm00001eb395380	ZmNAC29	NAC
GRMZM2G159500	ZmNAC29	NAC
Zm00001d047554	ZmNAC29	NAC
GRMZM2G146380	ZmNAC30	NAC
Zm00001eb245030	ZmNAC30	NAC
Zm00001d016950	ZmNAC30	NAC
Zm00001eb288900	ZmNAC31	NAC
GRMZM2G465835	ZmNAC31	NAC
Zm00001d038289	ZmNAC31	NAC
GRMZM2G009892	ZmNAC32	NAC
Zm00001d003414	ZmNAC32	NAC
Zm00001eb080700	ZmNAC32	NAC
Zm00001eb001990	ZmNAC33	NAC
GRMZM2G025642	ZmNAC33	NAC
Zm00001d027459	ZmNAC33	NAC
Zm00001d003080	ZmNAC34	NAC
AC208663.3_FG002	ZmNAC34	NAC
Zm00001eb077830	ZmNAC34	NAC
Zm00001eb102540	ZmNAC35	NAC
GRMZM2G179049	ZmNAC35	NAC
Zm00001d006106	ZmNAC35	NAC
GRMZM2G081930	ZmNAC36	NAC
Zm00001eb077580	ZmNAC36	NAC
Zm00001d003052	ZmNAC36	NAC
Zm00001d050410	ZmNAC37	NAC
Zm00001eb179740	ZmNAC37	NAC
AC198937.4_FG005	ZmNAC37	NAC
Zm00001d010227	ZmNAC38	NAC
Zm00001eb349010	ZmNAC38	NAC
GRMZM2G104400	ZmNAC38	NAC
GRMZM2G126817	ZmNAC39	NAC
Zm00001eb402580	ZmNAC39	NAC
Zm00001d048347	ZmNAC39	NAC
GRMZM5G898290	ZmNAC40	NAC
Zm00001d050893	ZmNAC40	NAC
Zm00001eb183190	ZmNAC40	NAC
Zm00001eb197170	ZmNAC41	NAC
Zm00001d052564	ZmNAC41	NAC
GRMZM2G439903	ZmNAC41	NAC
Zm00001d036364	ZmNAC42	NAC
GRMZM2G074358	ZmNAC42	NAC
Zm00001eb272040	ZmNAC42	NAC
GRMZM2G082709	ZmNAC43	NAC
Zm00001eb024300	ZmNAC43	NAC
Zm00001d030023	ZmNAC43	NAC
Zm00001eb015630	ZmNAC44	NAC
GRMZM2G011598	ZmNAC44	NAC
Zm00001d028999	ZmNAC44	NAC
Zm00001d048044	ZmNAC45	NAC
Zm00001eb399810	ZmNAC45	NAC
GRMZM2G126936	ZmNAC45	NAC
GRMZM2G440219	ZmNAC46	NAC
Zm00001d008817	ZmNAC47	NAC
Zm00001eb337530	ZmNAC47	NAC
GRMZM2G112681	ZmNAC47	NAC
Zm00001eb036920	ZmNAC48	NAC
GRMZM2G054252	ZmNAC48	NAC
Zm00001d031655	ZmNAC48	NAC
Zm00001eb062170	ZmNAC49	NAC
Zm00001d034601	ZmNAC49	NAC
GRMZM2G347043	ZmNAC49	NAC
GRMZM2G475014	ZmNAC50	NAC
Zm00001d031164	ZmNAC50	NAC
Zm00001eb032650	ZmNAC50	NAC
Zm00001eb191780	ZmNAC51	NAC
Zm00001d051956	ZmNAC51	NAC
GRMZM2G140901	ZmNAC51	NAC
Zm00001eb337360	ZmNAC52	NAC
GRMZM2G342647	ZmNAC52	NAC
GRMZM2G059428	ZmNAC53	NAC
Zm00001d027530	ZmNAC53	NAC
Zm00001eb002660	ZmNAC53	NAC
Zm00001eb260790	ZmNAC54	NAC
Zm00001d035076	ZmNAC54	NAC
GRMZM2G030325	ZmNAC54	NAC
Zm00001eb041350	ZmNAC55	NAC
GRMZM2G152543	ZmNAC55	NAC
Zm00001d032182	ZmNAC55	NAC
GRMZM2G386163	ZmNAC56	NAC
Zm00001d020982	ZmNAC56	NAC
Zm00001eb317170	ZmNAC56	NAC
GRMZM2G174070	ZmNAC57	NAC
Zm00001eb403880	ZmNAC57	NAC
Zm00001d048493	ZmNAC57	NAC
Zm00001eb182960	ZmNAC58	NAC
Zm00001d050870	ZmNAC58	NAC
AC205484.3_FG005	ZmNAC58	NAC
Zm00001eb254560	ZmNAC59	NAC
Zm00001d018038	ZmNAC59	NAC
Zm00001eb254550	ZmNAC59	NAC
GRMZM2G401609	ZmNAC59	NAC
GRMZM2G100593	ZmNAC59	NAC
GRMZM2G336533	ZmNAC60	NAC
Zm00001eb212120	ZmNAC60	NAC
Zm00001d013003	ZmNAC60	NAC
Zm00001eb415730	ZmNAC61	NAC
GRMZM2G003715	ZmNAC61	NAC
Zm00001d024543	ZmNAC61	NAC
Zm00001d034984	ZmNAC62	NAC
GRMZM2G052239	ZmNAC62	NAC
Zm00001eb260000	ZmNAC62	NAC
GRMZM2G054277	ZmNAC63	NAC
Zm00001d021069	ZmNAC63	NAC
Zm00001eb317890	ZmNAC63	NAC
Zm00001eb008350	ZmNAC64	NAC
Zm00001d028178	ZmNAC64	NAC
GRMZM2G077045	ZmNAC64	NAC
Zm00001d025861	ZmNAC65	NAC
Zm00001eb426640	ZmNAC65	NAC
GRMZM2G043813	ZmNAC65	NAC
GRMZM2G064541	ZmNAC66	NAC
Zm00001d040318	ZmNAC66	NAC
Zm00001eb128000	ZmNAC66	NAC
Zm00001eb408860	ZmNAC67	NAC
GRMZM2G083347	ZmNAC67	NAC
Zm00001d023669	ZmNAC67	NAC
Zm00001d045616	ZmNAC68	NAC
Zm00001eb379550	ZmNAC68	NAC
GRMZM2G163914	ZmNAC68	NAC
GRMZM2G459156	ZmNAC68	NAC
Zm00001d045617	ZmNAC68	NAC
GRMZM2G086768	ZmNAC69	NAC
GRMZM2G379608	ZmNAC69	NAC
GRMZM2G078954	ZmNAC69	NAC
Zm00001d037315	ZmNAC69	NAC
Zm00001eb280490	ZmNAC69	NAC
Zm00001eb149810	ZmNAC70	NAC
GRMZM2G312201	ZmNAC70	NAC
Zm00001d043094	ZmNAC70	NAC
Zm00001eb149820	ZmNAC70	NAC
Zm00001eb082040	ZmNAC71	NAC
Zm00001d003583	ZmNAC71	NAC
GRMZM2G099144	ZmNAC71	NAC
GRMZM2G163841	ZmNAC72	NAC
Zm00001d011590	ZmNAC72	NAC
Zm00001eb360270	ZmNAC72	NAC
Zm00001d018773	ZmNAC73	NAC
GRMZM2G479980	ZmNAC73	NAC
Zm00001eb299720	ZmNAC73	NAC
Zm00001d013151	ZmNAC74	NAC
Zm00001eb213710	ZmNAC74	NAC
GRMZM2G112548	ZmNAC74	NAC
Zm00001d049860	ZmNAC75	NAC
Zm00001eb175500	ZmNAC75	NAC
GRMZM2G100583	ZmNAC75	NAC
Zm00001d003626	ZmNAC76	NAC
GRMZM2G316840	ZmNAC76	NAC
Zm00001eb082430	ZmNAC76	NAC
AC196475.3_FG005	ZmNAC77	NAC
Zm00001eb172410	ZmNAC77	NAC
Zm00001d049540	ZmNAC77	NAC
Zm00001d027395	ZmNAC78	NAC
Zm00001eb001460	ZmNAC78	NAC
GRMZM2G406204	ZmNAC78	NAC
Zm00001eb317070	ZmNAC79	NAC
Zm00001d020972	ZmNAC79	NAC
GRMZM2G033884	ZmNAC79	NAC
Zm00001eb317060	ZmNAC79	NAC
GRMZM2G004531	ZmNAC79	NAC
Zm00001d042246	ZmNAC80	NAC
GRMZM2G060116	ZmNAC80	NAC
Zm00001eb142410	ZmNAC80	NAC
Zm00001eb395320	ZmNAC81	NAC
GRMZM2G042494	ZmNAC81	NAC
Zm00001d043921	ZmNAC82	NAC
Zm00001eb157260	ZmNAC82	NAC
GRMZM2G058518	ZmNAC82	NAC
GRMZM2G158204	ZmNAC83	NAC
Zm00001eb341230	ZmNAC83	NAC
Zm00001d009244	ZmNAC83	NAC
GRMZM2G139700	ZmNAC84	NAC
Zm00001d041791	ZmNAC84	NAC
GRMZM2G435824	ZmNAC85	NAC
Zm00001eb423160	ZmNAC85	NAC
Zm00001d025483	ZmNAC85	NAC
Zm00001d045463	ZmNAC86	NAC
GRMZM2G171395	ZmNAC86	NAC
Zm00001eb378150	ZmNAC86	NAC
Zm00001eb295810	ZmNAC87	NAC
Zm00001d039004	ZmNAC87	NAC
GRMZM2G031200	ZmNAC87	NAC
Zm00001eb349120	ZmNAC88	NAC
Zm00001d010239	ZmNAC88	NAC
GRMZM2G134687	ZmNAC88	NAC
GRMZM2G340305	ZmNAC89	NAC
Zm00001eb142800	ZmNAC90	NAC
Zm00001d042288	ZmNAC90	NAC
Zm00001eb142790	ZmNAC90	NAC
AC203535.4_FG002	ZmNAC90	NAC
GRMZM2G041668	ZmNAC91	NAC
Zm00001eb379460	ZmNAC91	NAC
Zm00001d045600	ZmNAC91	NAC
Zm00001d050039	ZmNAC92	NAC
GRMZM2G048826	ZmNAC92	NAC
Zm00001eb176840	ZmNAC92	NAC
Zm00001eb147030	ZmNAC93	NAC
GRMZM5G832473	ZmNAC93	NAC
Zm00001d042758	ZmNAC93	NAC
GRMZM2G122615	ZmNAC94	NAC
Zm00001d043877	ZmNAC94	NAC
Zm00001eb156890	ZmNAC94	NAC
GRMZM5G813651	ZmNAC95	NAC
Zm00001d042580	ZmNAC95	NAC
Zm00001eb145340	ZmNAC95	NAC
Zm00001d007850	ZmNAC96	NAC
GRMZM5G803888	ZmNAC96	NAC
Zm00001eb117730	ZmNAC96	NAC
Zm00001d046246	ZmNAC98	NAC
GRMZM2G115721	ZmNAC98	NAC
Zm00001eb384320	ZmNAC98	NAC
GRMZM2G027309	ZmNAC99	NAC
Zm00001eb280480	ZmNAC99	NAC
Zm00001eb139220	ZmNAC100	NAC
AC211478.3_FG004	ZmNAC100	NAC
Zm00001d041886	ZmNAC100	NAC
Zm00001d050960	ZmNAC101	NAC
GRMZM2G104078	ZmNAC101	NAC
Zm00001eb183700	ZmNAC101	NAC
GRMZM5G894234	ZmNAC102	NAC
Zm00001eb399930	ZmNAC102	NAC
AC233893.1_FG002	ZmNAC102	NAC
Zm00001d048059	ZmNAC102	NAC
Zm00001d002934	ZmNAC103	NAC
Zm00001eb076470	ZmNAC103	NAC
AC212859.3_FG008	ZmNAC103	NAC
Zm00001d018435	ZmNAC104	NAC
GRMZM5G857701	ZmNAC104	NAC
Zm00001eb258400	ZmNAC104	NAC
Zm00001eb173960	ZmNAC105	NAC
GRMZM2G123246	ZmNAC105	NAC
Zm00001d049687	ZmNAC105	NAC
GRMZM2G031120	ZmNAC106	NAC
Zm00001eb348340	ZmNAC107	NAC
Zm00001d010144	ZmNAC107	NAC
GRMZM2G172264	ZmNAC107	NAC
Zm00001eb145580	ZmNAC109	NAC
GRMZM2G014653	ZmNAC109	NAC
Zm00001d042609	ZmNAC109	NAC
Zm00001d024268	ZmNAC110	NAC
Zm00001eb413540	ZmNAC110	NAC
GRMZM2G167018	ZmNAC110	NAC
Zm00001d003293	ZmNAC111	NAC
Zm00001eb079630	ZmNAC111	NAC
GRMZM2G450445	ZmNAC111	NAC
Zm00001eb288420	ZmNAC112	NAC
Zm00001d038227	ZmNAC112	NAC
GRMZM2G456568	ZmNAC112	NAC
Zm00001eb224800	ZmNAC113	NAC
GRMZM2G063522	ZmNAC113	NAC
Zm00001d014405	ZmNAC113	NAC
Zm00001d031463	ZmNAC114	NAC
Zm00001eb035180	ZmNAC114	NAC
GRMZM2G430522	ZmNAC114	NAC
GRMZM2G069047	ZmNAC115	NAC
Zm00001eb173840	ZmNAC115	NAC
Zm00001d049678	ZmNAC115	NAC
GRMZM2G041746	ZmNAC116	NAC
Zm00001d037029	ZmNAC116	NAC
Zm00001eb277900	ZmNAC116	NAC
Zm00001d008399	ZmNAC118	NAC
Zm00001eb334160	ZmNAC118	NAC
GRMZM2G109627	ZmNAC118	NAC
GRMZM2G393433	ZmNAC119	NAC
Zm00001d035266	ZmNAC119	NAC
Zm00001eb264380	ZmNAC119	NAC
Zm00001eb076640	ZmNAC120	NAC
GRMZM2G176677	ZmNAC120	NAC
Zm00001eb076630	ZmNAC120	NAC
Zm00001d002945	ZmNAC120	NAC
Zm00001eb320830	ZmNAC121	NAC
Zm00001d021424	ZmNAC121	NAC
AC233865.1_FG003	ZmNAC121	NAC
GRMZM2G430849	ZmNAC122	NAC
Zm00001d022424	ZmNAC122	NAC
Zm00001eb330850	ZmNAC122	NAC
Zm00001eb260850	ZmNAC123	NAC
GRMZM2G092465	ZmNAC123	NAC
Zm00001d035084	ZmNAC123	NAC
Zm00001d046126	ZmNAC124	NAC
GRMZM2G104074	ZmNAC124	NAC
Zm00001eb383230	ZmNAC124	NAC
GRMZM2G123667	ZmNAC125	NAC
Zm00001eb201290	ZmNAC125	NAC
Zm00001d000112	ZmNAC125	NAC
GRMZM2G018436	ZmNAC126	NAC
Zm00001d005028	ZmNAC126	NAC
Zm00001eb093650	ZmNAC126	NAC
Zm00001d014843	ZmNAC127	NAC
GRMZM2G389557	ZmNAC127	NAC
Zm00001eb228520	ZmNAC127	NAC
Zm00001d040189	ZmNAC128	NAC
Zm00001eb126890	ZmNAC128	NAC
GRMZM2G062650	ZmNAC128	NAC
GRMZM2G086768	ZmNAC129	NAC
GRMZM2G379608	ZmNAC129	NAC
GRMZM2G078954	ZmNAC129	NAC
Zm00001d037315	ZmNAC129	NAC
Zm00001eb280490	ZmNAC129	NAC
Zm00001eb334180	ZmNAC130	NAC
Zm00001d008403	ZmNAC130	NAC
GRMZM2G154182	ZmNAC130	NAC
Zm00001eb075510	ZmNAC131	NAC
GRMZM2G178998	ZmNAC131	NAC
Zm00001d002828	ZmNAC131	NAC
Zm00001eb324550	ZmNAC132	NAC
Zm00001d021818	ZmNAC132	NAC
GRMZM2G179885	ZmNAC132	NAC
Zm00001eb243730	ZmNAC133	NAC
GRMZM2G094067	ZmNAC133	NAC
Zm00001d016814	ZmNAC133	NAC
Zm00001d011589	ZmNAC134	NAC
Zm00001eb360260	ZmNAC134	NAC
GRMZM2G163843	ZmNAC134	NAC
GRMZM2G474252	ZmNAC135	NAC
Zm00001eb063000	ZmNAC135	NAC
GRMZM2G060735	ZmNAC135	NAC
Zm00001eb051290	ZmNAC136	NAC
Zm00001d033308	ZmNAC136	NAC
Zm00001eb063010	ZmNAC137	NAC
GRMZM2G317853	ZmNAC137	NAC
Zm00001eb407330	ZmNAC138	NAC
Zm00001d023487	ZmNAC138	NAC
Zm00001eb407280	ZmNAC139	NAC
Zm00001d023484	ZmNAC139	NAC
Zm00001eb407300	ZmNAC139	NAC
Zm00001d031898	ZmNAC140	NAC
Zm00001eb038920	ZmNAC140	NAC
Zm00001eb063030	ZmNAC141	NAC
Zm00001d034687	ZmNAC141	NAC
GRMZM2G177490	ZmNAC141	NAC
Zm00001eb063020	ZmNAC142	NAC
GRMZM2G007817	ZmNAC142	NAC
Zm00001eb390560	ZmNAC143	NAC
Zm00001d047050	ZmNAC143	NAC
Zm00001d013717	ZmNAC144	NAC
Zm00001eb218930	ZmNAC144	NAC
Zm00001d042256	ZmNAC145	NAC
GRMZM2G161380	ZmNAC145	NAC
Zm00001eb142430	ZmNAC145	NAC
GRMZM2G179610	ZmNAC146	NAC
Zm00001eb062960	ZmNAC146	NAC
Zm00001eb407350	ZmNAC147	NAC
Zm00001eb107140	ZmNAC148	NAC
Zm00001d006616	ZmNAC148	NAC
GRMZM2G000640	ZmNAC148	NAC
Zm00001eb417690	ZmNAC149	NAC
Zm00001d023483	ZmNAC150	NAC
GRMZM5G858524	ZmNAC150	NAC
Zm00001eb407290	ZmNAC150	NAC
Zm00001d023491	ZmNAC151	NAC
Zm00001eb407380	ZmNAC151	NAC
Zm00001eb407360	ZmNAC151	NAC
AC187843.3_FG001	ZmNAC151	NAC
Zm00001d023489	ZmNAC151	NAC
Zm00001d053205	ZmNAC152	NAC
Zm00001eb202630	ZmNAC152	NAC
GRMZM2G435255	ZmNAC153	NAC
Zm00001eb208640	ZmNAC153	NAC
Zm00001d053944	ZmNAC153	NAC
Zm00001d032208	ZmNAC154	NAC
Zm00001eb041550	ZmNAC154	NAC
AC194273.3_FG007	ZmNAC155	NAC
Zm00001d024562	ZmNAC155	NAC
Zm00001eb415910	ZmNAC155	NAC
AC214817.3_FG007	ZmNAC156	NAC
Zm00001d038484	ZmNAC156	NAC
Zm00001eb290700	ZmNAC156	NAC
Zm00001eb415830	ZmNAC157	NAC
Zm00001d024554	ZmNAC157	NAC
AC191708.3_FG001	ZmNAC157	NAC
Zm00001d006636	ZmNAC158	NAC
Zm00001eb107340	ZmNAC158	NAC
Zm00001eb074380	ZmNAC159	NAC
GRMZM2G143512	ZmNAC159	NAC
Zm00001d002708	ZmNAC159	NAC
Zm00001eb345820	ZmNAC160	NAC
Zm00001d009805	ZmNAC160	NAC
Zm00001d009806	ZmNAC160	NAC
Zm00001eb130560	ZmNAC161	NAC
Zm00001d040657	ZmNAC161	NAC
Zm00001eb067360	ZmNAC162	NAC
Zm00001d001957	ZmNAC162	NAC
Zm00001eb062950	ZmNAC163	NAC
Zm00001d034686	ZmNAC163	NAC
GRMZM2G362996	ZmNAC163	NAC
GRMZM2G326663	ZmNAC164	NAC
Zm00001eb407430	ZmNAC164	NAC
Zm00001d023493	ZmNAC164	NAC
Zm00001eb062990	ZmNAC165	NAC
GRMZM2G137518	ZmNAC165	NAC
Zm00001d000331	ZmNAC165	NAC
Zm00001d026100	ZmNAC166	NAC
Zm00001eb428860	ZmNAC166	NAC
Zm00001d026099	ZmNAC166	NAC
Zm00001d024559	ZmNAC167	NAC
Zm00001eb415880	ZmNAC167	NAC
AC191708.3_FG002	ZmNAC167	NAC
Zm00001eb208660	ZmNAC168	NAC
Zm00001eb403580	ZmNAC169	NAC
Zm00001d048456	ZmNAC169	NAC
Zm00001d048457	ZmNAC169	NAC
GRMZM2G172053	ZmNAC169	NAC
Zm00001eb440730	ZmNAC170	NAC
AC211933.4_FG001	ZmNAC171	NAC
Zm00001d046747	ZmNAC171	NAC
Zm00001eb388230	ZmNAC171	NAC
Zm00001d031735	ZmNAC172	NAC
Zm00001eb037590	ZmNAC172	NAC
Zm00001d023490	ZmNAC173	NAC
AC187843.3_FG010	ZmNAC173	NAC
Zm00001eb407370	ZmNAC173	NAC
Zm00001d037987	ZmNAC174	NAC
Zm00001d037986	ZmNAC174	NAC
Zm00001eb286160	ZmNAC174	NAC
Zm00001eb407320	ZmNAC175	NAC
AC191279.2_FG003	ZmNAC175	NAC
Zm00001d023486	ZmNAC175	NAC
Zm00001d053942	ZmNAC176	NAC
Zm00001d053941	ZmNAC176	NAC
Zm00001eb208620	ZmNAC176	NAC
GRMZM2G133988	ZmNAC176	NAC
GRMZM2G435219	ZmNAC176	NAC
Zm00001eb208610	ZmNAC176	NAC
Zm00001d024565	ZmNAC177	NAC
AC194273.3_FG006	ZmNAC177	NAC
Zm00001eb415920	ZmNAC177	NAC
Zm00001eb051640	ZmNAC178	NAC
Zm00001d033351	ZmNAC178	NAC
GRMZM2G438080	ZmNAC178	NAC
Zm00001d024558	ZmNAC179	NAC
Zm00001eb415870	ZmNAC179	NAC
GRMZM2G385641	ZmNAC180	NAC
Zm00001eb180780	ZmNAC180	NAC
Zm00001d050585	ZmNAC180	NAC
AC191279.2_FG001	ZmNAC181	NAC
Zm00001d023485	ZmNAC181	NAC
Zm00001eb407310	ZmNAC181	NAC
Zm00001d039250	ZmNLP1	NLP
Zm00001eb118790	ZmNLP1	NLP
AC233880.1_FG006	ZmNLP1	NLP
GRMZM2G057131	ZmNLP2	NLP
Zm00001d002661	ZmNLP2	NLP
Zm00001eb073910	ZmNLP2	NLP
Zm00001eb078590	ZmNLP3	NLP
Zm00001d003176	ZmNLP3	NLP
GRMZM2G031398	ZmNLP3	NLP
Zm00001eb339390	ZmNLP4	NLP
Zm00001d009017	ZmNLP4	NLP
GRMZM2G375675	ZmNLP4	NLP
AC207342.3_FG001	ZmNLP5	NLP
Zm00001d011142	ZmNLP5	NLP
Zm00001d039266	ZmNLP6	NLP
GRMZM2G175065	ZmNLP6	NLP
GRMZM2G475305	ZmNLP6	NLP
Zm00001eb118950	ZmNLP6	NLP
GRMZM2G409976	ZmNLP7	NLP
Zm00001eb002480	ZmNLP7	NLP
GRMZM2G109509	ZmNLP7	NLP
Zm00001eb002490	ZmNLP7	NLP
Zm00001d027509	ZmNLP7	NLP
Zm00001d027510	ZmNLP7	NLP
GRMZM2G176655	ZmNLP8	NLP
Zm00001eb284410	ZmNLP8	NLP
Zm00001d037786	ZmNLP8	NLP
GRMZM2G105004	ZmNLP9	NLP
Zm00001d025757	ZmNLP9	NLP
Zm00001eb425660	ZmNLP9	NLP
GRMZM2G071322	ZmNLP10	NLP
Zm00001d044519	ZmNLP10	NLP
GRMZM2G472589	ZmNLP11	NLP
Zm00001d053437	ZmNLP11	NLP
Zm00001d018035	ZmNLP12	NLP
Zm00001eb254520	ZmNLP12	NLP
GRMZM2G105641	ZmNLP12	NLP
Zm00001eb320950	ZmNLP13	NLP
GRMZM2G053298	ZmNLP13	NLP
Zm00001d021442	ZmNLP13	NLP
GRMZM2G392306	ZmNLP14	NLP
Zm00001eb372360	ZmNLP14	NLP
GRMZM2G094586	ZmNLP14	NLP
Zm00001d044825	ZmNLP14	NLP
Zm00001eb372370	ZmNLP14	NLP
GRMZM2G042278	ZmNLP15	NLP
Zm00001d015201	ZmNLP15	NLP
Zm00001eb231720	ZmNLP15	NLP
Zm00001eb133740	ZmNLP16	NLP
GRMZM2G004663	ZmNLP16	NLP
Zm00001d041160	ZmNLP16	NLP
Zm00001d006293	ZmNLP17	NLP
GRMZM2G048582	ZmNLP17	NLP
Zm00001eb104260	ZmNLP17	NLP
Zm00001eb001920	ZmOFP1	OVATE
Zm00001d027453	ZmOFP1	OVATE
GRMZM2G055737	ZmOFP1	OVATE
Zm00001eb004460	ZmOFP2	OVATE
Zm00001eb004450	ZmOFP2	OVATE
Zm00001d027739	ZmOFP2	OVATE
GRMZM2G096252	ZmOFP2	OVATE
Zm00001eb007990	ZmOFP3	OVATE
GRMZM2G121706	ZmOFP3	OVATE
Zm00001eb016140	ZmOFP4	OVATE
Zm00001d029067	ZmOFP4	OVATE
Zm00001eb016130	ZmOFP4	OVATE
GRMZM2G075988	ZmOFP4	OVATE
Zm00001eb021800	ZmOFP5	OVATE
Zm00001d029718	ZmOFP5	OVATE
GRMZM2G039312	ZmOFP5	OVATE
GRMZM2G095452	ZmOFP6	OVATE
Zm00001eb047590	ZmOFP6	OVATE
Zm00001d032903	ZmOFP6	OVATE
GRMZM2G164428	ZmOFP7	OVATE
Zm00001eb073310	ZmOFP7	OVATE
Zm00001d002594	ZmOFP7	OVATE
GRMZM2G053985	ZmOFP8	OVATE
Zm00001d003521	ZmOFP8	OVATE
Zm00001eb081540	ZmOFP8	OVATE
Zm00001d003762	ZmOFP9	OVATE
GRMZM2G055257	ZmOFP9	OVATE
Zm00001eb083640	ZmOFP9	OVATE
Zm00001eb092280	ZmOFP10	OVATE
Zm00001d004881	ZmOFP10	OVATE
GRMZM2G032478	ZmOFP10	OVATE
GRMZM2G130131	ZmOFP11	OVATE
Zm00001eb092300	ZmOFP11	OVATE
Zm00001d004882	ZmOFP11	OVATE
GRMZM2G359116	ZmOFP12	OVATE
Zm00001d007168	ZmOFP12	OVATE
Zm00001eb111540	ZmOFP12	OVATE
GRMZM2G169973	ZmOFP13	OVATE
Zm00001eb119420	ZmOFP13	OVATE
Zm00001d039313	ZmOFP13	OVATE
GRMZM2G434098	ZmOFP14	OVATE
Zm00001eb146950	ZmOFP14	OVATE
Zm00001d042752	ZmOFP14	OVATE
Zm00001eb146940	ZmOFP14	OVATE
GRMZM2G133311	ZmOFP15	OVATE
Zm00001d042753	ZmOFP15	OVATE
Zm00001eb146960	ZmOFP15	OVATE
GRMZM2G330159	ZmOFP16	OVATE
Zm00001eb149450	ZmOFP16	OVATE
Zm00001d043046	ZmOFP16	OVATE
Zm00001d043470	ZmOFP17	OVATE
Zm00001eb153300	ZmOFP17	OVATE
GRMZM2G127431	ZmOFP17	OVATE
GRMZM2G023285	ZmOFP18	OVATE
Zm00001d043535	ZmOFP18	OVATE
Zm00001eb154090	ZmOFP18	OVATE
AC198725.4_FG004	ZmOFP19	OVATE
Zm00001eb159380	ZmOFP19	OVATE
Zm00001d044167	ZmOFP19	OVATE
Zm00001d044357	ZmOFP20	OVATE
Zm00001eb161010	ZmOFP20	OVATE
GRMZM2G150823	ZmOFP20	OVATE
Zm00001eb197490	ZmOFP21	OVATE
Zm00001d052605	ZmOFP21	OVATE
Zm00001eb197480	ZmOFP21	OVATE
GRMZM2G013302	ZmOFP21	OVATE
Zm00001d052606	ZmOFP22	OVATE
GRMZM2G013271	ZmOFP22	OVATE
Zm00001eb197500	ZmOFP22	OVATE
GRMZM2G041761	ZmOFP23	OVATE
Zm00001d017606	ZmOFP23	OVATE
Zm00001eb250650	ZmOFP23	OVATE
Zm00001eb259910	ZmOFP24	OVATE
Zm00001d034973	ZmOFP24	OVATE
GRMZM2G436659	ZmOFP24	OVATE
GRMZM2G100133	ZmOFP25	OVATE
Zm00001eb284730	ZmOFP25	OVATE
Zm00001d037814	ZmOFP25	OVATE
GRMZM2G122709	ZmOFP26	OVATE
Zm00001eb288860	ZmOFP26	OVATE
Zm00001d038283	ZmOFP26	OVATE
Zm00001eb288870	ZmOFP27	OVATE
Zm00001d038285	ZmOFP27	OVATE
GRMZM2G430871	ZmOFP27	OVATE
Zm00001d038284	ZmOFP27	OVATE
Zm00001eb290570	ZmOFP28	OVATE
Zm00001d038473	ZmOFP28	OVATE
GRMZM2G026927	ZmOFP28	OVATE
Zm00001d038714	ZmOFP29	OVATE
GRMZM2G127680	ZmOFP29	OVATE
Zm00001eb292970	ZmOFP29	OVATE
Zm00001eb310670	ZmOFP30	OVATE
GRMZM2G037043	ZmOFP30	OVATE
Zm00001d020198	ZmOFP30	OVATE
Zm00001eb330640	ZmOFP31	OVATE
Zm00001d022446	ZmOFP31	OVATE
GRMZM5G845472	ZmOFP31	OVATE
GRMZM2G001721	ZmOFP32	OVATE
Zm00001eb337190	ZmOFP32	OVATE
Zm00001d008785	ZmOFP32	OVATE
GRMZM2G067376	ZmOFP33	OVATE
GRMZM2G028982	ZmOFP34	OVATE
Zm00001d011410	ZmOFP34	OVATE
Zm00001eb366770	ZmOFP35	OVATE
GRMZM2G085035	ZmOFP35	OVATE
Zm00001d012282	ZmOFP35	OVATE
Zm00001d012498	ZmOFP36	OVATE
AC204502.4_FG006	ZmOFP36	OVATE
Zm00001eb368780	ZmOFP36	OVATE
GRMZM2G137869	ZmOFP37	OVATE
Zm00001eb393580	ZmOFP37	OVATE
Zm00001eb393570	ZmOFP37	OVATE
Zm00001d047346	ZmOFP37	OVATE
GRMZM2G057753	ZmOFP38	OVATE
Zm00001d023455	ZmOFP38	OVATE
AC187891.3_FG006	ZmOFP39	OVATE
Zm00001eb407050	ZmOFP39	OVATE
Zm00001d023456	ZmOFP39	OVATE
Zm00001d025534	ZmOFP40	OVATE
GRMZM2G432846	ZmOFP40	OVATE
Zm00001eb423480	ZmOFP40	OVATE
Zm00001d026061	ZmOFP41	OVATE
Zm00001eb428510	ZmOFP41	OVATE
GRMZM2G040673	ZmOFP41	OVATE
Zm00001d026661	ZmOFP42	OVATE
Zm00001eb434130	ZmOFP42	OVATE
GRMZM2G106836	ZmOFP42	OVATE
Zm00001eb434150	ZmOFP43	OVATE
GRMZM2G106781	ZmOFP43	OVATE
Zm00001d026663	ZmOFP43	OVATE
Zm00001d009993	ZmOFP44	OVATE
Zm00001eb347230	ZmOFP44	OVATE
GRMZM5G847362	ZmOFP45	OVATE
Zm00001eb378010	ZmOFP45	OVATE
Zm00001d002369	ZmOrphan1	Orphans
GRMZM2G111232	ZmOrphan1	Orphans
Zm00001eb071240	ZmOrphan1	Orphans
Zm00001d016474	ZmOrphan2	Orphans
GRMZM2G102560	ZmOrphan2	Orphans
Zm00001eb240940	ZmOrphan2	Orphans
Zm00001eb321820	ZmOrphan3	Orphans
Zm00001d021528	ZmOrphan3	Orphans
GRMZM2G134716	ZmOrphan3	Orphans
Zm00001eb198960	ZmOrphan4	Orphans
Zm00001d052781	ZmOrphan4	Orphans
GRMZM2G488465	ZmOrphan4	Orphans
GRMZM5G852338	ZmOrphan7	Orphans
GRMZM2G409343	ZmOrphan7	Orphans
Zm00001d011197	ZmOrphan7	Orphans
Zm00001eb357010	ZmOrphan7	Orphans
Zm00001d035263	ZmOrphan8	Orphans
Zm00001eb264360	ZmOrphan8	Orphans
GRMZM2G000603	ZmOrphan8	Orphans
GRMZM2G170766	ZmOrphan9	Orphans
Zm00001eb350030	ZmOrphan9	Orphans
Zm00001d010366	ZmOrphan9	Orphans
Zm00001eb221190	ZmOrphan10	Orphans
Zm00001d013967	ZmOrphan10	Orphans
GRMZM2G139583	ZmOrphan10	Orphans
GRMZM2G166297	ZmOrphan11	Orphans
Zm00001eb367840	ZmOrphan11	Orphans
Zm00001d012401	ZmOrphan11	Orphans
GRMZM2G119359	ZmOrphan12	Orphans
Zm00001eb378820	ZmOrphan12	Orphans
Zm00001d045533	ZmOrphan12	Orphans
Zm00001d011062	ZmOrphan13	Orphans
Zm00001eb355760	ZmOrphan13	Orphans
GRMZM2G141859	ZmOrphan13	Orphans
Zm00001eb003000	ZmOrphan14	Orphans
Zm00001d027570	ZmOrphan14	Orphans
AC155624.2_FG006	ZmOrphan14	Orphans
Zm00001d043691	ZmOrphan15	Orphans
Zm00001eb155230	ZmOrphan15	Orphans
GRMZM2G008764	ZmOrphan15	Orphans
Zm00001eb300680	ZmOrphan16	Orphans
Zm00001d018859	ZmOrphan16	Orphans
GRMZM2G018508	ZmOrphan16	Orphans
Zm00001eb275790	ZmOrphan17	Orphans
GRMZM2G401821	ZmOrphan17	Orphans
Zm00001d036803	ZmOrphan17	Orphans
GRMZM2G091061	ZmOrphan19	Orphans
Zm00001d018481	ZmOrphan20	Orphans
GRMZM2G332687	ZmOrphan20	Orphans
GRMZM2G034362	ZmOrphan20	Orphans
Zm00001eb258890	ZmOrphan20	Orphans
Zm00001eb067350	ZmOrphan21	Orphans
Zm00001d001953	ZmOrphan21	Orphans
GRMZM2G348909	ZmOrphan21	Orphans
Zm00001d028615	ZmOrphan22	Orphans
Zm00001eb012350	ZmOrphan22	Orphans
GRMZM2G112925	ZmOrphan22	Orphans
Zm00001d013182	ZmOrphan23	Orphans
Zm00001d013183	ZmOrphan23	Orphans
Zm00001eb213970	ZmOrphan23	Orphans
GRMZM2G336888	ZmOrphan23	Orphans
GRMZM2G033267	ZmOrphan23	Orphans
GRMZM2G474258	ZmOrphan24	Orphans
Zm00001d027598	ZmOrphan24	Orphans
Zm00001eb003210	ZmOrphan24	Orphans
Zm00001eb232360	ZmOrphan25	Orphans
Zm00001d015279	ZmOrphan25	Orphans
GRMZM5G829894	ZmOrphan25	Orphans
Zm00001d035134	ZmOrphan26	Orphans
Zm00001eb261240	ZmOrphan26	Orphans
GRMZM2G134066	ZmOrphan26	Orphans
Zm00001d048131	ZmOrphan27	Orphans
GRMZM2G130943	ZmOrphan27	Orphans
Zm00001eb400570	ZmOrphan27	Orphans
Zm00001d053880	ZmOrphan28	Orphans
Zm00001eb208040	ZmOrphan28	Orphans
GRMZM2G155370	ZmOrphan28	Orphans
GRMZM2G104076	ZmOrphan29	Orphans
GRMZM2G381691	ZmOrphan30	Orphans
Zm00001eb418700	ZmOrphan30	Orphans
Zm00001d024909	ZmOrphan30	Orphans
GRMZM2G118884	ZmOrphan31	Orphans
Zm00001eb227830	ZmOrphan31	Orphans
Zm00001d014765	ZmOrphan31	Orphans
Zm00001d047412	ZmOrphan32	Orphans
GRMZM2G072573	ZmOrphan32	Orphans
Zm00001eb394120	ZmOrphan32	Orphans
GRMZM2G406674	ZmOrphan33	Orphans
Zm00001d038838	ZmOrphan33	Orphans
Zm00001eb294110	ZmOrphan33	Orphans
Zm00001eb355120	ZmOrphan34	Orphans
Zm00001d010975	ZmOrphan34	Orphans
GRMZM2G012584	ZmOrphan34	Orphans
Zm00001eb131110	ZmOrphan35	Orphans
Zm00001d040728	ZmOrphan35	Orphans
GRMZM2G165788	ZmOrphan35	Orphans
Zm00001d019944	ZmOrphan36	Orphans
GRMZM2G020156	ZmOrphan36	Orphans
Zm00001eb308690	ZmOrphan36	Orphans
Zm00001d033280	ZmOrphan37	Orphans
GRMZM2G039187	ZmOrphan37	Orphans
Zm00001eb050910	ZmOrphan37	Orphans
Zm00001d039639	ZmOrphan38	Orphans
GRMZM2G413113	ZmOrphan38	Orphans
Zm00001eb122570	ZmOrphan38	Orphans
Zm00001d009747	ZmOrphan39	Orphans
GRMZM2G383807	ZmOrphan39	Orphans
Zm00001eb345270	ZmOrphan39	Orphans
Zm00001d009620	ZmOrphan40	Orphans
Zm00001eb344180	ZmOrphan40	Orphans
Zm00001eb344170	ZmOrphan40	Orphans
GRMZM2G063841	ZmOrphan40	Orphans
Zm00001eb430620	ZmOrphan41	Orphans
Zm00001d026269	ZmOrphan41	Orphans
GRMZM2G155991	ZmOrphan41	Orphans
AC208201.3_FG002	ZmOrphan42	Orphans
Zm00001d028752	ZmOrphan42	Orphans
Zm00001eb013450	ZmOrphan42	Orphans
GRMZM2G134671	ZmOrphan43	Orphans
Zm00001eb016800	ZmOrphan43	Orphans
Zm00001d029149	ZmOrphan43	Orphans
Zm00001eb393810	ZmOrphan44	Orphans
Zm00001d000391	ZmOrphan44	Orphans
GRMZM2G009163	ZmOrphan44	Orphans
Zm00001d004102	ZmOrphan46	Orphans
Zm00001eb086410	ZmOrphan46	Orphans
GRMZM2G013612	ZmOrphan46	Orphans
Zm00001eb017140	ZmOrphan49	Orphans
GRMZM2G102497	ZmOrphan49	Orphans
Zm00001d029197	ZmOrphan49	Orphans
GRMZM2G368448	ZmOrphan50	Orphans
Zm00001eb292350	ZmOrphan50	Orphans
Zm00001d038655	ZmOrphan50	Orphans
Zm00001eb046390	ZmOrphan51	Orphans
Zm00001d032768	ZmOrphan51	Orphans
GRMZM2G133555	ZmOrphan51	Orphans
Zm00001d021976	ZmOrphan52	Orphans
GRMZM2G180490	ZmOrphan52	Orphans
Zm00001eb326040	ZmOrphan52	Orphans
Zm00001eb148890	ZmOrphan53	Orphans
GRMZM2G155954	ZmOrphan53	Orphans
Zm00001d042973	ZmOrphan53	Orphans
Zm00001eb428680	ZmOrphan54	Orphans
Zm00001d026084	ZmOrphan54	Orphans
GRMZM5G845601	ZmOrphan54	Orphans
Zm00001eb426600	ZmOrphan55	Orphans
Zm00001d025855	ZmOrphan55	Orphans
GRMZM2G051866	ZmOrphan55	Orphans
Zm00001d044301	ZmOrphan56	Orphans
Zm00001eb160470	ZmOrphan56	Orphans
GRMZM2G134628	ZmOrphan56	Orphans
GRMZM2G180471	ZmOrphan57	Orphans
Zm00001d026364	ZmOrphan57	Orphans
Zm00001eb431460	ZmOrphan57	Orphans
Zm00001d026363	ZmOrphan57	Orphans
GRMZM5G889152	ZmOrphan58	Orphans
Zm00001eb268260	ZmOrphan58	Orphans
Zm00001d035846	ZmOrphan58	Orphans
GRMZM2G471529	ZmOrphan59	Orphans
Zm00001d042312	ZmOrphan59	Orphans
Zm00001eb143050	ZmOrphan59	Orphans
Zm00001eb184600	ZmOrphan60	Orphans
GRMZM2G004908	ZmOrphan60	Orphans
Zm00001d051075	ZmOrphan60	Orphans
GRMZM2G041842	ZmOrphan60	Orphans
GRMZM2G125943	ZmOrphan61	Orphans
Zm00001d051812	ZmOrphan61	Orphans
Zm00001eb190410	ZmOrphan61	Orphans
GRMZM2G047376	ZmOrphan62	Orphans
Zm00001eb388790	ZmOrphan62	Orphans
Zm00001d046831	ZmOrphan62	Orphans
Zm00001d032836	ZmOrphan64	Orphans
Zm00001eb047010	ZmOrphan64	Orphans
GRMZM2G001606	ZmOrphan64	Orphans
GRMZM2G065394	ZmOrphan66	Orphans
Zm00001d046778	ZmOrphan66	Orphans
Zm00001eb388430	ZmOrphan66	Orphans
GRMZM2G479665	ZmOrphan67	Orphans
Zm00001d002542	ZmOrphan67	Orphans
Zm00001eb072840	ZmOrphan67	Orphans
GRMZM2G100229	ZmOrphan68	Orphans
Zm00001eb162530	ZmOrphan69	Orphans
GRMZM2G372297	ZmOrphan69	Orphans
Zm00001d044525	ZmOrphan69	Orphans
Zm00001d037949	ZmOrphan70	Orphans
Zm00001eb285830	ZmOrphan70	Orphans
GRMZM2G069713	ZmOrphan70	Orphans
Zm00001eb425880	ZmOrphan71	Orphans
Zm00001d025780	ZmOrphan71	Orphans
GRMZM2G109496	ZmOrphan71	Orphans
Zm00001d038395	ZmOrphan72	Orphans
GRMZM2G066448	ZmOrphan72	Orphans
Zm00001eb289840	ZmOrphan72	Orphans
Zm00001d041983	ZmOrphan73	Orphans
Zm00001eb139990	ZmOrphan73	Orphans
GRMZM2G397948	ZmOrphan73	Orphans
Zm00001d029772	ZmOrphan74	Orphans
Zm00001eb022330	ZmOrphan74	Orphans
GRMZM2G057768	ZmOrphan74	Orphans
GRMZM2G371176	ZmOrphan75	Orphans
Zm00001d039510	ZmOrphan75	Orphans
Zm00001eb121390	ZmOrphan75	Orphans
GRMZM2G034253	ZmOrphan76	Orphans
Zm00001eb212110	ZmOrphan76	Orphans
GRMZM2G032071	ZmOrphan77	Orphans
Zm00001eb323940	ZmOrphan77	Orphans
Zm00001d021754	ZmOrphan77	Orphans
Zm00001d029419	ZmOrphan78	Orphans
GRMZM2G077960	ZmOrphan78	Orphans
Zm00001eb019240	ZmOrphan78	Orphans
Zm00001eb389570	ZmOrphan79	Orphans
Zm00001d046928	ZmOrphan79	Orphans
GRMZM2G025579	ZmOrphan79	Orphans
Zm00001d033240	ZmOrphan80	Orphans
Zm00001eb050610	ZmOrphan80	Orphans
GRMZM5G812926	ZmOrphan80	Orphans
Zm00001d006486	ZmOrphan81	Orphans
GRMZM2G311187	ZmOrphan81	Orphans
Zm00001eb105950	ZmOrphan81	Orphans
Zm00001eb160490	ZmOrphan82	Orphans
Zm00001d044303	ZmOrphan82	Orphans
AC155377.1_FG001	ZmOrphan82	Orphans
GRMZM2G006429	ZmOrphan83	Orphans
Zm00001d047679	ZmOrphan83	Orphans
Zm00001eb396460	ZmOrphan83	Orphans
Zm00001d025050	ZmOrphan84	Orphans
GRMZM2G420801	ZmOrphan84	Orphans
Zm00001eb419810	ZmOrphan84	Orphans
GRMZM2G006416	ZmOrphan85	Orphans
Zm00001eb320490	ZmOrphan85	Orphans
Zm00001d021390	ZmOrphan85	Orphans
Zm00001d013112	ZmOrphan86	Orphans
GRMZM2G028813	ZmOrphan86	Orphans
Zm00001eb213320	ZmOrphan86	Orphans
Zm00001eb082130	ZmOrphan88	Orphans
Zm00001d003598	ZmOrphan88	Orphans
GRMZM2G179827	ZmOrphan88	Orphans
Zm00001d047385	ZmOrphan89	Orphans
Zm00001eb393920	ZmOrphan89	Orphans
GRMZM2G108309	ZmOrphan89	Orphans
GRMZM2G020081	ZmOrphan90	Orphans
Zm00001d051114	ZmOrphan90	Orphans
Zm00001eb184870	ZmOrphan90	Orphans
Zm00001d034655	ZmOrphan91	Orphans
Zm00001eb062680	ZmOrphan91	Orphans
GRMZM2G093776	ZmOrphan91	Orphans
GRMZM2G023346	ZmOrphan92	Orphans
Zm00001d021949	ZmOrphan92	Orphans
Zm00001eb325790	ZmOrphan92	Orphans
GRMZM2G154149	ZmOrphan93	Orphans
Zm00001eb400640	ZmOrphan93	Orphans
Zm00001d048138	ZmOrphan93	Orphans
Zm00001d039222	ZmOrphan94	Orphans
Zm00001eb297870	ZmOrphan94	Orphans
GRMZM2G127426	ZmOrphan94	Orphans
GRMZM2G106108	ZmOrphan95	Orphans
Zm00001eb081920	ZmOrphan95	Orphans
Zm00001d003571	ZmOrphan95	Orphans
Zm00001eb030930	ZmOrphan96	Orphans
GRMZM2G039094	ZmOrphan96	Orphans
Zm00001d030958	ZmOrphan96	Orphans
Zm00001d048990	ZmOrphan97	Orphans
Zm00001eb168030	ZmOrphan97	Orphans
GRMZM2G407623	ZmOrphan97	Orphans
Zm00001eb168020	ZmOrphan97	Orphans
Zm00001d040370	ZmOrphan98	Orphans
GRMZM2G119828	ZmOrphan98	Orphans
GRMZM2G554475	ZmOrphan98	Orphans
Zm00001eb128400	ZmOrphan98	Orphans
Zm00001eb128390	ZmOrphan98	Orphans
Zm00001d040369	ZmOrphan98	Orphans
Zm00001eb128380	ZmOrphan98	Orphans
Zm00001d021582	ZmOrphan99	Orphans
GRMZM2G010298	ZmOrphan99	Orphans
Zm00001eb322340	ZmOrphan99	Orphans
Zm00001eb371170	ZmOrphan100	Orphans
Zm00001d012767	ZmOrphan100	Orphans
AC203173.3_FG001	ZmOrphan100	Orphans
Zm00001eb168010	ZmOrphan101	Orphans
Zm00001d048989	ZmOrphan101	Orphans
GRMZM2G407605	ZmOrphan101	Orphans
Zm00001d011195	ZmOrphan102	Orphans
Zm00001eb357000	ZmOrphan102	Orphans
GRMZM2G136765	ZmOrphan102	Orphans
GRMZM2G303501	ZmOrphan103	Orphans
GRMZM2G423456	ZmOrphan104	Orphans
Zm00001d012005	ZmOrphan104	Orphans
Zm00001eb364280	ZmOrphan104	Orphans
Zm00001d032837	ZmOrphan105	Orphans
Zm00001eb047020	ZmOrphan105	Orphans
GRMZM2G001592	ZmOrphan105	Orphans
Zm00001eb091500	ZmOrphan107	Orphans
Zm00001d004772	ZmOrphan107	Orphans
GRMZM2G003755	ZmOrphan107	Orphans
Zm00001d018235	ZmOrphan108	Orphans
Zm00001eb256500	ZmOrphan108	Orphans
GRMZM2G134552	ZmOrphan108	Orphans
Zm00001eb047030	ZmOrphan109	Orphans
GRMZM2G001577	ZmOrphan109	Orphans
Zm00001d032838	ZmOrphan109	Orphans
Zm00001eb135680	ZmOrphan111	Orphans
Zm00001eb135690	ZmOrphan111	Orphans
GRMZM2G342821	ZmOrphan111	Orphans
Zm00001d041437	ZmOrphan111	Orphans
Zm00001d005071	ZmOrphan112	Orphans
Zm00001eb094040	ZmOrphan112	Orphans
GRMZM2G153675	ZmOrphan112	Orphans
GRMZM2G319215	ZmOrphan113	Orphans
GRMZM2G460594	ZmOrphan114	Orphans
Zm00001eb056810	ZmOrphan114	Orphans
Zm00001d033968	ZmOrphan114	Orphans
Zm00001d032637	ZmOrphan115	Orphans
Zm00001eb045250	ZmOrphan115	Orphans
GRMZM2G113202	ZmOrphan115	Orphans
Zm00001d051874	ZmOrphan116	Orphans
GRMZM2G544441	ZmOrphan116	Orphans
Zm00001d017147	ZmOrphan117	Orphans
GRMZM2G095299	ZmOrphan117	Orphans
Zm00001eb246600	ZmOrphan117	Orphans
Zm00001eb290040	ZmOrphan118	Orphans
Zm00001d030229	ZmOrphan118	Orphans
Zm00001eb025830	ZmOrphan118	Orphans
Zm00001d038419	ZmOrphan118	Orphans
GRMZM2G097454	ZmOrphan118	Orphans
GRMZM2G377663	ZmOrphan118	Orphans
Zm00001d019555	ZmOrphan120	Orphans
Zm00001eb306330	ZmOrphan120	Orphans
GRMZM2G148056	ZmOrphan120	Orphans
GRMZM2G010855	ZmOrphan122	Orphans
Zm00001d050200	ZmOrphan123	Orphans
GRMZM2G016145	ZmOrphan123	Orphans
Zm00001eb178220	ZmOrphan123	Orphans
Zm00001eb394770	ZmOrphan124	Orphans
Zm00001d047483	ZmOrphan124	Orphans
GRMZM2G084397	ZmOrphan124	Orphans
Zm00001d020129	ZmOrphan125	Orphans
Zm00001eb310180	ZmOrphan125	Orphans
GRMZM2G100107	ZmOrphan125	Orphans
Zm00001d044406	ZmOrphan126	Orphans
GRMZM2G365688	ZmOrphan126	Orphans
Zm00001eb161430	ZmOrphan126	Orphans
Zm00001eb161440	ZmOrphan126	Orphans
GRMZM2G342197	ZmOrphan127	Orphans
Zm00001eb112250	ZmOrphan127	Orphans
Zm00001d007264	ZmOrphan127	Orphans
GRMZM2G068504	ZmOrphan128	Orphans
GRMZM2G056572	ZmOrphan130	Orphans
Zm00001eb067610	ZmOrphan130	Orphans
Zm00001d001988	ZmOrphan130	Orphans
Zm00001eb093890	ZmOrphan131	Orphans
GRMZM2G353024	ZmOrphan131	Orphans
Zm00001d005051	ZmOrphan131	Orphans
Zm00001eb393910	ZmOrphan132	Orphans
Zm00001d047384	ZmOrphan132	Orphans
GRMZM2G108272	ZmOrphan132	Orphans
Zm00001d017412	ZmOrphan134	Orphans
Zm00001eb248800	ZmOrphan134	Orphans
GRMZM2G110541	ZmOrphan134	Orphans
Zm00001d006212	ZmOrphan135	Orphans
Zm00001eb103490	ZmOrphan135	Orphans
GRMZM2G367834	ZmOrphan135	Orphans
GRMZM2G166035	ZmOrphan136	Orphans
Zm00001eb208010	ZmOrphan136	Orphans
Zm00001d000302	ZmOrphan136	Orphans
Zm00001eb323560	ZmOrphan137	Orphans
GRMZM2G444075	ZmOrphan137	Orphans
Zm00001eb323550	ZmOrphan137	Orphans
Zm00001d021714	ZmOrphan137	Orphans
GRMZM2G110531	ZmOrphan138	Orphans
Zm00001eb047910	ZmOrphan138	Orphans
Zm00001d032942	ZmOrphan138	Orphans
Zm00001d032943	ZmOrphan138	Orphans
AC234160.1_FG001	ZmOrphan139	Orphans
GRMZM2G001243	ZmOrphan140	Orphans
GRMZM2G437575	ZmOrphan140	Orphans
Zm00001d011131	ZmOrphan140	Orphans
Zm00001d011132	ZmOrphan140	Orphans
Zm00001eb356420	ZmOrphan140	Orphans
GRMZM2G095892	ZmOrphan141	Orphans
Zm00001eb073660	ZmOrphan141	Orphans
Zm00001d002630	ZmOrphan141	Orphans
Zm00001eb344220	ZmOrphan142	Orphans
Zm00001d009626	ZmOrphan142	Orphans
GRMZM5G818101	ZmOrphan142	Orphans
Zm00001eb344210	ZmOrphan142	Orphans
GRMZM2G075631	ZmOrphan143	Orphans
Zm00001d030848	ZmOrphan143	Orphans
Zm00001eb030080	ZmOrphan143	Orphans
GRMZM2G125162	ZmOrphan144	Orphans
Zm00001d049777	ZmOrphan144	Orphans
Zm00001eb174830	ZmOrphan144	Orphans
Zm00001d016370	ZmOrphan147	Orphans
Zm00001d016371	ZmOrphan147	Orphans
GRMZM2G073630	ZmOrphan147	Orphans
Zm00001eb240140	ZmOrphan147	Orphans
GRMZM2G373887	ZmOrphan147	Orphans
Zm00001d000124	ZmOrphan148	Orphans
GRMZM2G016749	ZmOrphan148	Orphans
Zm00001eb084510	ZmOrphan148	Orphans
GRMZM2G116475	ZmOrphan149	Orphans
Zm00001d036418	ZmOrphan149	Orphans
Zm00001eb272430	ZmOrphan149	Orphans
Zm00001d026535	ZmOrphan150	Orphans
GRMZM2G155111	ZmOrphan150	Orphans
Zm00001eb432990	ZmOrphan150	Orphans
GRMZM2G319187	ZmOrphan151	Orphans
Zm00001eb362820	ZmOrphan151	Orphans
Zm00001d011849	ZmOrphan151	Orphans
Zm00001eb081430	ZmOrphan152	Orphans
GRMZM2G015610	ZmOrphan152	Orphans
Zm00001d003509	ZmOrphan152	Orphans
Zm00001eb120740	ZmOrphan153	Orphans
Zm00001d039437	ZmOrphan153	Orphans
GRMZM5G834596	ZmOrphan153	Orphans
GRMZM2G300125	ZmOrphan154	Orphans
Zm00001d011495	ZmOrphan154	Orphans
Zm00001eb359460	ZmOrphan154	Orphans
GRMZM2G145300	ZmOrphan155	Orphans
Zm00001d041395	ZmOrphan155	Orphans
Zm00001eb135380	ZmOrphan155	Orphans
Zm00001eb055280	ZmOrphan157	Orphans
GRMZM2G155767	ZmOrphan157	Orphans
Zm00001d033786	ZmOrphan157	Orphans
Zm00001eb003020	ZmOrphan158	Orphans
Zm00001d027572	ZmOrphan158	Orphans
GRMZM5G891266	ZmOrphan158	Orphans
GRMZM2G040115	ZmOrphan159	Orphans
Zm00001eb066500	ZmOrphan159	Orphans
Zm00001d001858	ZmOrphan159	Orphans
Zm00001eb066490	ZmOrphan159	Orphans
Zm00001d013555	ZmOrphan160	Orphans
Zm00001eb217440	ZmOrphan160	Orphans
GRMZM2G033612	ZmOrphan160	Orphans
Zm00001d035492	ZmOrphan161	Orphans
GRMZM5G826979	ZmOrphan161	Orphans
Zm00001eb265430	ZmOrphan161	Orphans
Zm00001d044598	ZmOrphan163	Orphans
GRMZM2G001447	ZmOrphan163	Orphans
Zm00001eb163110	ZmOrphan163	Orphans
AC200038.4_FG011	ZmOrphan164	Orphans
GRMZM2G703514	ZmOrphan164	Orphans
Zm00001d028066	ZmOrphan164	Orphans
Zm00001eb007330	ZmOrphan164	Orphans
Zm00001eb007340	ZmOrphan164	Orphans
Zm00001eb007350	ZmOrphan164	Orphans
GRMZM2G319104	ZmOrphan165	Orphans
Zm00001eb267730	ZmOrphan165	Orphans
Zm00001d035776	ZmOrphan165	Orphans
Zm00001d017307	ZmOrphan166	Orphans
Zm00001eb247920	ZmOrphan166	Orphans
GRMZM2G098474	ZmOrphan166	Orphans
Zm00001d050959	ZmOrphan167	Orphans
Zm00001eb183690	ZmOrphan167	Orphans
GRMZM2G127924	ZmOrphan167	Orphans
Zm00001d020053	ZmOrphan168	Orphans
Zm00001eb309620	ZmOrphan168	Orphans
GRMZM2G126832	ZmOrphan168	Orphans
Zm00001eb297300	ZmOrphan169	Orphans
GRMZM2G102255	ZmOrphan169	Orphans
Zm00001d039163	ZmOrphan169	Orphans
Zm00001eb421700	ZmOrphan170	Orphans
Zm00001d025322	ZmOrphan170	Orphans
GRMZM2G443509	ZmOrphan170	Orphans
Zm00001d025323	ZmOrphan170	Orphans
Zm00001eb222170	ZmOrphan172	Orphans
GRMZM2G123550	ZmOrphan172	Orphans
Zm00001d014074	ZmOrphan172	Orphans
GRMZM2G006554	ZmOrphan173	Orphans
Zm00001d009364	ZmOrphan173	Orphans
GRMZM2G469012	ZmOrphan173	Orphans
GRMZM2G074824	ZmOrphan173	Orphans
Zm00001eb342010	ZmOrphan173	Orphans
GRMZM2G442404	ZmOrphan174	Orphans
Zm00001eb238250	ZmOrphan174	Orphans
Zm00001d016106	ZmOrphan174	Orphans
Zm00001eb427600	ZmOrphan175	Orphans
GRMZM2G098442	ZmOrphan175	Orphans
Zm00001d025957	ZmOrphan175	Orphans
GRMZM2G126802	ZmOrphan176	Orphans
Zm00001d048352	ZmOrphan176	Orphans
Zm00001d034109	ZmOrphan177	Orphans
Zm00001eb058130	ZmOrphan177	Orphans
GRMZM2G050512	ZmOrphan177	Orphans
Zm00001d040883	ZmOrphan178	Orphans
GRMZM2G173734	ZmOrphan178	Orphans
Zm00001eb132080	ZmOrphan178	Orphans
Zm00001eb184110	ZmOrphan179	Orphans
GRMZM2G019335	ZmOrphan179	Orphans
Zm00001d051018	ZmOrphan179	Orphans
Zm00001d021291	ZmOrphan180	Orphans
Zm00001eb319590	ZmOrphan180	Orphans
GRMZM2G179024	ZmOrphan180	Orphans
Zm00001d006614	ZmOrphan181	Orphans
Zm00001eb107130	ZmOrphan181	Orphans
Zm00001d006615	ZmOrphan181	Orphans
Zm00001eb107120	ZmOrphan181	Orphans
GRMZM2G021610	ZmOrphan181	Orphans
Zm00001eb205280	ZmOrphan182	Orphans
GRMZM2G318689	ZmOrphan182	Orphans
Zm00001d053594	ZmOrphan182	Orphans
GRMZM2G058690	ZmOrphan183	Orphans
Zm00001eb353550	ZmOrphan183	Orphans
Zm00001d010795	ZmOrphan183	Orphans
Zm00001eb173520	ZmOrphan184	Orphans
GRMZM2G008482	ZmOrphan184	Orphans
Zm00001d049651	ZmOrphan184	Orphans
Zm00001eb173530	ZmOrphan184	Orphans
Zm00001d034151	ZmOrphan185	Orphans
Zm00001eb058400	ZmOrphan185	Orphans
GRMZM2G306024	ZmOrphan185	Orphans
Zm00001eb066570	ZmOrphan186	Orphans
Zm00001d001865	ZmOrphan186	Orphans
GRMZM2G040736	ZmOrphan186	Orphans
Zm00001eb181140	ZmOrphan187	Orphans
GRMZM2G120246	ZmOrphan187	Orphans
Zm00001d050614	ZmOrphan187	Orphans
Zm00001d012441	ZmOrphan188	Orphans
GRMZM5G868285	ZmOrphan188	Orphans
Zm00001eb368200	ZmOrphan188	Orphans
Zm00001d047239	ZmOrphan189	Orphans
GRMZM2G150213	ZmOrphan189	Orphans
Zm00001eb392700	ZmOrphan189	Orphans
Zm00001eb261890	ZmOrphan190	Orphans
GRMZM2G301803	ZmOrphan190	Orphans
Zm00001d035208	ZmOrphan190	Orphans
Zm00001eb319460	ZmOrphan191	Orphans
GRMZM2G143718	ZmOrphan191	Orphans
Zm00001d021278	ZmOrphan191	Orphans
Zm00001d020512	ZmOrphan192	Orphans
Zm00001eb313010	ZmOrphan192	Orphans
GRMZM2G416184	ZmOrphan192	Orphans
Zm00001d047732	ZmOrphan193	Orphans
Zm00001eb396970	ZmOrphan193	Orphans
GRMZM2G465287	ZmOrphan193	Orphans
Zm00001eb402800	ZmOrphan194	Orphans
Zm00001d048369	ZmOrphan194	Orphans
GRMZM2G057529	ZmOrphan194	Orphans
Zm00001eb402810	ZmOrphan194	Orphans
GRMZM2G074489	ZmOrphan195	Orphans
Zm00001d024325	ZmOrphan195	Orphans
Zm00001eb413940	ZmOrphan195	Orphans
Zm00001d044819	ZmOrphan197	Orphans
GRMZM2G435294	ZmOrphan197	Orphans
Zm00001eb372280	ZmOrphan197	Orphans
Zm00001d003195	ZmOrphan198	Orphans
Zm00001eb078770	ZmOrphan198	Orphans
GRMZM2G018876	ZmOrphan198	Orphans
Zm00001d037688	ZmOrphan199	Orphans
GRMZM5G828487	ZmOrphan199	Orphans
Zm00001eb283520	ZmOrphan199	Orphans
GRMZM5G831025	ZmOrphan199	Orphans
GRMZM2G551402	ZmOrphan200	Orphans
Zm00001d052943	ZmOrphan200	Orphans
GRMZM2G418232	ZmOrphan200	Orphans
Zm00001eb200320	ZmOrphan200	Orphans
AC212567.3_FG003	ZmOrphan200	Orphans
Zm00001d008429	ZmOrphan201	Orphans
GRMZM5G879825	ZmOrphan201	Orphans
GRMZM2G334457	ZmOrphan201	Orphans
Zm00001eb334400	ZmOrphan201	Orphans
Zm00001eb199570	ZmOrphan202	Orphans
Zm00001d052852	ZmOrphan202	Orphans
GRMZM2G071196	ZmOrphan202	Orphans
Zm00001d033662	ZmOrphan204	Orphans
Zm00001d033663	ZmOrphan204	Orphans
Zm00001eb054350	ZmOrphan204	Orphans
Zm00001eb054360	ZmOrphan204	Orphans
Zm00001eb054340	ZmOrphan204	Orphans
GRMZM2G453296	ZmOrphan204	Orphans
GRMZM2G434157	ZmOrphan205	Orphans
Zm00001eb106740	ZmOrphan206	Orphans
GRMZM2G415012	ZmOrphan206	Orphans
Zm00001d006580	ZmOrphan206	Orphans
GRMZM2G085974	ZmOrphan207	Orphans
Zm00001d032691	ZmOrphan207	Orphans
Zm00001eb045750	ZmOrphan207	Orphans
GRMZM2G095727	ZmOrphan208	Orphans
Zm00001eb397250	ZmOrphan208	Orphans
GRMZM2G095868	ZmOrphan208	Orphans
Zm00001eb397240	ZmOrphan208	Orphans
Zm00001d047761	ZmOrphan208	Orphans
Zm00001d047762	ZmOrphan208	Orphans
Zm00001d008563	ZmOrphan209	Orphans
GRMZM2G457624	ZmOrphan209	Orphans
GRMZM2G119623	ZmOrphan210	Orphans
Zm00001eb239920	ZmOrphan210	Orphans
Zm00001d016332	ZmOrphan210	Orphans
Zm00001d053259	ZmOrphan211	Orphans
Zm00001eb203040	ZmOrphan211	Orphans
GRMZM2G067910	ZmOrphan211	Orphans
GRMZM2G169825	ZmOrphan212	Orphans
Zm00001d033941	ZmOrphan212	Orphans
Zm00001eb056580	ZmOrphan212	Orphans
Zm00001eb042960	ZmOrphan213	Orphans
Zm00001d032381	ZmOrphan213	Orphans
GRMZM2G090264	ZmOrphan213	Orphans
Zm00001eb244550	ZmOrphan214	Orphans
GRMZM2G052699	ZmOrphan214	Orphans
Zm00001d016894	ZmOrphan214	Orphans
Zm00001eb099640	ZmOrphan215	Orphans
GRMZM2G083759	ZmOrphan215	Orphans
Zm00001d005769	ZmOrphan215	Orphans
GRMZM2G313754	ZmOrphan216	Orphans
Zm00001d003074	ZmOrphan216	Orphans
GRMZM2G005732	ZmOrphan217	Orphans
Zm00001eb331630	ZmOrphan217	Orphans
Zm00001d022590	ZmOrphan217	Orphans
Zm00001d004875	ZmOrphan218	Orphans
Zm00001eb092230	ZmOrphan218	Orphans
GRMZM2G135446	ZmOrphan218	Orphans
Zm00001d020726	ZmOrphan219	Orphans
Zm00001eb315010	ZmOrphan219	Orphans
GRMZM2G135444	ZmOrphan219	Orphans
Zm00001d012962	ZmOrphan220	Orphans
Zm00001eb211690	ZmOrphan220	Orphans
GRMZM2G144109	ZmOrphan220	Orphans
GRMZM2G089010	ZmOrphan221	Orphans
Zm00001d004372	ZmOrphan221	Orphans
Zm00001eb088180	ZmOrphan221	Orphans
GRMZM2G181276	ZmOrphan222	Orphans
Zm00001d048359	ZmOrphan223	Orphans
Zm00001eb402720	ZmOrphan223	Orphans
GRMZM2G010017	ZmOrphan223	Orphans
Zm00001d022565	ZmOrphan224	Orphans
Zm00001eb331410	ZmOrphan224	Orphans
GRMZM2G113016	ZmOrphan224	Orphans
Zm00001d013276	ZmOrphan225	Orphans
GRMZM2G460396	ZmOrphan225	Orphans
Zm00001eb214950	ZmOrphan225	Orphans
Zm00001d007207	ZmOrphan226	Orphans
GRMZM5G836628	ZmOrphan226	Orphans
Zm00001eb111860	ZmOrphan226	Orphans
Zm00001eb203580	ZmOrphan227	Orphans
Zm00001eb203570	ZmOrphan227	Orphans
GRMZM2G423111	ZmOrphan227	Orphans
Zm00001d053313	ZmOrphan227	Orphans
GRMZM2G423116	ZmOrphan227	Orphans
GRMZM2G053722	ZmOrphan227	Orphans
Zm00001eb203590	ZmOrphan227	Orphans
GRMZM2G302873	ZmOrphan228	Orphans
Zm00001d007527	ZmOrphan229	Orphans
Zm00001d007528	ZmOrphan229	Orphans
GRMZM2G053713	ZmOrphan229	Orphans
Zm00001eb114470	ZmOrphan229	Orphans
Zm00001eb114480	ZmOrphan229	Orphans
GRMZM2G450166	ZmOrphan229	Orphans
Zm00001d007530	ZmOrphan229	Orphans
Zm00001eb114460	ZmOrphan229	Orphans
Zm00001d007525	ZmOrphan229	Orphans
Zm00001eb114500	ZmOrphan229	Orphans
GRMZM2G318412	ZmOrphan229	Orphans
Zm00001d007529	ZmOrphan229	Orphans
Zm00001d007531	ZmOrphan229	Orphans
Zm00001eb114490	ZmOrphan229	Orphans
Zm00001eb047820	ZmOrphan230	Orphans
GRMZM2G070673	ZmOrphan230	Orphans
Zm00001d032932	ZmOrphan230	Orphans
GRMZM2G103247	ZmOrphan231	Orphans
Zm00001d047807	ZmOrphan231	Orphans
Zm00001eb397690	ZmOrphan231	Orphans
Zm00001eb397680	ZmOrphan231	Orphans
Zm00001eb028340	ZmOrphan232	Orphans
GRMZM2G463630	ZmOrphan232	Orphans
Zm00001d000139	ZmOrphan232	Orphans
Zm00001d036395	ZmOrphan233	Orphans
GRMZM2G151254	ZmOrphan233	Orphans
Zm00001eb272240	ZmOrphan233	Orphans
Zm00001eb244600	ZmOrphan234	Orphans
GRMZM2G105400	ZmOrphan234	Orphans
Zm00001d016898	ZmOrphan234	Orphans
Zm00001eb182130	ZmOrphan235	Orphans
Zm00001d050768	ZmOrphan235	Orphans
GRMZM2G096171	ZmOrphan235	Orphans
GRMZM5G852454	ZmOrphan236	Orphans
GRMZM2G058595	ZmOrphan237	Orphans
Zm00001eb405820	ZmOrphan237	Orphans
Zm00001d023314	ZmOrphan237	Orphans
GRMZM2G151223	ZmOrphan238	Orphans
Zm00001d017977	ZmOrphan238	Orphans
Zm00001eb253970	ZmOrphan238	Orphans
GRMZM2G040642	ZmOrphan239	Orphans
Zm00001eb358340	ZmOrphan239	Orphans
Zm00001d011364	ZmOrphan239	Orphans
Zm00001eb294360	ZmOrphan240	Orphans
GRMZM5G892879	ZmOrphan240	Orphans
Zm00001d038861	ZmOrphan240	Orphans
Zm00001d048437	ZmOrphan241	Orphans
Zm00001eb403360	ZmOrphan241	Orphans
GRMZM2G030882	ZmOrphan241	Orphans
GRMZM2G058573	ZmOrphan242	Orphans
Zm00001d025705	ZmOrphan242	Orphans
Zm00001eb425070	ZmOrphan242	Orphans
Zm00001d045323	ZmOrphan243	Orphans
Zm00001eb376740	ZmOrphan243	Orphans
GRMZM2G028594	ZmOrphan243	Orphans
GRMZM5G877388	ZmOrphan243	Orphans
Zm00001eb376730	ZmOrphan243	Orphans
Zm00001d033344	ZmOrphan244	Orphans
Zm00001eb051580	ZmOrphan244	Orphans
GRMZM2G172506	ZmOrphan244	Orphans
GRMZM2G130580	ZmOrphan245	Orphans
Zm00001d014110	ZmOrphan245	Orphans
Zm00001eb222450	ZmOrphan245	Orphans
GRMZM2G410797	ZmOrphan246	Orphans
Zm00001eb290440	ZmOrphan246	Orphans
Zm00001d023313	ZmOrphan247	Orphans
Zm00001eb405800	ZmOrphan247	Orphans
GRMZM2G058531	ZmOrphan247	Orphans
Zm00001eb224000	ZmOrphan248	Orphans
Zm00001d014297	ZmOrphan248	Orphans
GRMZM2G158252	ZmOrphan248	Orphans
Zm00001eb224010	ZmOrphan248	Orphans
Zm00001d038846	ZmOrphan249	Orphans
GRMZM2G177386	ZmOrphan249	Orphans
Zm00001eb294200	ZmOrphan249	Orphans
GRMZM2G412937	ZmOrphan250	Orphans
Zm00001d039192	ZmOrphan250	Orphans
Zm00001eb297570	ZmOrphan250	Orphans
Zm00001eb050290	ZmOrphan251	Orphans
Zm00001d033211	ZmOrphan251	Orphans
GRMZM2G038988	ZmOrphan251	Orphans
Zm00001d025548	ZmOrphan252	Orphans
GRMZM2G044382	ZmOrphan252	Orphans
Zm00001eb423600	ZmOrphan252	Orphans
Zm00001d023585	ZmOrphan253	Orphans
Zm00001eb408300	ZmOrphan253	Orphans
GRMZM5G807054	ZmOrphan253	Orphans
Zm00001d043271	ZmOrphan254	Orphans
Zm00001eb151470	ZmOrphan254	Orphans
GRMZM2G169782	ZmOrphan254	Orphans
GRMZM2G065692	ZmOrphan255	Orphans
Zm00001d004771	ZmOrphan255	Orphans
Zm00001eb091490	ZmOrphan255	Orphans
GRMZM2G174083	ZmOrphan256	Orphans
GRMZM2G148453	ZmOrphan257	Orphans
Zm00001d017241	ZmOrphan257	Orphans
Zm00001eb247330	ZmOrphan257	Orphans
Zm00001d004953	ZmOrphan258	Orphans
GRMZM2G045452	ZmOrphan258	Orphans
GRMZM2G392101	ZmOrphan259	Orphans
Zm00001d026594	ZmOrphan259	Orphans
Zm00001eb433500	ZmOrphan259	Orphans
GRMZM2G303655	ZmOrphan260	Orphans
GRMZM2G426486	ZmOrphan260	Orphans
Zm00001eb408670	ZmOrphan260	Orphans
Zm00001d023640	ZmOrphan260	Orphans
GRMZM2G044359	ZmOrphan261	Orphans
Zm00001d017079	ZmOrphan261	Orphans
Zm00001eb246000	ZmOrphan261	Orphans
GRMZM2G019819	ZmOrphan262	Orphans
Zm00001d004357	ZmOrphan262	Orphans
Zm00001eb088070	ZmOrphan262	Orphans
GRMZM2G156019	ZmOrphan263	Orphans
GRMZM2G091597	ZmOrphan263	Orphans
Zm00001d042066	ZmOrphan263	Orphans
Zm00001eb140730	ZmOrphan263	Orphans
GRMZM2G032496	ZmOrphan263	Orphans
Zm00001eb140720	ZmOrphan263	Orphans
GRMZM2G019812	ZmOrphan264	Orphans
Zm00001d036710	ZmOrphan264	Orphans
Zm00001eb274970	ZmOrphan264	Orphans
Zm00001eb252920	ZmOrphan265	Orphans
Zm00001d017861	ZmOrphan265	Orphans
GRMZM2G382345	ZmOrphan265	Orphans
GRMZM2G035688	ZmOrphan266	Orphans
Zm00001d002982	ZmOrphan266	Orphans
Zm00001eb076960	ZmOrphan266	Orphans
Zm00001eb036970	ZmOrphan268	Orphans
Zm00001d031662	ZmOrphan268	Orphans
GRMZM2G159996	ZmOrphan268	Orphans
GRMZM2G126026	ZmOrphan270	Orphans
Zm00001d009773	ZmOrphan270	Orphans
Zm00001eb345540	ZmOrphan270	Orphans
Zm00001d024200	ZmOrphan271	Orphans
GRMZM2G092363	ZmOrphan271	Orphans
Zm00001d012995	ZmOrphan272	Orphans
Zm00001eb212050	ZmOrphan272	Orphans
GRMZM2G108694	ZmOrphan272	Orphans
Zm00001d012994	ZmOrphan272	Orphans
Zm00001eb212070	ZmOrphan272	Orphans
Zm00001d030864	ZmOrphan274	Orphans
Zm00001eb030260	ZmOrphan274	Orphans
GRMZM2G476637	ZmOrphan274	Orphans
Zm00001d012167	ZmOrphan275	Orphans
Zm00001eb365750	ZmOrphan275	Orphans
GRMZM2G024799	ZmOrphan275	Orphans
GRMZM2G025880	ZmOrphan276	Orphans
Zm00001eb079660	ZmOrphan276	Orphans
Zm00001eb079670	ZmOrphan276	Orphans
Zm00001d003297	ZmOrphan276	Orphans
GRMZM2G110847	ZmOrphan277	Orphans
Zm00001d028075	ZmOrphan277	Orphans
GRMZM2G114055	ZmOrphan277	Orphans
Zm00001eb007510	ZmOrphan277	Orphans
Zm00001d021817	ZmOrphan278	Orphans
Zm00001eb324540	ZmOrphan278	Orphans
GRMZM2G107565	ZmOrphan278	Orphans
Zm00001d052110	ZmOrphan279	Orphans
Zm00001eb193160	ZmOrphan279	Orphans
GRMZM2G449909	ZmOrphan279	Orphans
Zm00001d023242	ZmOrphan280	Orphans
GRMZM2G129954	ZmOrphan280	Orphans
Zm00001eb405030	ZmOrphan280	Orphans
Zm00001eb189410	ZmOrphan281	Orphans
GRMZM2G011015	ZmOrphan281	Orphans
Zm00001d051689	ZmOrphan281	Orphans
Zm00001eb345020	ZmOrphan282	Orphans
Zm00001d009719	ZmOrphan282	Orphans
GRMZM2G158818	ZmOrphan282	Orphans
Zm00001eb007280	ZmOrphan283	Orphans
Zm00001d028056	ZmOrphan283	Orphans
GRMZM2G004523	ZmOrphan283	Orphans
Zm00001eb173930	ZmOrphan284	Orphans
Zm00001d049684	ZmOrphan284	Orphans
GRMZM2G162020	ZmOrphan284	Orphans
Zm00001eb356420	ZmOrphan285	Orphans
Zm00001d011132	ZmOrphan285	Orphans
Zm00001d011131	ZmOrphan285	Orphans
GRMZM2G437575	ZmOrphan285	Orphans
GRMZM2G001243	ZmOrphan285	Orphans
Zm00001d046753	ZmOrphan286	Orphans
GRMZM2G360541	ZmOrphan286	Orphans
Zm00001d043510	ZmOrphan287	Orphans
Zm00001eb153610	ZmOrphan287	Orphans
GRMZM2G177929	ZmOrphan287	Orphans
Zm00001eb330070	ZmOrphan289	Orphans
Zm00001d022500	ZmOrphan289	Orphans
GRMZM2G414423	ZmOrphan289	Orphans
Zm00001d052125	ZmOrphan290	Orphans
Zm00001eb193290	ZmOrphan290	Orphans
GRMZM2G165991	ZmOrphan290	Orphans
Zm00001d034366	ZmOrphan291	Orphans
GRMZM2G433557	ZmOrphan291	Orphans
Zm00001eb060040	ZmOrphan291	Orphans
GRMZM2G471108	ZmOrphan292	Orphans
Zm00001eb065250	ZmOrphan292	Orphans
Zm00001d034927	ZmOrphan292	Orphans
GRMZM2G308046	ZmOrphan293	Orphans
Zm00001d004390	ZmOrphan293	Orphans
Zm00001eb088320	ZmOrphan293	Orphans
Zm00001eb034100	ZmOrphan294	Orphans
Zm00001d031329	ZmOrphan294	Orphans
GRMZM2G170299	ZmOrphan294	Orphans
Zm00001eb322760	ZmOrphan295	Orphans
Zm00001d021636	ZmOrphan295	Orphans
GRMZM2G480480	ZmOrphan295	Orphans
Zm00001eb417220	ZmOrphan296	Orphans
Zm00001d024732	ZmOrphan296	Orphans
GRMZM2G060798	ZmOrphan296	Orphans
GRMZM2G382918	ZmOrphan297	Orphans
Zm00001d009385	ZmOrphan297	Orphans
Zm00001eb342150	ZmOrphan297	Orphans
AC215909.3_FG001	ZmOrphan299	Orphans
Zm00001d043783	ZmOrphan300	Orphans
Zm00001eb156050	ZmOrphan300	Orphans
AC233946.1_FG004	ZmOrphan300	Orphans
Zm00001d049244	ZmOrphan301	Orphans
Zm00001eb170080	ZmOrphan301	Orphans
GRMZM2G097135	ZmOrphan301	Orphans
Zm00001eb032030	ZmOrphan302	Orphans
Zm00001d031098	ZmOrphan302	Orphans
GRMZM2G018030	ZmOrphan302	Orphans
GRMZM2G122228	ZmOrphan304	Orphans
Zm00001eb158020	ZmOrphan304	Orphans
Zm00001d044015	ZmOrphan304	Orphans
Zm00001d032692	ZmOrphan305	Orphans
Zm00001eb045760	ZmOrphan305	Orphans
GRMZM2G042704	ZmOrphan305	Orphans
Zm00001d021785	ZmOrphan306	Orphans
Zm00001eb324250	ZmOrphan306	Orphans
GRMZM2G057380	ZmOrphan306	Orphans
GRMZM2G422644	ZmOrphan308	Orphans
Zm00001d006198	ZmOrphan308	Orphans
Zm00001eb103370	ZmOrphan308	Orphans
GRMZM2G398615	ZmOrphan309	Orphans
Zm00001d046828	ZmOrphan309	Orphans
Zm00001eb388780	ZmOrphan309	Orphans
Zm00001eb329360	ZmOrphan310	Orphans
Zm00001eb329320	ZmOrphan310	Orphans
Zm00001d022346	ZmOrphan310	Orphans
Zm00001d022347	ZmOrphan310	Orphans
GRMZM2G049785	ZmOrphan310	Orphans
GRMZM2G429231	ZmOrphan310	Orphans
Zm00001eb329340	ZmOrphan310	Orphans
Zm00001eb329350	ZmOrphan310	Orphans
GRMZM2G161544	ZmOrphan310	Orphans
Zm00001eb329330	ZmOrphan310	Orphans
Zm00001d024353	ZmOrphan311	Orphans
GRMZM2G170201	ZmOrphan311	Orphans
Zm00001eb414150	ZmOrphan311	Orphans
GRMZM2G169000	ZmOrphan312	Orphans
Zm00001d017670	ZmOrphan312	Orphans
Zm00001eb251160	ZmOrphan312	Orphans
Zm00001eb154860	ZmOrphan313	Orphans
AC207628.4_FG011	ZmOrphan313	Orphans
Zm00001d043655	ZmOrphan313	Orphans
GRMZM2G069970	ZmOrphan314	Orphans
Zm00001eb228190	ZmOrphan314	Orphans
Zm00001d014797	ZmOrphan314	Orphans
Zm00001eb423050	ZmOrphan315	Orphans
GRMZM2G158140	ZmOrphan315	Orphans
Zm00001d025472	ZmOrphan315	Orphans
Zm00001eb068240	ZmOrphan316	Orphans
Zm00001d002048	ZmOrphan316	Orphans
Zm00001eb068260	ZmOrphan316	Orphans
Zm00001eb068250	ZmOrphan316	Orphans
Zm00001d002046	ZmOrphan316	Orphans
Zm00001d002050	ZmOrphan316	Orphans
Zm00001d002049	ZmOrphan316	Orphans
Zm00001d002047	ZmOrphan316	Orphans
GRMZM2G443903	ZmOrphan316	Orphans
Zm00001eb191130	ZmOrphan317	Orphans
Zm00001d051889	ZmOrphan317	Orphans
GRMZM2G075368	ZmOrphan317	Orphans
Zm00001eb106510	ZmOrphan318	Orphans
Zm00001d006553	ZmOrphan318	Orphans
GRMZM2G046474	ZmOrphan318	Orphans
Zm00001eb170920	ZmOrphan319	Orphans
GRMZM2G176173	ZmOrphan319	Orphans
Zm00001d049347	ZmOrphan319	Orphans
GRMZM2G308615	ZmOrphan320	Orphans
Zm00001eb309920	ZmOrphan320	Orphans
Zm00001d020100	ZmOrphan320	Orphans
AC215811.3_FG003	ZmOrphan321	Orphans
Zm00001d014963	ZmOrphan321	Orphans
GRMZM2G077500	ZmOrphan322	Orphans
Zm00001d007050	ZmOrphan322	Orphans
Zm00001eb110450	ZmOrphan322	Orphans
GRMZM2G075320	ZmOrphan323	Orphans
Zm00001eb126360	ZmOrphan323	Orphans
Zm00001d040123	ZmOrphan323	Orphans
Zm00001eb096240	ZmOrphan325	Orphans
GRMZM2G066638	ZmOrphan325	Orphans
Zm00001eb096230	ZmOrphan325	Orphans
Zm00001d005366	ZmOrphan325	Orphans
Zm00001eb096220	ZmOrphan325	Orphans
Zm00001eb214320	ZmOrphan326	Orphans
Zm00001d013220	ZmOrphan326	Orphans
GRMZM2G377904	ZmOrphan326	Orphans
Zm00001eb391230	ZmOrphan327	Orphans
Zm00001d000176	ZmOrphan327	Orphans
GRMZM2G004483	ZmOrphan327	Orphans
GRMZM2G082487	ZmOrphan328	Orphans
Zm00001d005609	ZmOrphan328	Orphans
Zm00001eb098220	ZmOrphan328	Orphans
Zm00001eb306080	ZmOrphan329	Orphans
Zm00001d019519	ZmOrphan329	Orphans
Zm00001eb306090	ZmOrphan329	Orphans
GRMZM2G034442	ZmOrphan329	Orphans
AC204070.3_FG004	ZmOrphan330	Orphans
GRMZM2G364851	ZmOrphan330	Orphans
Zm00001eb305960	ZmOrphan330	Orphans
Zm00001d019495	ZmOrphan330	Orphans
GRMZM2G139712	ZmOrphan330	Orphans
Zm00001eb117210	ZmOrphan331	Orphans
GRMZM5G864266	ZmOrphan331	Orphans
Zm00001d007904	ZmOrphan331	Orphans
Zm00001eb204210	ZmOrphan332	Orphans
Zm00001d053399	ZmOrphan332	Orphans
GRMZM2G073788	ZmOrphan332	Orphans
Zm00001eb182690	ZmOrphan334	Orphans
GRMZM2G081359	ZmOrphan334	Orphans
Zm00001d000098	ZmOrphan334	Orphans
Zm00001d017643	ZmOrphan335	Orphans
GRMZM2G057907	ZmOrphan335	Orphans
Zm00001eb250950	ZmOrphan335	Orphans
Zm00001d042958	ZmOrphan336	Orphans
GRMZM2G062218	ZmOrphan336	Orphans
Zm00001eb148750	ZmOrphan336	Orphans
Zm00001eb419870	ZmOrphan337	Orphans
Zm00001d025055	ZmOrphan337	Orphans
GRMZM2G159811	ZmOrphan337	Orphans
Zm00001eb063490	ZmOrphan338	Orphans
GRMZM2G156543	ZmOrphan338	Orphans
Zm00001d034738	ZmOrphan338	Orphans
Zm00001eb135790	ZmOrphan339	Orphans
Zm00001d041453	ZmOrphan339	Orphans
GRMZM2G108509	ZmOrphan339	Orphans
GRMZM2G360455	ZmOrphan341	Orphans
Zm00001eb234050	ZmOrphan341	Orphans
Zm00001d015504	ZmOrphan341	Orphans
Zm00001d015502	ZmOrphan341	Orphans
Zm00001eb018090	ZmOrphan342	Orphans
Zm00001d029297	ZmOrphan342	Orphans
GRMZM2G092888	ZmOrphan342	Orphans
GRMZM5G833140	ZmOrphan344	Orphans
Zm00001d013412	ZmOrphan344	Orphans
Zm00001eb216090	ZmOrphan344	Orphans
GRMZM2G147840	ZmOrphan345	Orphans
Zm00001eb337540	ZmOrphan345	Orphans
Zm00001d008819	ZmOrphan345	Orphans
GRMZM2G172376	ZmOrphan346	Orphans
Zm00001d016063	ZmOrphan346	Orphans
Zm00001eb237920	ZmOrphan346	Orphans
GRMZM2G062885	ZmOrphan347	Orphans
Zm00001eb232250	ZmOrphan347	Orphans
Zm00001d015268	ZmOrphan347	Orphans
GRMZM2G070446	ZmOrphan348	Orphans
Zm00001eb270930	ZmOrphan348	Orphans
Zm00001d036214	ZmOrphan348	Orphans
GRMZM2G406715	ZmOrphan349	Orphans
Zm00001d009085	ZmOrphan349	Orphans
Zm00001eb205090	ZmOrphan350	Orphans
Zm00001d053566	ZmOrphan350	Orphans
GRMZM2G040452	ZmOrphan350	Orphans
Zm00001d007240	ZmOrphan352	Orphans
GRMZM2G033962	ZmOrphan352	Orphans
Zm00001eb112080	ZmOrphan352	Orphans
Zm00001eb374610	ZmOrphan353	Orphans
Zm00001eb374600	ZmOrphan353	Orphans
Zm00001d045098	ZmOrphan353	Orphans
GRMZM2G067053	ZmOrphan353	Orphans
GRMZM2G014805	ZmOrphan354	Orphans
Zm00001eb132880	ZmOrphan354	Orphans
Zm00001d041035	ZmOrphan354	Orphans
Zm00001d042886	ZmOrphan355	Orphans
Zm00001eb148130	ZmOrphan355	Orphans
GRMZM2G059453	ZmOrphan355	Orphans
GRMZM5G833774	ZmOrphan357	Orphans
Zm00001eb003010	ZmOrphan357	Orphans
Zm00001d027571	ZmOrphan357	Orphans
Zm00001d044988	ZmOrphan358	Orphans
GRMZM2G033915	ZmOrphan358	Orphans
Zm00001d002146	ZmOrphan359	Orphans
Zm00001eb069180	ZmOrphan359	Orphans
GRMZM2G159161	ZmOrphan359	Orphans
GRMZM2G039895	ZmPHD1	PHD
Zm00001d035008	ZmPHD1	PHD
Zm00001eb260200	ZmPHD1	PHD
GRMZM2G119357	ZmPHD2	PHD
Zm00001eb041990	ZmPHD2	PHD
Zm00001d032263	ZmPHD2	PHD
GRMZM2G097726	ZmPHD3	PHD
Zm00001d019039	ZmPHD3	PHD
Zm00001eb302190	ZmPHD3	PHD
Zm00001eb410840	ZmPHD4	PHD
GRMZM2G365888	ZmPHD4	PHD
Zm00001d023914	ZmPHD4	PHD
GRMZM2G391413	ZmPHD5	PHD
GRMZM2G057265	ZmPHD5	PHD
Zm00001d053989	ZmPHD5	PHD
Zm00001eb209080	ZmPHD5	PHD
GRMZM2G317487	ZmPHD6	PHD
Zm00001eb014460	ZmPHD6	PHD
Zm00001d028863	ZmPHD6	PHD
GRMZM2G022945	ZmPHD6	PHD
Zm00001d015064	ZmPHD7	PHD
Zm00001eb230520	ZmPHD7	PHD
GRMZM2G305124	ZmPHD7	PHD
GRMZM2G038050	ZmPHD8	PHD
Zm00001d026698	ZmPHD8	PHD
Zm00001eb434470	ZmPHD8	PHD
GRMZM2G073581	ZmPHD9	PHD
Zm00001eb430630	ZmPHD9	PHD
GRMZM2G155949	ZmPHD9	PHD
Zm00001d026270	ZmPHD9	PHD
Zm00001eb356650	ZmPHD10	PHD
Zm00001d011158	ZmPHD10	PHD
GRMZM2G335720	ZmPHD10	PHD
GRMZM2G408897	ZmPHD11	PHD
Zm00001d013416	ZmPHD11	PHD
Zm00001eb216130	ZmPHD11	PHD
Zm00001d035487	ZmPHD12	PHD
GRMZM2G455664	ZmPHD12	PHD
GRMZM2G337659	ZmPHD12	PHD
Zm00001eb265410	ZmPHD12	PHD
Zm00001d049736	ZmPHD13	PHD
Zm00001eb174450	ZmPHD13	PHD
GRMZM2G059266	ZmPHD13	PHD
GRMZM2G178072	ZmPHD14	PHD
Zm00001d048385	ZmPHD14	PHD
Zm00001eb402910	ZmPHD14	PHD
GRMZM2G173852	ZmPHD15	PHD
Zm00001d034004	ZmPHD15	PHD
Zm00001eb057140	ZmPHD15	PHD
Zm00001d037086	ZmPHD16	PHD
Zm00001eb278360	ZmPHD16	PHD
GRMZM2G168249	ZmPHD16	PHD
Zm00001eb355110	ZmPHD17	PHD
GRMZM2G155123	ZmPHD17	PHD
Zm00001d010974	ZmPHD17	PHD
GRMZM2G443565	ZmPHD18	PHD
Zm00001d023356	ZmPHD18	PHD
Zm00001eb406240	ZmPHD18	PHD
Zm00001d018912	ZmPHD19	PHD
GRMZM2G412492	ZmPHD19	PHD
Zm00001eb301070	ZmPHD19	PHD
Zm00001d008232	ZmPHD20	PHD
GRMZM5G843893	ZmPHD20	PHD
GRMZM2G156121	ZmPHD21	PHD
Zm00001d045629	ZmPHD21	PHD
Zm00001eb379610	ZmPHD21	PHD
GRMZM2G156129	ZmPHD21	PHD
Zm00001d017862	ZmPHD22	PHD
Zm00001eb252930	ZmPHD22	PHD
GRMZM2G045544	ZmPHD22	PHD
GRMZM2G103230	ZmPHD23	PHD
Zm00001d035933	ZmPHD23	PHD
Zm00001eb268880	ZmPHD23	PHD
GRMZM2G434715	ZmPHD24	PHD
Zm00001d022583	ZmPHD24	PHD
GRMZM2G087482	ZmPHD25	PHD
Zm00001d013278	ZmPHD25	PHD
Zm00001eb214970	ZmPHD25	PHD
GRMZM2G316191	ZmPHD26	PHD
Zm00001d021540	ZmPHD26	PHD
Zm00001d021541	ZmPHD26	PHD
Zm00001eb321930	ZmPHD26	PHD
GRMZM2G071613	ZmPHD27	PHD
Zm00001d045755	ZmPHD27	PHD
Zm00001eb380630	ZmPHD27	PHD
GRMZM2G068331	ZmPHD28	PHD
Zm00001d048969	ZmPHD28	PHD
Zm00001eb167840	ZmPHD28	PHD
GRMZM2G466292	ZmPHD29	PHD
GRMZM2G466270	ZmPHD29	PHD
Zm00001d014900	ZmPHD29	PHD
Zm00001eb229050	ZmPHD29	PHD
Zm00001d020361	ZmPHD30	PHD
Zm00001eb311820	ZmPHD30	PHD
GRMZM2G091265	ZmPHD30	PHD
GRMZM2G181158	ZmPHD31	PHD
AC219056.2_FG004	ZmPHD31	PHD
GRMZM5G836167	ZmPHD31	PHD
Zm00001d006428	ZmPHD31	PHD
Zm00001eb105480	ZmPHD31	PHD
GRMZM2G134214	ZmPHD32	PHD
Zm00001d035862	ZmPHD32	PHD
Zm00001eb268390	ZmPHD32	PHD
Zm00001d050330	ZmPHD33	PHD
GRMZM5G871463	ZmPHD33	PHD
Zm00001eb179130	ZmPHD33	PHD
Zm00001eb122030	ZmPHD34	PHD
Zm00001d039579	ZmPHD34	PHD
GRMZM2G158194	ZmPHD34	PHD
GRMZM5G813111	ZmPHD35	PHD
Zm00001eb057160	ZmPHD35	PHD
Zm00001d034006	ZmPHD35	PHD
GRMZM2G384972	ZmPHD36	PHD
Zm00001d047676	ZmPHD36	PHD
Zm00001eb396440	ZmPHD36	PHD
GRMZM5G889372	ZmPHD36	PHD
Zm00001d045080	ZmPHD37	PHD
GRMZM2G455243	ZmPHD37	PHD
Zm00001eb374440	ZmPHD37	PHD
GRMZM2G473258	ZmPHD38	PHD
Zm00001eb274650	ZmPHD38	PHD
Zm00001d036673	ZmPHD38	PHD
GRMZM2G473250	ZmPHD38	PHD
GRMZM2G385338	ZmPHD39	PHD
GRMZM2G084296	ZmPHD39	PHD
Zm00001eb206240	ZmPHD39	PHD
Zm00001d053697	ZmPHD39	PHD
Zm00001d041708	ZmPHD40	PHD
Zm00001eb137800	ZmPHD40	PHD
GRMZM2G081350	ZmPHD40	PHD
Zm00001d019908	ZmPHD41	PHD
Zm00001eb308480	ZmPHD41	PHD
GRMZM2G013794	ZmPHD41	PHD
Zm00001d019907	ZmPHD41	PHD
Zm00001d011802	ZmPHD42	PHD
GRMZM2G149587	ZmPHD42	PHD
Zm00001eb362400	ZmPHD42	PHD
Zm00001eb145630	ZmPHD43	PHD
GRMZM2G025703	ZmPHD43	PHD
Zm00001d042613	ZmPHD43	PHD
Zm00001d008941	ZmPHD44	PHD
GRMZM2G372928	ZmPHD44	PHD
Zm00001eb338670	ZmPHD44	PHD
Zm00001d007886	ZmPHD45	PHD
Zm00001eb117410	ZmPHD45	PHD
GRMZM2G362718	ZmPHD45	PHD
Zm00001eb117400	ZmPHD45	PHD
GRMZM2G357660	ZmPHD46	PHD
Zm00001eb082620	ZmPHD46	PHD
Zm00001d003648	ZmPHD46	PHD
Zm00001eb256170	ZmPHD47	PHD
Zm00001d018199	ZmPHD47	PHD
GRMZM2G368206	ZmPHD47	PHD
Zm00001eb020140	ZmPHD48	PHD
GRMZM2G065215	ZmPHD48	PHD
Zm00001d029531	ZmPHD48	PHD
GRMZM2G377079	ZmPHD49	PHD
Zm00001d041180	ZmPHD49	PHD
Zm00001eb133860	ZmPHD49	PHD
GRMZM2G170412	ZmPHD50	PHD
Zm00001d011490	ZmPHD50	PHD
Zm00001eb359430	ZmPHD50	PHD
GRMZM6G025093	ZmPHD50	PHD
GRMZM2G179814	ZmPHD50	PHD
Zm00001d005705	ZmPHD51	PHD
Zm00001eb099070	ZmPHD51	PHD
GRMZM2G013936	ZmPHD52	PHD
Zm00001eb094550	ZmPHD52	PHD
GRMZM2G013915	ZmPHD52	PHD
GRMZM2G313944	ZmPHD52	PHD
Zm00001d005137	ZmPHD52	PHD
Zm00001eb293870	ZmPHD53	PHD
Zm00001d038813	ZmPHD53	PHD
Zm00001d004925	ZmPHD54	PHD
Zm00001eb092810	ZmPHD54	PHD
GRMZM2G403562	ZmPHD54	PHD
GRMZM2G387485	ZmPHD55	PHD
Zm00001d014909	ZmPHD55	PHD
Zm00001eb229120	ZmPHD55	PHD
GRMZM2G377887	ZmPHD55	PHD
Zm00001d014910	ZmPHD55	PHD
Zm00001eb119840	ZmPHD56	PHD
GRMZM2G085176	ZmPHD56	PHD
Zm00001eb119850	ZmPHD56	PHD
Zm00001d039355	ZmPHD56	PHD
Zm00001eb119830	ZmPHD56	PHD
GRMZM2G085266	ZmPHD56	PHD
GRMZM2G408887	ZmPLATZ1	PLATZ
Zm00001d028594	ZmPLATZ1	PLATZ
GRMZM2G311656	ZmPLATZ2	PLATZ
Zm00001d029437	ZmPLATZ2	PLATZ
Zm00001eb019360	ZmPLATZ2	PLATZ
Zm00001d030032	ZmPLATZ3	PLATZ
GRMZM2G094168	ZmPLATZ3	PLATZ
Zm00001eb024390	ZmPLATZ3	PLATZ
Zm00001eb024380	ZmPLATZ3	PLATZ
GRMZM2G171934	ZmPLATZ4	PLATZ
Zm00001d031925	ZmPLATZ4	PLATZ
Zm00001eb039270	ZmPLATZ4	PLATZ
GRMZM2G131280	ZmPLATZ5	PLATZ
Zm00001d002489	ZmPLATZ5	PLATZ
Zm00001eb072360	ZmPLATZ5	PLATZ
Zm00001d051376	ZmPLATZ6	PLATZ
GRMZM2G342691	ZmPLATZ6	PLATZ
Zm00001eb186680	ZmPLATZ6	PLATZ
GRMZM2G091044	ZmPLATZ7	PLATZ
Zm00001d051511	ZmPLATZ7	PLATZ
Zm00001eb187730	ZmPLATZ7	PLATZ
GRMZM2G017882	ZmPLATZ8	PLATZ
Zm00001eb233230	ZmPLATZ8	PLATZ
Zm00001d015394	ZmPLATZ8	PLATZ
Zm00001d015560	ZmPLATZ9	PLATZ
Zm00001eb234360	ZmPLATZ9	PLATZ
GRMZM2G070295	ZmPLATZ9	PLATZ
Zm00001d015868	ZmPLATZ10	PLATZ
Zm00001eb236560	ZmPLATZ10	PLATZ
GRMZM2G323553	ZmPLATZ10	PLATZ
Zm00001eb251230	ZmPLATZ11	PLATZ
Zm00001eb251220	ZmPLATZ11	PLATZ
Zm00001d017682	ZmPLATZ11	PLATZ
GRMZM2G004548	ZmPLATZ11	PLATZ
Zm00001eb341550	ZmPLATZ12	PLATZ
GRMZM2G006585	ZmPLATZ12	PLATZ
Zm00001d009292	ZmPLATZ12	PLATZ
GRMZM2G093270	ZmPLATZ13	PLATZ
Zm00001d047025	ZmPLATZ13	PLATZ
Zm00001eb390420	ZmPLATZ13	PLATZ
Zm00001eb390410	ZmPLATZ13	PLATZ
Zm00001d047250	ZmPLATZ14	PLATZ
GRMZM2G077495	ZmPLATZ14	PLATZ
Zm00001eb392830	ZmPLATZ14	PLATZ
Zm00001eb428410	ZmPLATZ15	PLATZ
GRMZM2G086403	ZmPLATZ15	PLATZ
Zm00001eb428420	ZmPLATZ15	PLATZ
Zm00001d026047	ZmPLATZ15	PLATZ
Zm00001d046958	ZmPLATZ16	PLATZ
Zm00001eb389840	ZmPLATZ16	PLATZ
Zm00001eb387830	ZmPLATZ17	PLATZ
Zm00001d046688	ZmPLATZ17	PLATZ
Zm00001eb156040	ZmRAV1	RAV
Zm00001d043782	ZmRAV1	RAV
GRMZM2G169654	ZmRAV1	RAV
GRMZM2G003043	ZmRB1	RBR
Zm00001d007407	ZmRB1	RBR
Zm00001eb113470	ZmRB1	RBR
GRMZM2G320723	ZmRB2	RBR
Zm00001eb198230	ZmRB2	RBR
GRMZM2G016997	ZmRB2	RBR
Zm00001eb198240	ZmRB2	RBR
Zm00001eb198220	ZmRB2	RBR
Zm00001d052695	ZmRB2	RBR
Zm00001eb037120	ZmRB3	RBR
Zm00001d031678	ZmRB3	RBR
GRMZM2G033828	ZmRB3	RBR
Zm00001eb197990	ZmRB4	RBR
Zm00001d052666	ZmRB4	RBR
GRMZM2G153150	ZmRB4	RBR
Zm00001eb197990	ZmRB4	RBR
Zm00001d052666	ZmRB4	RBR
GRMZM2G153150	ZmRB4	RBR
GRMZM5G836028	ZmRB5	RBR
AC191251.3_FG005	ZmRcd1L1	Rcd1-like
Zm00001d013120	ZmRcd1L1	Rcd1-like
Zm00001eb213450	ZmRcd1L1	Rcd1-like
AC198699.3_FG004	ZmRcd1L2	Rcd1-like
Zm00001d023759	ZmRcd1L2	Rcd1-like
Zm00001eb409600	ZmRcd1L2	Rcd1-like
Zm00001eb409610	ZmRcd1L2	Rcd1-like
GRMZM2G036634	ZmRcd1L3	Rcd1-like
Zm00001d012483	ZmRcd1L3	Rcd1-like
Zm00001eb368650	ZmRcd1L3	Rcd1-like
Zm00001eb070960	ZmRcd1L4	Rcd1-like
Zm00001d002340	ZmRcd1L4	Rcd1-like
GRMZM2G045331	ZmRcd1L4	Rcd1-like
GRMZM2G088096	ZmRcd1L5	Rcd1-like
Zm00001d046373	ZmRcd1L5	Rcd1-like
Zm00001eb385320	ZmRcd1L5	Rcd1-like
Zm00001eb385330	ZmRcd1L5	Rcd1-like
GRMZM2G000177	ZmRcd1L6	Rcd1-like
GRMZM2G310944	ZmRcd1L6	Rcd1-like
Zm00001d011483	ZmRcd1L6	Rcd1-like
Zm00001eb359400	ZmRcd1L6	Rcd1-like
GRMZM2G356897	ZmRcd1L7	Rcd1-like
Zm00001d024312	ZmRcd1L7	Rcd1-like
Zm00001eb413830	ZmRcd1L7	Rcd1-like
GRMZM2G383215	ZmRcd1L8	Rcd1-like
Zm00001d010921	ZmRcd1L8	Rcd1-like
GRMZM2G386923	ZmRcd1L9	Rcd1-like
Zm00001d048089	ZmRcd1L9	Rcd1-like
Zm00001eb400200	ZmRcd1L9	Rcd1-like
GRMZM5G870753	ZmRcd1L10	Rcd1-like
Zm00001d046678	ZmRcd1L10	Rcd1-like
Zm00001d003822	ZmS1Fa1	S1Fa-like
Zm00001eb084180	ZmS1Fa1	S1Fa-like
GRMZM2G056929	ZmS1Fa1	S1Fa-like
GRMZM2G147424	ZmS1Fa2	S1Fa-like
Zm00001d025339	ZmS1Fa2	S1Fa-like
GRMZM2G101511	ZmSBP1	SBP
Zm00001eb175160	ZmSBP1	SBP
Zm00001eb175150	ZmSBP1	SBP
Zm00001d049822	ZmSBP1	SBP
Zm00001d020941	ZmSBP2	SBP
GRMZM2G307588	ZmSBP2	SBP
Zm00001eb316740	ZmSBP2	SBP
GRMZM2G106798	ZmSBP3	SBP
Zm00001d049165	ZmSBP3	SBP
Zm00001eb169410	ZmSBP3	SBP
GRMZM2G110742	ZmSBP4	SBP
Zm00001d019793	ZmSBP4	SBP
Zm00001d019792	ZmSBP4	SBP
Zm00001eb307870	ZmSBP4	SBP
Zm00001eb102440	ZmSBP5	SBP
Zm00001d006091	ZmSBP5	SBP
GRMZM2G061734	ZmSBP5	SBP
GRMZM2G138421	ZmSBP6	SBP
Zm00001d012916	ZmSBP6	SBP
Zm00001eb211350	ZmSBP6	SBP
GRMZM2G098557	ZmSBP7	SBP
Zm00001eb199970	ZmSBP7	SBP
Zm00001d052905	ZmSBP7	SBP
Zm00001d031451	ZmSBP8	SBP
GRMZM2G160917	ZmSBP8	SBP
Zm00001eb035030	ZmSBP8	SBP
Zm00001eb332190	ZmSBP9	SBP
GRMZM2G081127	ZmSBP9	SBP
Zm00001d008176	ZmSBP9	SBP
GRMZM2G111136	ZmSBP10	SBP
Zm00001d015451	ZmSBP10	SBP
Zm00001eb233670	ZmSBP10	SBP
Zm00001eb349730	ZmSBP11	SBP
GRMZM2G109354	ZmSBP11	SBP
Zm00001d010309	ZmSBP11	SBP
Zm00001d015410	ZmSBP12	SBP
GRMZM2G126827	ZmSBP12	SBP
Zm00001eb233320	ZmSBP12	SBP
GRMZM2G113779	ZmSBP13	SBP
Zm00001d006451	ZmSBP13	SBP
Zm00001eb105640	ZmSBP13	SBP
Zm00001eb274800	ZmSBP14	SBP
GRMZM2G101499	ZmSBP14	SBP
Zm00001d036692	ZmSBP14	SBP
Zm00001d002005	ZmSBP15	SBP
Zm00001eb067740	ZmSBP15	SBP
GRMZM2G036297	ZmSBP15	SBP
GRMZM2G169270	ZmSBP16	SBP
Zm00001d031487	ZmSBP16	SBP
Zm00001eb035370	ZmSBP16	SBP
Zm00001d034730	ZmSBP17	SBP
Zm00001eb063390	ZmSBP17	SBP
GRMZM2G156756	ZmSBP17	SBP
GRMZM2G371033	ZmSBP18	SBP
Zm00001d012015	ZmSBP18	SBP
Zm00001eb364360	ZmSBP18	SBP
GRMZM2G163813	ZmSBP19	SBP
GRMZM2G052902	ZmSBP19	SBP
Zm00001d053772	ZmSBP19	SBP
Zm00001eb207010	ZmSBP19	SBP
Zm00001eb207030	ZmSBP19	SBP
Zm00001eb207040	ZmSBP19	SBP
Zm00001eb207020	ZmSBP19	SBP
Zm00001d053775	ZmSBP19	SBP
Zm00001d053890	ZmSBP20	SBP
Zm00001eb208150	ZmSBP20	SBP
GRMZM2G065451	ZmSBP20	SBP
GRMZM2G148467	ZmSBP21	SBP
Zm00001eb429730	ZmSBP21	SBP
Zm00001eb429720	ZmSBP21	SBP
Zm00001d026175	ZmSBP21	SBP
Zm00001d042319	ZmSBP22	SBP
Zm00001eb143110	ZmSBP22	SBP
GRMZM5G878561	ZmSBP22	SBP
Zm00001eb101920	ZmSBP23	SBP
Zm00001d006028	ZmSBP23	SBP
GRMZM2G126018	ZmSBP23	SBP
Zm00001d040571	ZmSBP24	SBP
Zm00001eb129860	ZmSBP24	SBP
GRMZM2G133646	ZmSBP24	SBP
Zm00001d014698	ZmSBP25	SBP
GRMZM2G414805	ZmSBP25	SBP
Zm00001eb227180	ZmSBP25	SBP
GRMZM2G168229	ZmSBP26	SBP
Zm00001d053756	ZmSBP26	SBP
Zm00001eb206830	ZmSBP26	SBP
GRMZM2G097275	ZmSBP27	SBP
Zm00001eb232050	ZmSBP27	SBP
Zm00001d015233	ZmSBP27	SBP
Zm00001eb432520	ZmSBP28	SBP
Zm00001d026491	ZmSBP28	SBP
GRMZM2G058588	ZmSBP28	SBP
Zm00001d021573	ZmSBP29	SBP
GRMZM2G067624	ZmSBP29	SBP
Zm00001eb322280	ZmSBP29	SBP
GRMZM2G460544	ZmSBP30	SBP
Zm00001eb199880	ZmSBP30	SBP
Zm00001d052890	ZmSBP30	SBP
GRMZM2G156621	ZmSBP31	SBP
AC233751.1_FG002	ZmSBP32	SBP
Zm00001eb175190	ZmSBP32	SBP
Zm00001d049824	ZmSBP32	SBP
Zm00001eb241070	ZmSBP33	SBP
Zm00001d016488	ZmSBP33	SBP
Zm00001d016489	ZmSBP33	SBP
Zm00001eb317760	ZmSBP34	SBP
GRMZM5G806833	ZmSBP34	SBP
Zm00001d021056	ZmSBP34	SBP
Zm00001d046906	ZmSBP35	SBP
Zm00001eb389360	ZmSBP35	SBP
AC197583.2_FG003	ZmSBP36	SBP
Zm00001eb414380	ZmSBP36	SBP
Zm00001d024384	ZmSBP36	SBP
GRMZM2G078458	ZmSET1	SET
Zm00001d036004	ZmSET1	SET
Zm00001eb269430	ZmSET1	SET
Zm00001d003679	ZmSET2	SET
GRMZM2G147619	ZmSET2	SET
Zm00001eb082920	ZmSET2	SET
Zm00001eb345040	ZmSET3	SET
GRMZM5G807767	ZmSET3	SET
Zm00001d009723	ZmSET3	SET
Zm00001d023333	ZmSET4	SET
Zm00001d023334	ZmSET4	SET
GRMZM2G473138	ZmSET4	SET
Zm00001eb406010	ZmSET4	SET
Zm00001d006323	ZmSET5	SET
GRMZM2G409224	ZmSET5	SET
Zm00001eb104540	ZmSET5	SET
GRMZM2G357972	ZmSET6	SET
Zm00001d002938	ZmSET6	SET
Zm00001eb076530	ZmSET6	SET
Zm00001eb044040	ZmSET7	SET
Zm00001d032515	ZmSET7	SET
Zm00001d032516	ZmSET7	SET
GRMZM2G056357	ZmSET7	SET
Zm00001d031851	ZmSET8	SET
GRMZM2G318803	ZmSET8	SET
Zm00001eb311410	ZmSET8	SET
Zm00001eb038540	ZmSET8	SET
Zm00001d028890	ZmSET9	SET
GRMZM2G043484	ZmSET9	SET
Zm00001eb014730	ZmSET9	SET
GRMZM2G416913	ZmSET10	SET
Zm00001eb132780	ZmSET10	SET
Zm00001d041005	ZmSET10	SET
GRMZM2G336909	ZmSET11	SET
Zm00001eb142610	ZmSET11	SET
Zm00001d042272	ZmSET11	SET
GRMZM2G125432	ZmSET12	SET
Zm00001d017798	ZmSET12	SET
Zm00001eb252300	ZmSET12	SET
Zm00001d005650	ZmSET13	SET
GRMZM2G300955	ZmSET13	SET
Zm00001eb098590	ZmSET13	SET
Zm00001d031858	ZmSET14	SET
Zm00001eb038640	ZmSET14	SET
GRMZM2G165011	ZmSET14	SET
GRMZM2G052328	ZmSET15	SET
Zm00001d024298	ZmSET15	SET
Zm00001eb413710	ZmSET15	SET
Zm00001eb097830	ZmSET16	SET
GRMZM2G033694	ZmSET16	SET
Zm00001d005563	ZmSET16	SET
Zm00001eb363830	ZmSET17	SET
Zm00001d011956	ZmSET17	SET
GRMZM2G054380	ZmSET17	SET
Zm00001eb096860	ZmSET18	SET
Zm00001d005445	ZmSET18	SET
GRMZM2G025924	ZmSET18	SET
Zm00001d016804	ZmSET19	SET
GRMZM2G352431	ZmSET19	SET
Zm00001eb243610	ZmSET19	SET
Zm00001d049457	ZmSET20	SET
GRMZM2G149153	ZmSET20	SET
Zm00001eb171790	ZmSET20	SET
Zm00001eb048280	ZmSET21	SET
Zm00001d032990	ZmSET21	SET
GRMZM2G080462	ZmSET21	SET
Zm00001d036296	ZmSET22	SET
GRMZM2G157820	ZmSET22	SET
Zm00001eb271490	ZmSET22	SET
Zm00001d013471	ZmSET23	SET
Zm00001eb216690	ZmSET23	SET
GRMZM2G457881	ZmSET23	SET
Zm00001eb414720	ZmSET24	SET
Zm00001d024420	ZmSET24	SET
GRMZM2G045507	ZmSET24	SET
Zm00001d020437	ZmSET25	SET
Zm00001eb312420	ZmSET25	SET
GRMZM2G418752	ZmSET25	SET
Zm00001d043135	ZmSET26	SET
GRMZM2G139710	ZmSET26	SET
Zm00001eb150160	ZmSET26	SET
Zm00001eb189210	ZmSET27	SET
Zm00001d051669	ZmSET27	SET
GRMZM2G077258	ZmSET27	SET
Zm00001d051668	ZmSET27	SET
GRMZM2G140577	ZmSET28	SET
Zm00001eb352310	ZmSET28	SET
Zm00001d010646	ZmSET28	SET
Zm00001d012226	ZmSET29	SET
Zm00001eb366280	ZmSET29	SET
GRMZM2G092759	ZmSET29	SET
GRMZM2G105869	ZmSET30	SET
Zm00001eb104980	ZmSET30	SET
Zm00001d006369	ZmSET30	SET
Zm00001eb396070	ZmSET31	SET
GRMZM5G875502	ZmSET31	SET
Zm00001d047636	ZmSET31	SET
GRMZM2G172427	ZmSET32	SET
Zm00001eb188560	ZmSET32	SET
Zm00001d051590	ZmSET32	SET
Zm00001d020038	ZmSET33	SET
Zm00001eb309540	ZmSET33	SET
GRMZM2G130910	ZmSET33	SET
Zm00001eb075120	ZmSET34	SET
GRMZM2G021044	ZmSET34	SET
Zm00001d002787	ZmSET34	SET
Zm00001d051796	ZmSET35	SET
GRMZM2G063316	ZmSET35	SET
Zm00001eb190260	ZmSET35	SET
Zm00001eb393760	ZmSET36	SET
GRMZM2G043980	ZmSET36	SET
Zm00001d047367	ZmSET36	SET
Zm00001d019195	ZmSET37	SET
Zm00001eb303540	ZmSET37	SET
AC233961.1_FG001	ZmSET37	SET
Zm00001eb184480	ZmSET38	SET
GRMZM2G067019	ZmSET38	SET
Zm00001d051057	ZmSET38	SET
GRMZM2G360389	ZmSET39	SET
Zm00001eb185000	ZmSET39	SET
Zm00001d051126	ZmSET39	SET
GRMZM2G164277	ZmSET40	SET
Zm00001d002185	ZmSET40	SET
Zm00001eb069580	ZmSET40	SET
Zm00001d046122	ZmSET41	SET
Zm00001eb383220	ZmSET41	SET
GRMZM2G155675	ZmSET41	SET
Zm00001d046124	ZmSET41	SET
GRMZM2G092131	ZmSET42	SET
Zm00001d021346	ZmSET42	SET
Zm00001eb320090	ZmSET42	SET
Zm00001eb042640	ZmSET43	SET
Zm00001d032343	ZmSET43	SET
GRMZM2G074094	ZmSET43	SET
Zm00001d038541	ZmSET44	SET
Zm00001eb291310	ZmSET44	SET
GRMZM2G117458	ZmSET44	SET
Zm00001d044020	ZmSET45	SET
Zm00001eb158060	ZmSET45	SET
GRMZM5G812144	ZmSET46	SET
Zm00001d024225	ZmSET46	SET
Zm00001eb413080	ZmSET46	SET
Zm00001eb107850	ZmSET47	SET
Zm00001d006693	ZmSET47	SET
GRMZM2G401062	ZmSET48	SET
Zm00001d003710	ZmSET48	SET
Zm00001eb083170	ZmSET48	SET
GRMZM2G451374	ZmSET49	SET
Zm00001eb041060	ZmSET49	SET
Zm00001d032143	ZmSET49	SET
Zm00001d027838	ZmSET50	SET
Zm00001eb005310	ZmSET50	SET
GRMZM2G091916	ZmSET50	SET
Zm00001eb040220	ZmSRS1	SHI/STY (SRS)
Zm00001d032040	ZmSRS1	SHI/STY (SRS)
GRMZM2G042407	ZmSRS1	SHI/STY (SRS)
Zm00001eb103460	ZmSRS2	SHI/STY (SRS)
Zm00001d006209	ZmSRS2	SHI/STY (SRS)
GRMZM2G080295	ZmSRS2	SHI/STY (SRS)
Zm00001d053208	ZmSRS3	SHI/STY (SRS)
Zm00001eb202660	ZmSRS3	SHI/STY (SRS)
GRMZM2G017606	ZmSRS3	SHI/STY (SRS)
Zm00001eb227800	ZmSRS4	SHI/STY (SRS)
Zm00001d014762	ZmSRS4	SHI/STY (SRS)
GRMZM2G097683	ZmSRS4	SHI/STY (SRS)
Zm00001eb272500	ZmSRS5	SHI/STY (SRS)
GRMZM2G108798	ZmSRS5	SHI/STY (SRS)
Zm00001d036426	ZmSRS5	SHI/STY (SRS)
Zm00001d038081	ZmSRS6	SHI/STY (SRS)
GRMZM2G450459	ZmSRS6	SHI/STY (SRS)
Zm00001eb287060	ZmSRS6	SHI/STY (SRS)
GRMZM2G135783	ZmSRS7	SHI/STY (SRS)
Zm00001d021285	ZmSRS7	SHI/STY (SRS)
Zm00001eb319530	ZmSRS7	SHI/STY (SRS)
Zm00001d021290	ZmSRS8	SHI/STY (SRS)
Zm00001eb319580	ZmSRS8	SHI/STY (SRS)
GRMZM2G179021	ZmSRS8	SHI/STY (SRS)
Zm00001eb362740	ZmSRS9	SHI/STY (SRS)
Zm00001d011843	ZmSRS9	SHI/STY (SRS)
GRMZM2G077752	ZmSRS9	SHI/STY (SRS)
Zm00001d009971	ZmSRS10	SHI/STY (SRS)
GRMZM5G893547	ZmSRS10	SHI/STY (SRS)
Zm00001eb347090	ZmSRS10	SHI/STY (SRS)
AC235535.1_FG001	ZmSNF2_1	SNF2
Zm00001d009312	ZmSNF2_1	SNF2
Zm00001eb341650	ZmSNF2_1	SNF2
Zm00001eb394610	ZmSNF2_2	SNF2
GRMZM2G007922	ZmSNF2_2	SNF2
Zm00001eb394620	ZmSNF2_2	SNF2
Zm00001d047471	ZmSNF2_2	SNF2
GRMZM2G008066	ZmSNF2_2	SNF2
Zm00001d040831	ZmSNF2_3	SNF2
Zm00001eb131790	ZmSNF2_3	SNF2
GRMZM2G015277	ZmSNF2_3	SNF2
GRMZM2G010085	ZmSNF2_3	SNF2
GRMZM2G010342	ZmSNF2_4	SNF2
Zm00001d022405	ZmSNF2_4	SNF2
Zm00001d050642	ZmSNF2_5	SNF2
Zm00001eb181290	ZmSNF2_5	SNF2
GRMZM2G015190	ZmSNF2_5	SNF2
Zm00001d021607	ZmSNF2_6	SNF2
Zm00001eb322510	ZmSNF2_6	SNF2
GRMZM2G021233	ZmSNF2_6	SNF2
GRMZM2G030768	ZmSNF2_7	SNF2
Zm00001d050061	ZmSNF2_7	SNF2
Zm00001eb176980	ZmSNF2_7	SNF2
Zm00001eb404510	ZmSNF2_8	SNF2
GRMZM2G049168	ZmSNF2_8	SNF2
Zm00001d048552	ZmSNF2_8	SNF2
Zm00001d040203	ZmSNF2_9	SNF2
Zm00001eb127010	ZmSNF2_9	SNF2
GRMZM2G070264	ZmSNF2_9	SNF2
GRMZM2G071025	ZmSNF2_10	SNF2
Zm00001d033827	ZmSNF2_10	SNF2
Zm00001eb055640	ZmSNF2_10	SNF2
GRMZM2G303105	ZmSNF2_11	SNF2
Zm00001eb417900	ZmSNF2_11	SNF2
Zm00001d024816	ZmSNF2_11	SNF2
GRMZM2G097289	ZmSNF2_11	SNF2
Zm00001d006798	ZmSNF2_12	SNF2
Zm00001eb108690	ZmSNF2_12	SNF2
GRMZM2G102625	ZmSNF2_12	SNF2
Zm00001eb331510	ZmSNF2_13	SNF2
Zm00001d022576	ZmSNF2_13	SNF2
GRMZM2G108166	ZmSNF2_13	SNF2
GRMZM2G117060	ZmSNF2_14	SNF2
Zm00001d002656	ZmSNF2_14	SNF2
Zm00001eb073870	ZmSNF2_14	SNF2
GRMZM2G126774	ZmSNF2_15	SNF2
Zm00001eb328680	ZmSNF2_15	SNF2
Zm00001d022267	ZmSNF2_15	SNF2
Zm00001d002950	ZmSNF2_16	SNF2
GRMZM2G138125	ZmSNF2_16	SNF2
Zm00001eb076670	ZmSNF2_16	SNF2
GRMZM2G141258	ZmSNF2_17	SNF2
Zm00001d007089	ZmSNF2_17	SNF2
Zm00001eb110770	ZmSNF2_17	SNF2
AC209332.3_FG011	ZmSNF2_18	SNF2
GRMZM2G146041	ZmSNF2_18	SNF2
Zm00001d013828	ZmSNF2_18	SNF2
Zm00001eb220010	ZmSNF2_18	SNF2
GRMZM2G148249	ZmSNF2_19	SNF2
Zm00001d022313	ZmSNF2_19	SNF2
Zm00001eb329060	ZmSNF2_19	SNF2
GRMZM2G152306	ZmSNF2_20	SNF2
Zm00001d012385	ZmSNF2_20	SNF2
Zm00001eb367710	ZmSNF2_20	SNF2
Zm00001d012386	ZmSNF2_20	SNF2
GRMZM2G154946	ZmSNF2_21	SNF2
Zm00001d038113	ZmSNF2_21	SNF2
Zm00001eb287330	ZmSNF2_21	SNF2
GRMZM2G130739	ZmSNF2_22	SNF2
Zm00001eb046650	ZmSNF2_22	SNF2
Zm00001d032801	ZmSNF2_22	SNF2
GRMZM2G049766	ZmSNF2_22	SNF2
GRMZM2G435541	ZmSNF2_22	SNF2
GRMZM2G163436	ZmSNF2_22	SNF2
Zm00001d014977	ZmSNF2_23	SNF2
Zm00001eb229760	ZmSNF2_23	SNF2
GRMZM2G163849	ZmSNF2_23	SNF2
GRMZM2G168096	ZmSNF2_24	SNF2
Zm00001d039160	ZmSNF2_24	SNF2
Zm00001eb297280	ZmSNF2_24	SNF2
Zm00001eb117870	ZmSNF2_25	SNF2
GRMZM2G177165	ZmSNF2_25	SNF2
Zm00001d007978	ZmSNF2_25	SNF2
Zm00001eb186260	ZmSNF2_26	SNF2
GRMZM2G178435	ZmSNF2_26	SNF2
Zm00001d051324	ZmSNF2_26	SNF2
Zm00001eb361730	ZmSNF2_27	SNF2
Zm00001d011743	ZmSNF2_27	SNF2
Zm00001d011744	ZmSNF2_27	SNF2
Zm00001eb361720	ZmSNF2_27	SNF2
Zm00001eb361740	ZmSNF2_27	SNF2
GRMZM2G313833	ZmSNF2_27	SNF2
GRMZM2G324781	ZmSNF2_28	SNF2
Zm00001eb431470	ZmSNF2_28	SNF2
Zm00001d026366	ZmSNF2_28	SNF2
Zm00001d042080	ZmSNF2_29	SNF2
Zm00001eb140820	ZmSNF2_29	SNF2
GRMZM2G379804	ZmSNF2_29	SNF2
GRMZM2G381402	ZmSNF2_30	SNF2
GRMZM2G381386	ZmSNF2_30	SNF2
Zm00001d022436	ZmSNF2_30	SNF2
Zm00001eb330720	ZmSNF2_30	SNF2
GRMZM2G393742	ZmSNF2_31	SNF2
Zm00001eb416780	ZmSNF2_31	SNF2
Zm00001d024677	ZmSNF2_31	SNF2
GRMZM2G428242	ZmSNF2_32	SNF2
Zm00001d017660	ZmSNF2_32	SNF2
Zm00001eb251110	ZmSNF2_32	SNF2
Zm00001eb251100	ZmSNF2_32	SNF2
Zm00001d015595	ZmSNF2_33	SNF2
GRMZM2G431291	ZmSNF2_33	SNF2
Zm00001d015594	ZmSNF2_33	SNF2
Zm00001eb234580	ZmSNF2_33	SNF2
Zm00001eb234590	ZmSNF2_33	SNF2
Zm00001d015596	ZmSNF2_33	SNF2
Zm00001d015597	ZmSNF2_33	SNF2
GRMZM2G437711	ZmSNF2_34	SNF2
Zm00001eb057880	ZmSNF2_34	SNF2
Zm00001d034078	ZmSNF2_34	SNF2
GRMZM2G439281	ZmSNF2_35	SNF2
Zm00001d022046	ZmSNF2_35	SNF2
Zm00001eb326710	ZmSNF2_35	SNF2
GRMZM2G313553	ZmSNF2_35	SNF2
GRMZM2G449355	ZmSNF2_36	SNF2
Zm00001eb171780	ZmSNF2_36	SNF2
Zm00001d049455	ZmSNF2_36	SNF2
GRMZM2G469162	ZmSNF2_37	SNF2
Zm00001eb017010	ZmSNF2_37	SNF2
Zm00001d029180	ZmSNF2_37	SNF2
Zm00001eb017000	ZmSNF2_37	SNF2
Zm00001d045635	ZmSNF2_38	SNF2
Zm00001eb379660	ZmSNF2_38	SNF2
GRMZM2G472428	ZmSNF2_38	SNF2
Zm00001d049605	ZmSNF2_39	SNF2
Zm00001eb173050	ZmSNF2_39	SNF2
GRMZM2G574858	ZmSNF2_39	SNF2
GRMZM2G178758	ZmSNF2_40	SNF2
Zm00001eb187690	ZmSNF2_40	SNF2
GRMZM2G081429	ZmSNF2_40	SNF2
Zm00001d051507	ZmSNF2_40	SNF2
Zm00001eb125690	ZmSNF2_41	SNF2
Zm00001d040037	ZmSNF2_41	SNF2
Zm00001eb125680	ZmSNF2_41	SNF2
GRMZM2G387890	ZmSNF2_42	SNF2
GRMZM2G467799	ZmSNF2_42	SNF2
Zm00001eb280740	ZmSNF2_42	SNF2
Zm00001d037346	ZmSNF2_42	SNF2
Zm00001eb441590	ZmSNF2_43	SNF2
Zm00001d047956	ZmSNF2_44	SNF2
Zm00001eb398980	ZmSNF2_44	SNF2
Zm00001d012624	ZmSNF2_45	SNF2
GRMZM5G829297	ZmSNF2_45	SNF2
Zm00001eb369880	ZmSNF2_45	SNF2
Zm00001eb405940	ZmSNF2_46	SNF2
Zm00001d023326	ZmSNF2_46	SNF2
GRMZM2G003625	ZmSNF2_46	SNF2
Zm00001eb405950	ZmSNF2_46	SNF2
Zm00001eb147680	ZmSNF2_47	SNF2
GRMZM2G083138	ZmSNF2_48	SNF2
Zm00001eb255780	ZmSNF2_48	SNF2
Zm00001d018151	ZmSNF2_48	SNF2
Zm00001eb020820	ZmSNF2_49	SNF2
Zm00001eb020810	ZmSNF2_49	SNF2
Zm00001d029606	ZmSNF2_49	SNF2
Zm00001eb020830	ZmSNF2_49	SNF2
Zm00001d032827	ZmSNF2_50	SNF2
Zm00001d032826	ZmSNF2_50	SNF2
Zm00001eb046940	ZmSNF2_50	SNF2
Zm00001eb046950	ZmSNF2_50	SNF2
Zm00001eb046930	ZmSNF2_50	SNF2
Zm00001d045663	ZmSNF2_51	SNF2
Zm00001eb379970	ZmSNF2_51	SNF2
Zm00001eb379960	ZmSNF2_51	SNF2
Zm00001eb095860	ZmSNF2_52	SNF2
Zm00001eb095850	ZmSNF2_52	SNF2
Zm00001eb080010	ZmSNF2_53	SNF2
Zm00001d032471	ZmBAF60_1	SWI/SNF-BAF60
GRMZM2G703918	ZmBAF60_1	SWI/SNF-BAF60
Zm00001d032470	ZmBAF60_1	SWI/SNF-BAF60
AC210173.4_FG002	ZmBAF60_1	SWI/SNF-BAF60
Zm00001eb043720	ZmBAF60_1	SWI/SNF-BAF60
AC233967.1_FG001	ZmBAF60_2	SWI/SNF-BAF60
Zm00001d003729	ZmBAF60_2	SWI/SNF-BAF60
Zm00001eb083370	ZmBAF60_2	SWI/SNF-BAF60
GRMZM2G022382	ZmBAF60_3	SWI/SNF-BAF60
Zm00001d001937	ZmBAF60_4	SWI/SNF-BAF60
Zm00001eb067200	ZmBAF60_4	SWI/SNF-BAF60
GRMZM2G035325	ZmBAF60_4	SWI/SNF-BAF60
GRMZM2G046286	ZmBAF60_5	SWI/SNF-BAF60
Zm00001d037851	ZmBAF60_5	SWI/SNF-BAF60
Zm00001d007039	ZmBAF60_6	SWI/SNF-BAF60
Zm00001eb110350	ZmBAF60_6	SWI/SNF-BAF60
GRMZM2G052416	ZmBAF60_6	SWI/SNF-BAF60
Zm00001eb214330	ZmBAF60_7	SWI/SNF-BAF60
GRMZM2G077088	ZmBAF60_7	SWI/SNF-BAF60
Zm00001d013221	ZmBAF60_7	SWI/SNF-BAF60
Zm00001eb220400	ZmBAF60_8	SWI/SNF-BAF60
Zm00001d013863	ZmBAF60_8	SWI/SNF-BAF60
GRMZM2G078379	ZmBAF60_8	SWI/SNF-BAF60
Zm00001d013864	ZmBAF60_8	SWI/SNF-BAF60
Zm00001d026541	ZmBAF60_9	SWI/SNF-BAF60
Zm00001eb433030	ZmBAF60_9	SWI/SNF-BAF60
GRMZM2G124502	ZmBAF60_9	SWI/SNF-BAF60
Zm00001d035321	ZmBAF60_10	SWI/SNF-BAF60
GRMZM2G143788	ZmBAF60_10	SWI/SNF-BAF60
Zm00001eb264760	ZmBAF60_10	SWI/SNF-BAF60
Zm00001eb083300	ZmBAF60_11	SWI/SNF-BAF60
Zm00001d003724	ZmBAF60_11	SWI/SNF-BAF60
GRMZM2G148198	ZmBAF60_11	SWI/SNF-BAF60
Zm00001eb214210	ZmBAF60_12	SWI/SNF-BAF60
GRMZM2G171588	ZmBAF60_12	SWI/SNF-BAF60
Zm00001d013204	ZmBAF60_12	SWI/SNF-BAF60
Zm00001eb145560	ZmBAF60_13	SWI/SNF-BAF60
GRMZM2G312672	ZmBAF60_13	SWI/SNF-BAF60
Zm00001d042605	ZmBAF60_13	SWI/SNF-BAF60
Zm00001eb208960	ZmBAF60_14	SWI/SNF-BAF60
Zm00001d053979	ZmBAF60_14	SWI/SNF-BAF60
GRMZM2G324162	ZmBAF60_14	SWI/SNF-BAF60
Zm00001d053980	ZmBAF60_14	SWI/SNF-BAF60
GRMZM2G023399	ZmBAF60_14	SWI/SNF-BAF60
GRMZM6G910222	ZmBAF60_14	SWI/SNF-BAF60
Zm00001eb208950	ZmBAF60_14	SWI/SNF-BAF60
Zm00001eb199700	ZmBAF60_15	SWI/SNF-BAF60
Zm00001eb199690	ZmBAF60_15	SWI/SNF-BAF60
Zm00001d052872	ZmBAF60_15	SWI/SNF-BAF60
Zm00001d052873	ZmBAF60_15	SWI/SNF-BAF60
Zm00001d052871	ZmBAF60_15	SWI/SNF-BAF60
GRMZM2G332809	ZmBAF60_15	SWI/SNF-BAF60
GRMZM2G350447	ZmBAF60_16	SWI/SNF-BAF60
Zm00001eb371050	ZmBAF60_16	SWI/SNF-BAF60
Zm00001d012755	ZmBAF60_16	SWI/SNF-BAF60
GRMZM2G393471	ZmBAF60_17	SWI/SNF-BAF60
Zm00001eb404070	ZmBAF60_17	SWI/SNF-BAF60
Zm00001d048510	ZmBAF60_17	SWI/SNF-BAF60
GRMZM2G408096	ZmBAF60_18	SWI/SNF-BAF60
Zm00001d010235	ZmBAF60_18	SWI/SNF-BAF60
Zm00001eb349090	ZmBAF60_18	SWI/SNF-BAF60
Zm00001d027334	ZmBAF60_19	SWI/SNF-BAF60
GRMZM2G436226	ZmBAF60_19	SWI/SNF-BAF60
Zm00001eb000870	ZmBAF60_19	SWI/SNF-BAF60
Zm00001d043434	ZmBAF60_20	SWI/SNF-BAF60
GRMZM2G443814	ZmBAF60_20	SWI/SNF-BAF60
Zm00001eb152970	ZmBAF60_20	SWI/SNF-BAF60
Zm00001eb231130	ZmBAF60_21	SWI/SNF-BAF60
GRMZM2G524937	ZmBAF60_21	SWI/SNF-BAF60
Zm00001d015127	ZmBAF60_21	SWI/SNF-BAF60
Zm00001eb231120	ZmBAF60_21	SWI/SNF-BAF60
GRMZM5G886709	ZmBAF60_22	SWI/SNF-BAF60
GRMZM5G817934	ZmBAF60_22	SWI/SNF-BAF60
Zm00001d034159	ZmBAF60_22	SWI/SNF-BAF60
Zm00001eb058450	ZmBAF60_22	SWI/SNF-BAF60
GRMZM5G859148	ZmBAF60_23	SWI/SNF-BAF60
Zm00001eb085720	ZmBAF60_23	SWI/SNF-BAF60
GRMZM5G886709	ZmBAF60_24	SWI/SNF-BAF60
GRMZM5G817934	ZmBAF60_24	SWI/SNF-BAF60
Zm00001d034159	ZmBAF60_24	SWI/SNF-BAF60
Zm00001eb058450	ZmBAF60_24	SWI/SNF-BAF60
Zm00001eb153160	ZmBAF60_25	SWI/SNF-BAF60
Zm00001d043457	ZmBAF60_25	SWI/SNF-BAF60
Zm00001eb329130	ZmBAF60_26	SWI/SNF-BAF60
Zm00001d022322	ZmBAF60_26	SWI/SNF-BAF60
Zm00001d020979	ZmBAF60_27	SWI/SNF-BAF60
Zm00001eb317150	ZmBAF60_27	SWI/SNF-BAF60
Zm00001d039550	ZmBAF60_28	SWI/SNF-BAF60
Zm00001eb121850	ZmBAF60_28	SWI/SNF-BAF60
Zm00001eb377890	ZmBAF60_29	SWI/SNF-BAF60
Zm00001d045433	ZmBAF60_29	SWI/SNF-BAF60
GRMZM2G019863	ZmSWI3_1	SWI/SNF-SWI3
Zm00001d002684	ZmSWI3_1	SWI/SNF-SWI3
Zm00001eb074140	ZmSWI3_1	SWI/SNF-SWI3
GRMZM2G030529	ZmSWI3_2	SWI/SNF-SWI3
Zm00001d029714	ZmSWI3_2	SWI/SNF-SWI3
Zm00001eb021760	ZmSWI3_2	SWI/SNF-SWI3
Zm00001d018102	ZmSWI3_3	SWI/SNF-SWI3
GRMZM2G059958	ZmSWI3_3	SWI/SNF-SWI3
Zm00001eb255360	ZmSWI3_3	SWI/SNF-SWI3
Zm00001eb416560	ZmSWI3_4	SWI/SNF-SWI3
GRMZM2G149786	ZmSWI3_4	SWI/SNF-SWI3
Zm00001d024647	ZmSWI3_4	SWI/SNF-SWI3
Zm00001eb012130	ZmSIG1	Sigma70-like
Zm00001d028585	ZmSIG1	Sigma70-like
GRMZM2G100086	ZmSIG1	Sigma70-like
GRMZM2G164084	ZmSIG2	Sigma70-like
GRMZM2G003182	ZmSIG3	Sigma70-like
Zm00001eb169360	ZmSIG4	Sigma70-like
GRMZM2G143392	ZmSIG4	Sigma70-like
Zm00001d049160	ZmSIG4	Sigma70-like
GRMZM2G543629	ZmSIG5	Sigma70-like
Zm00001eb172090	ZmSIG5	Sigma70-like
Zm00001d049494	ZmSIG5	Sigma70-like
Zm00001eb210370	ZmSIG6	Sigma70-like
GRMZM2G144196	ZmSIG6	Sigma70-like
Zm00001d012810	ZmSIG6	Sigma70-like
GRMZM5G830932	ZmSIG7	Sigma70-like
Zm00001d039181	ZmSIG7	Sigma70-like
Zm00001eb297490	ZmSIG7	Sigma70-like
Zm00001d039194	ZmSIG8	Sigma70-like
Zm00001eb297590	ZmSIG8	Sigma70-like
GRMZM2G077436	ZmSIG8	Sigma70-like
Zm00001d024507	ZmSIG9	Sigma70-like
Zm00001eb415360	ZmSIG9	Sigma70-like
GRMZM2G006736	ZmSIG9	Sigma70-like
Zm00001eb135220	ZmTAZ2	TAZ
Zm00001d041378	ZmTAZ2	TAZ
GRMZM2G069886	ZmTAZ2	TAZ
GRMZM2G121115	ZmTAZ3	TAZ
Zm00001eb246190	ZmTAZ3	TAZ
Zm00001d017101	ZmTAZ3	TAZ
GRMZM2G139977	ZmTAZ4	TAZ
Zm00001d015209	ZmTAZ4	TAZ
Zm00001eb231830	ZmTAZ4	TAZ
GRMZM2G335438	ZmTAZ5	TAZ
Zm00001d030914	ZmTAZ5	TAZ
Zm00001eb030540	ZmTAZ5	TAZ
Zm00001d054003	ZmTAZ6	TAZ
Zm00001eb209230	ZmTAZ6	TAZ
GRMZM2G470556	ZmTAZ6	TAZ
GRMZM5G807064	ZmTAZ7	TAZ
Zm00001eb145030	ZmTAZ7	TAZ
Zm00001d042549	ZmTAZ7	TAZ
Zm00001eb425100	ZmTAZ8	TAZ
Zm00001d025707	ZmTAZ8	TAZ
AC233950.1_FG002	ZmTCP1	TCP
Zm00001d033673	ZmTCP1	TCP
Zm00001eb054440	ZmTCP1	TCP
Zm00001eb200960	ZmTCP2	TCP
Zm00001eb200970	ZmTCP2	TCP
Zm00001d053020	ZmTCP2	TCP
GRMZM2G003944	ZmTCP2	TCP
GRMZM2G110242	ZmTCP3	TCP
Zm00001d005737	ZmTCP3	TCP
Zm00001eb099370	ZmTCP3	TCP
Zm00001eb259370	ZmTCP4	TCP
Zm00001d018530	ZmTCP4	TCP
GRMZM2G445944	ZmTCP4	TCP
GRMZM2G115516	ZmTCP5	TCP
Zm00001eb059920	ZmTCP5	TCP
Zm00001d034353	ZmTCP5	TCP
AC190734.2_FG003	ZmTCP6	TCP
Zm00001d013467	ZmTCP6	TCP
Zm00001eb216630	ZmTCP6	TCP
Zm00001eb353030	ZmTCP7	TCP
Zm00001d010730	ZmTCP7	TCP
GRMZM2G035944	ZmTCP7	TCP
Zm00001d042305	ZmTCP8	TCP
Zm00001eb142960	ZmTCP8	TCP
GRMZM2G092214	ZmTCP8	TCP
Zm00001d044836	ZmTCP9	TCP
GRMZM2G113888	ZmTCP9	TCP
Zm00001eb372490	ZmTCP9	TCP
GRMZM2G142751	ZmTCP10	TCP
Zm00001d037221	ZmTCP10	TCP
Zm00001eb279580	ZmTCP10	TCP
GRMZM2G166687	ZmTCP11	TCP
Zm00001d032217	ZmTCP11	TCP
Zm00001eb041640	ZmTCP11	TCP
Zm00001eb408080	ZmTCP12	TCP
Zm00001eb408090	ZmTCP12	TCP
Zm00001d023565	ZmTCP12	TCP
GRMZM2G093895	ZmTCP12	TCP
Zm00001d001971	ZmTCP13	TCP
Zm00001eb164370	ZmTCP13	TCP
GRMZM2G359599	ZmTCP13	TCP
Zm00001d048591	ZmTCP13	TCP
Zm00001eb427010	ZmTCP14	TCP
GRMZM2G465091	ZmTCP14	TCP
Zm00001d025896	ZmTCP14	TCP
Zm00001eb427020	ZmTCP14	TCP
GRMZM2G060319	ZmTCP15	TCP
Zm00001eb179560	ZmTCP15	TCP
Zm00001d050389	ZmTCP15	TCP
Zm00001eb248270	ZmTCP16	TCP
Zm00001d017350	ZmTCP16	TCP
GRMZM2G178603	ZmTCP16	TCP
GRMZM2G458087	ZmTCP17	TCP
GRMZM2G155962	ZmTCP17	TCP
Zm00001d025250	ZmTCP17	TCP
Zm00001d025249	ZmTCP17	TCP
Zm00001eb421220	ZmTCP17	TCP
Zm00001d020433	ZmTCP18	TCP
GRMZM2G064628	ZmTCP18	TCP
Zm00001eb312380	ZmTCP18	TCP
AC199782.5_FG003	ZmTCP19	TCP
Zm00001d006165	ZmTCP19	TCP
Zm00001eb103060	ZmTCP19	TCP
GRMZM2G034638	ZmTCP20	TCP
GRMZM2G330719	ZmTCP20	TCP
Zm00001d011985	ZmTCP20	TCP
Zm00001eb364110	ZmTCP20	TCP
Zm00001eb364120	ZmTCP20	TCP
Zm00001eb037480	ZmTCP21	TCP
GRMZM2G107031	ZmTCP21	TCP
Zm00001d031725	ZmTCP21	TCP
Zm00001d051154	ZmTCP22	TCP
Zm00001eb185180	ZmTCP22	TCP
GRMZM2G135461	ZmTCP22	TCP
GRMZM2G120151	ZmTCP23	TCP
Zm00001eb292690	ZmTCP23	TCP
Zm00001d038683	ZmTCP23	TCP
GRMZM2G015037	ZmTCP24	TCP
Zm00001d008919	ZmTCP24	TCP
GRMZM2G078077	ZmTCP25	TCP
Zm00001eb185560	ZmTCP25	TCP
Zm00001d051216	ZmTCP25	TCP
Zm00001eb254600	ZmTCP26	TCP
GRMZM2G077755	ZmTCP26	TCP
Zm00001d018045	ZmTCP26	TCP
GRMZM2G414114	ZmTCP27	TCP
Zm00001eb113670	ZmTCP27	TCP
GRMZM2G062711	ZmTCP28	TCP
GRMZM2G148022	ZmTCP29	TCP
Zm00001d012725	ZmTCP29	TCP
Zm00001eb370770	ZmTCP29	TCP
Zm00001eb152350	ZmTCP30	TCP
GRMZM2G166946	ZmTCP30	TCP
Zm00001d043368	ZmTCP30	TCP
Zm00001d041866	ZmTCP31	TCP
GRMZM2G089638	ZmTCP31	TCP
GRMZM2G031905	ZmTCP32	TCP
Zm00001eb120010	ZmTCP33	TCP
AC205574.3_FG006	ZmTCP33	TCP
Zm00001eb120020	ZmTCP33	TCP
Zm00001d039371	ZmTCP33	TCP
AC234521.1_FG006	ZmTCP34	TCP
Zm00001d002818	ZmTCP34	TCP
GRMZM2G055024	ZmTCP35	TCP
Zm00001d048674	ZmTCP35	TCP
GRMZM2G424261	ZmTCP36	TCP
Zm00001eb421510	ZmTCP36	TCP
Zm00001d025295	ZmTCP36	TCP
GRMZM2G088440	ZmTCP37	TCP
Zm00001d005763	ZmTCP37	TCP
GRMZM2G180568	ZmTCP38	TCP
Zm00001eb328570	ZmTCP38	TCP
Zm00001d022256	ZmTCP38	TCP
GRMZM2G170232	ZmTCP39	TCP
Zm00001d049645	ZmTCP39	TCP
Zm00001d049646	ZmTCP39	TCP
GRMZM2G096610	ZmTCP40	TCP
Zm00001d025033	ZmTCP40	TCP
Zm00001eb419680	ZmTCP40	TCP
Zm00001d004791	ZmTCP41	TCP
Zm00001eb091630	ZmTCP41	TCP
GRMZM2G416524	ZmTCP41	TCP
AC213524.3_FG003	ZmTCP42	TCP
Zm00001d031597	ZmTCP42	TCP
Zm00001eb036400	ZmTCP42	TCP
Zm00001eb036410	ZmTCP42	TCP
Zm00001eb117560	ZmTCP43	TCP
GRMZM2G020805	ZmTCP43	TCP
Zm00001d007868	ZmTCP43	TCP
Zm00001d013119	ZmTCP44	TCP
Zm00001eb213430	ZmTCP44	TCP
GRMZM2G089361	ZmTCP44	TCP
Zm00001d030684	ZmTCP45	TCP
Zm00001eb028880	ZmTCP45	TCP
Zm00001eb194490	ZmTCP46	TCP
Zm00001d052256	ZmTCP46	TCP
Zm00001eb194480	ZmTCP46	TCP
Zm00001d022253	ZmTRAF1	TRAF
Zm00001eb328550	ZmTRAF1	TRAF
AC195147.3_FG001	ZmTRAF1	TRAF
GRMZM2G000909	ZmTRAF2	TRAF
Zm00001eb378460	ZmTRAF2	TRAF
Zm00001d045494	ZmTRAF2	TRAF
GRMZM2G000936	ZmTRAF3	TRAF
Zm00001eb114430	ZmTRAF3	TRAF
Zm00001d007522	ZmTRAF3	TRAF
GRMZM2G009724	ZmTRAF5	TRAF
Zm00001d046968	ZmTRAF5	TRAF
Zm00001eb389910	ZmTRAF5	TRAF
Zm00001d042234	ZmTRAF6	TRAF
Zm00001eb142310	ZmTRAF6	TRAF
GRMZM2G017404	ZmTRAF6	TRAF
Zm00001eb405060	ZmTRAF7	TRAF
GRMZM2G022606	ZmTRAF7	TRAF
Zm00001d023246	ZmTRAF7	TRAF
Zm00001d004966	ZmTRAF8	TRAF
Zm00001eb093200	ZmTRAF8	TRAF
GRMZM2G026556	ZmTRAF8	TRAF
Zm00001eb035940	ZmTRAF9	TRAF
GRMZM2G026664	ZmTRAF9	TRAF
Zm00001d049350	ZmTRAF10	TRAF
Zm00001eb170960	ZmTRAF10	TRAF
GRMZM2G026724	ZmTRAF10	TRAF
Zm00001d037051	ZmTRAF11	TRAF
Zm00001eb278060	ZmTRAF11	TRAF
GRMZM2G038691	ZmTRAF11	TRAF
Zm00001eb035890	ZmTRAF12	TRAF
Zm00001d031549	ZmTRAF12	TRAF
GRMZM2G337139	ZmTRAF12	TRAF
GRMZM2G040509	ZmTRAF12	TRAF
Zm00001eb035900	ZmTRAF12	TRAF
Zm00001eb035890	ZmTRAF12	TRAF
Zm00001d031549	ZmTRAF12	TRAF
GRMZM2G337139	ZmTRAF12	TRAF
GRMZM2G040509	ZmTRAF12	TRAF
Zm00001eb035900	ZmTRAF12	TRAF
Zm00001eb414130	ZmTRAF13	TRAF
GRMZM2G041963	ZmTRAF13	TRAF
Zm00001d024351	ZmTRAF13	TRAF
Zm00001eb409490	ZmTRAF14	TRAF
Zm00001d023740	ZmTRAF14	TRAF
GRMZM2G046238	ZmTRAF14	TRAF
GRMZM2G048192	ZmTRAF15	TRAF
Zm00001d036840	ZmTRAF15	TRAF
Zm00001eb276280	ZmTRAF15	TRAF
GRMZM2G048281	ZmTRAF16	TRAF
Zm00001d013741	ZmTRAF16	TRAF
Zm00001eb219190	ZmTRAF16	TRAF
Zm00001eb118370	ZmTRAF17	TRAF
GRMZM2G052985	ZmTRAF17	TRAF
Zm00001d007888	ZmTRAF17	TRAF
Zm00001d011878	ZmTRAF18	TRAF
GRMZM2G060723	ZmTRAF18	TRAF
Zm00001eb363100	ZmTRAF18	TRAF
Zm00001eb060340	ZmTRAF19	TRAF
GRMZM2G060765	ZmTRAF19	TRAF
Zm00001d034400	ZmTRAF19	TRAF
GRMZM2G076450	ZmTRAF20	TRAF
Zm00001d012660	ZmTRAF20	TRAF
Zm00001eb370160	ZmTRAF20	TRAF
Zm00001eb121040	ZmTRAF21	TRAF
Zm00001d039469	ZmTRAF21	TRAF
GRMZM2G077197	ZmTRAF21	TRAF
GRMZM2G077428	ZmTRAF22	TRAF
Zm00001d033082	ZmTRAF22	TRAF
Zm00001eb049070	ZmTRAF22	TRAF
Zm00001eb418740	ZmTRAF23	TRAF
Zm00001d024915	ZmTRAF23	TRAF
GRMZM2G077951	ZmTRAF23	TRAF
GRMZM2G081441	ZmTRAF24	TRAF
Zm00001eb174790	ZmTRAF24	TRAF
Zm00001d049774	ZmTRAF24	TRAF
Zm00001d036646	ZmTRAF25	TRAF
Zm00001eb274310	ZmTRAF25	TRAF
GRMZM2G088086	ZmTRAF25	TRAF
Zm00001d011923	ZmTRAF26	TRAF
Zm00001eb363540	ZmTRAF26	TRAF
GRMZM2G095510	ZmTRAF26	TRAF
Zm00001d010341	ZmTRAF27	TRAF
Zm00001eb349910	ZmTRAF27	TRAF
GRMZM2G098227	ZmTRAF27	TRAF
Zm00001eb287530	ZmTRAF28	TRAF
Zm00001d038134	ZmTRAF28	TRAF
GRMZM2G100946	ZmTRAF28	TRAF
Zm00001eb274300	ZmTRAF29	TRAF
GRMZM2G103251	ZmTRAF29	TRAF
Zm00001d036643	ZmTRAF29	TRAF
GRMZM2G109738	ZmTRAF30	TRAF
Zm00001eb305500	ZmTRAF30	TRAF
Zm00001d019441	ZmTRAF30	TRAF
Zm00001eb200590	ZmTRAF31	TRAF
Zm00001d052974	ZmTRAF31	TRAF
GRMZM2G118082	ZmTRAF31	TRAF
Zm00001eb273960	ZmTRAF32	TRAF
Zm00001d036611	ZmTRAF32	TRAF
GRMZM2G128485	ZmTRAF32	TRAF
Zm00001d052837	ZmTRAF33	TRAF
GRMZM2G130505	ZmTRAF33	TRAF
Zm00001eb199410	ZmTRAF33	TRAF
GRMZM2G143782	ZmTRAF34	TRAF
Zm00001eb274280	ZmTRAF34	TRAF
Zm00001d036641	ZmTRAF34	TRAF
GRMZM2G154437	ZmTRAF35	TRAF
Zm00001d001767	ZmTRAF35	TRAF
Zm00001eb065610	ZmTRAF35	TRAF
GRMZM2G161569	ZmTRAF36	TRAF
Zm00001d024349	ZmTRAF36	TRAF
Zm00001eb414110	ZmTRAF36	TRAF
Zm00001d036647	ZmTRAF37	TRAF
Zm00001eb274320	ZmTRAF37	TRAF
GRMZM2G161610	ZmTRAF37	TRAF
GRMZM2G162640	ZmTRAF38	TRAF
Zm00001eb428440	ZmTRAF38	TRAF
Zm00001d026051	ZmTRAF38	TRAF
Zm00001d052768	ZmTRAF39	TRAF
GRMZM2G163671	ZmTRAF39	TRAF
Zm00001eb198850	ZmTRAF39	TRAF
Zm00001eb281240	ZmTRAF40	TRAF
Zm00001d037420	ZmTRAF40	TRAF
GRMZM2G164669	ZmTRAF40	TRAF
GRMZM2G320703	ZmTRAF41	TRAF
Zm00001d019328	ZmTRAF41	TRAF
Zm00001eb304620	ZmTRAF41	TRAF
AC205834.3_FG003	ZmTRAF42	TRAF
Zm00001d053354	ZmTRAF42	TRAF
Zm00001eb203840	ZmTRAF42	TRAF
GRMZM2G350711	ZmTRAF42	TRAF
Zm00001d049781	ZmTRAF43	TRAF
Zm00001eb174850	ZmTRAF43	TRAF
GRMZM2G372171	ZmTRAF43	TRAF
GRMZM2G404188	ZmTRAF44	TRAF
Zm00001eb035910	ZmTRAF44	TRAF
Zm00001d031550	ZmTRAF44	TRAF
Zm00001d048843	ZmTRAF45	TRAF
Zm00001eb166870	ZmTRAF45	TRAF
GRMZM2G574887	ZmTRAF45	TRAF
GRMZM5G805008	ZmTRAF46	TRAF
Zm00001d019513	ZmTRAF46	TRAF
Zm00001eb306050	ZmTRAF46	TRAF
Zm00001eb144120	ZmTRAF47	TRAF
GRMZM2G004161	ZmTRAF47	TRAF
Zm00001d042443	ZmTRAF47	TRAF
Zm00001d020120	ZmTRAF48	TRAF
Zm00001eb310110	ZmTRAF48	TRAF
GRMZM2G085189	ZmTRAF49	TRAF
Zm00001d034194	ZmTRAF49	TRAF
Zm00001eb058760	ZmTRAF49	TRAF
Zm00001eb305650	ZmTRAF50	TRAF
GRMZM2G364697	ZmTRAF50	TRAF
Zm00001d019456	ZmTRAF50	TRAF
Zm00001eb213160	ZmTRAF51	TRAF
Zm00001d013094	ZmTRAF51	TRAF
GRMZM2G166049	ZmTRAF51	TRAF
Zm00001eb409110	ZmTRAF52	TRAF
GRMZM2G436511	ZmTRAF53	TRAF
Zm00001eb320450	ZmTRAF53	TRAF
Zm00001d021387	ZmTRAF53	TRAF
GRMZM2G027688	ZmTRAF54	TRAF
Zm00001eb047620	ZmTRAF54	TRAF
GRMZM2G172210	ZmTRAF55	TRAF
Zm00001eb110590	ZmTRAF55	TRAF
Zm00001d007068	ZmTRAF55	TRAF
Zm00001eb262710	ZmTRAF56	TRAF
Zm00001d022366	ZmTRAF57	TRAF
GRMZM2G148213	ZmTRAF57	TRAF
Zm00001eb329510	ZmTRAF57	TRAF
Zm00001eb300900	ZmTRAF58	TRAF
Zm00001d018887	ZmTRAF58	TRAF
Zm00001d042774	ZmTRAF58	TRAF
Zm00001eb147200	ZmTRAF58	TRAF
GRMZM2G060276	ZmTRAF58	TRAF
GRMZM2G074323	ZmTRAF58	TRAF
GRMZM2G418031	ZmTRAF59	TRAF
Zm00001d014165	ZmTRAF59	TRAF
Zm00001eb222950	ZmTRAF59	TRAF
Zm00001eb141160	ZmTRAF60	TRAF
Zm00001eb141180	ZmTRAF60	TRAF
GRMZM2G039867	ZmTRAF60	TRAF
Zm00001d042111	ZmTRAF60	TRAF
Zm00001d012798	ZmTRAF61	TRAF
Zm00001eb210260	ZmTRAF61	TRAF
Zm00001eb360160	ZmTUB1	TUB
GRMZM2G068586	ZmTUB1	TUB
Zm00001d011578	ZmTUB1	TUB
Zm00001eb146720	ZmTUB2	TUB
Zm00001d042724	ZmTUB2	TUB
GRMZM5G866954	ZmTUB2	TUB
Zm00001eb202420	ZmTUB3	TUB
Zm00001d053179	ZmTUB3	TUB
GRMZM2G046816	ZmTUB3	TUB
Zm00001eb076160	ZmTUB4	TUB
Zm00001d002896	ZmTUB4	TUB
GRMZM2G108228	ZmTUB4	TUB
Zm00001d038691	ZmTUB5	TUB
GRMZM2G435445	ZmTUB5	TUB
Zm00001eb292770	ZmTUB5	TUB
Zm00001d051568	ZmTUB6	TUB
GRMZM2G176340	ZmTUB6	TUB
Zm00001eb188370	ZmTUB6	TUB
GRMZM2G163726	ZmTUB7	TUB
Zm00001d052765	ZmTUB7	TUB
Zm00001eb198820	ZmTUB7	TUB
Zm00001d015485	ZmTUB8	TUB
Zm00001eb233920	ZmTUB8	TUB
GRMZM2G472945	ZmTUB8	TUB
GRMZM2G115701	ZmTUB9	TUB
Zm00001d017773	ZmTUB9	TUB
Zm00001eb252060	ZmTUB9	TUB
GRMZM2G129288	ZmTUB10	TUB
Zm00001eb289070	ZmTUB10	TUB
Zm00001d038310	ZmTUB10	TUB
Zm00001eb016930	ZmTUB11	TUB
GRMZM2G378907	ZmTUB11	TUB
Zm00001d029165	ZmTUB11	TUB
GRMZM5G871407	ZmTUB12	TUB
GRMZM5G806742	ZmTUB12	TUB
Zm00001d012373	ZmTUB12	TUB
Zm00001eb367600	ZmTUB12	TUB
Zm00001eb390360	ZmTUB13	TUB
GRMZM2G349376	ZmTUB13	TUB
Zm00001d047019	ZmTUB13	TUB
Zm00001eb390350	ZmTUB13	TUB
Zm00001eb407690	ZmTUB14	TUB
GRMZM2G301122	ZmTUB14	TUB
Zm00001eb407680	ZmTUB14	TUB
Zm00001d023523	ZmTUB14	TUB
GRMZM2G001272	ZmTUB14	TUB
Zm00001eb407690	ZmTUB14	TUB
GRMZM2G301122	ZmTUB14	TUB
Zm00001eb407680	ZmTUB14	TUB
Zm00001d023523	ZmTUB14	TUB
GRMZM2G001272	ZmTUB14	TUB
Zm00001d043895	ZmTUB15	TUB
GRMZM2G062154	ZmTUB15	TUB
Zm00001eb157040	ZmTUB15	TUB
Zm00001d007106	ZmTUB16	TUB
Zm00001eb110940	ZmTUB16	TUB
GRMZM2G053311	ZmTUB16	TUB
Zm00001eb110950	ZmTUB16	TUB
Zm00001d048782	ZmTUB17	TUB
Zm00001eb166300	ZmTUB17	TUB
GRMZM2G089830	ZmTUB17	TUB
Zm00001eb383010	ZmTUB18	TUB
Zm00001eb383020	ZmTUB18	TUB
Zm00001d039784	ZmTUB19	TUB
Zm00001eb123760	ZmTUB19	TUB
Zm00001eb272030	ZmTUB20	TUB
Zm00001d036362	ZmTUB20	TUB
Zm00001d038994	ZmTHX1	Trihelix
Zm00001eb295700	ZmTHX1	Trihelix
GRMZM2G157219	ZmTHX1	Trihelix
Zm00001d025514	ZmTHX2	Trihelix
Zm00001eb423330	ZmTHX2	Trihelix
GRMZM2G392168	ZmTHX2	Trihelix
GRMZM2G415229	ZmTHX3	Trihelix
Zm00001d026245	ZmTHX3	Trihelix
Zm00001d029974	ZmTHX4	Trihelix
GRMZM2G481163	ZmTHX4	Trihelix
Zm00001eb023870	ZmTHX4	Trihelix
GRMZM2G016637	ZmTHX5	Trihelix
Zm00001d035457	ZmTHX5	Trihelix
Zm00001eb265100	ZmTHX5	Trihelix
Zm00001d011730	ZmTHX6	Trihelix
Zm00001eb361590	ZmTHX6	Trihelix
GRMZM2G339957	ZmTHX6	Trihelix
Zm00001eb033570	ZmTHX8	Trihelix
GRMZM2G379179	ZmTHX8	Trihelix
Zm00001d031266	ZmTHX8	Trihelix
GRMZM5G850092	ZmTHX13	Trihelix
Zm00001d052798	ZmTHX13	Trihelix
Zm00001eb199110	ZmTHX13	Trihelix
Zm00001eb360120	ZmTHX14	Trihelix
GRMZM2G163157	ZmTHX14	Trihelix
Zm00001d011571	ZmTHX14	Trihelix
Zm00001d003549	ZmTHX15	Trihelix
Zm00001eb081720	ZmTHX15	Trihelix
GRMZM2G021831	ZmTHX15	Trihelix
Zm00001eb157080	ZmTHX17	Trihelix
GRMZM2G080583	ZmTHX17	Trihelix
Zm00001d043902	ZmTHX17	Trihelix
Zm00001eb220250	ZmTHX19	Trihelix
GRMZM2G414159	ZmTHX19	Trihelix
Zm00001d013849	ZmTHX19	Trihelix
Zm00001d054080	ZMTHX21	Trihelix
GRMZM2G037128	ZMTHX21	Trihelix
Zm00001eb209880	ZMTHX21	Trihelix
Zm00001eb229400	ZmTHX22	Trihelix
Zm00001d014938	ZmTHX22	Trihelix
GRMZM2G111760	ZmTHX22	Trihelix
Zm00001eb071780	ZmTHX23	Trihelix
Zm00001d002424	ZmTHX23	Trihelix
GRMZM2G156348	ZmTHX23	Trihelix
GRMZM2G380094	ZmTHX24	Trihelix
Zm00001d016876	ZmTHX24	Trihelix
Zm00001eb244400	ZmTHX24	Trihelix
GRMZM2G002978	ZmTHX26	Trihelix
Zm00001d003836	ZmTHX26	Trihelix
Zm00001eb084300	ZmTHX26	Trihelix
GRMZM2G023119	ZmTHX27	Trihelix
Zm00001d030350	ZmTHX27	Trihelix
GRMZM2G037493	ZmTHX28	Trihelix
Zm00001d031391	ZmTHX28	Trihelix
GRMZM2G326783	ZmTHX29	Trihelix
Zm00001d047589	ZmTHX29	Trihelix
Zm00001eb395650	ZmTHX29	Trihelix
GRMZM2G428470	ZmTHX30	Trihelix
Zm00001eb390920	ZmTHX30	Trihelix
Zm00001d000045	ZmTHX30	Trihelix
Zm00001eb390910	ZmTHX30	Trihelix
GRMZM2G427087	ZmTHX31	Trihelix
Zm00001eb427790	ZmTHX31	Trihelix
Zm00001d025982	ZmTHX31	Trihelix
Zm00001d002782	ZmTHX32	Trihelix
Zm00001eb075070	ZmTHX32	Trihelix
GRMZM2G320827	ZmTHX32	Trihelix
Zm00001eb075080	ZmTHX32	Trihelix
Zm00001d025275	ZmTHX33	Trihelix
Zm00001eb421380	ZmTHX33	Trihelix
GRMZM2G149590	ZmTHX33	Trihelix
GRMZM2G162840	ZmTHX34	Trihelix
Zm00001eb180800	ZmTHX34	Trihelix
Zm00001d050583	ZmTHX34	Trihelix
Zm00001eb066770	ZmTHX35	Trihelix
Zm00001d001894	ZmTHX35	Trihelix
GRMZM2G081445	ZmTHX35	Trihelix
GRMZM2G476752	ZmTHX36	Trihelix
Zm00001d015412	ZmTHX37	Trihelix
Zm00001eb233350	ZmTHX37	Trihelix
GRMZM2G334722	ZmTHX37	Trihelix
Zm00001eb233360	ZmTHX37	Trihelix
Zm00001eb202410	ZmTHX38	Trihelix
Zm00001d053178	ZmTHX38	Trihelix
GRMZM2G126148	ZmTHX38	Trihelix
Zm00001eb407690	ZmTHX39	Trihelix
GRMZM2G301122	ZmTHX39	Trihelix
Zm00001eb407680	ZmTHX39	Trihelix
Zm00001d023523	ZmTHX39	Trihelix
GRMZM2G001272	ZmTHX39	Trihelix
GRMZM2G469873	ZmTHX40	Trihelix
Zm00001d050698	ZmTHX40	Trihelix
Zm00001eb181760	ZmTHX40	Trihelix
Zm00001eb130740	ZmTHX41	Trihelix
Zm00001d040682	ZmTHX41	Trihelix
GRMZM5G818655	ZmTHX41	Trihelix
GRMZM2G037823	ZmTHX42	Trihelix
Zm00001d016755	ZmTHX42	Trihelix
Zm00001eb243260	ZmTHX42	Trihelix
GRMZM2G103315	ZmTHX43	Trihelix
GRMZM2G134439	ZmTHX44	Trihelix
Zm00001d015603	ZmTHX44	Trihelix
Zm00001d015605	ZmTHX44	Trihelix
GRMZM2G134419	ZmTHX44	Trihelix
GRMZM2G134393	ZmTHX44	Trihelix
Zm00001eb234620	ZmTHX44	Trihelix
GRMZM2G047370	ZmTHX45	Trihelix
Zm00001eb425230	ZmTHX45	Trihelix
Zm00001d025720	ZmTHX45	Trihelix
AC209784.3_FG011	ZmTHX46	Trihelix
Zm00001d042917	ZmTHX46	Trihelix
Zm00001eb148360	ZmTHX46	Trihelix
Zm00001eb148370	ZmTHX46	Trihelix
Zm00001d025960	ZmTHX47	Trihelix
Zm00001eb427630	ZmTHX47	Trihelix
Zm00001eb340550	ZmTHX48	Trihelix
Zm00001d009160	ZmTHX48	Trihelix
GRMZM2G305362	ZmTHX48	Trihelix
Zm00001d004041	ZmTHX49	Trihelix
Zm00001eb085990	ZmTHX49	Trihelix
Zm00001eb320470	ZmTHX50	Trihelix
Zm00001d021389	ZmTHX50	Trihelix
GRMZM2G375307	ZmTHX50	Trihelix
Zm00001d006331	ZmTHX51	Trihelix
GRMZM2G153575	ZmTHX51	Trihelix
Zm00001eb104640	ZmTHX51	Trihelix
Zm00001d047722	ZmTHX52	Trihelix
AC206223.3_FG007	ZmTHX52	Trihelix
Zm00001eb396910	ZmTHX52	Trihelix
Zm00001d013588	ZmTHX53	Trihelix
Zm00001eb217780	ZmTHX53	Trihelix
Zm00001eb206430	ZmTHX54	Trihelix
Zm00001d053718	ZmTHX54	Trihelix
GRMZM2G000964	ZmTHX54	Trihelix
Zm00001eb065500	ZmTHX55	Trihelix
Zm00001d034953	ZmTHX55	Trihelix
Zm00001eb084860	ZmTHX56	Trihelix
Zm00001d003889	ZmTHX56	Trihelix
GRMZM2G436533	ZmTHX56	Trihelix
GRMZM2G310465	ZmTHX57	Trihelix
Zm00001eb129200	ZmTHX57	Trihelix
Zm00001d040489	ZmTHX57	Trihelix
Zm00001eb129190	ZmTHX57	Trihelix
Zm00001eb309810	ZmTHX58	Trihelix
Zm00001d020077	ZmTHX58	Trihelix
Zm00001d004851	ZmTHX59	Trihelix
GRMZM5G898141	ZmTHX59	Trihelix
Zm00001eb092040	ZmTHX59	Trihelix
Zm00001d032453	ZmTHX60	Trihelix
GRMZM6G332242	ZmTHX60	Trihelix
Zm00001eb043580	ZmTHX60	Trihelix
AC196161.3_FG002	ZmTHX61	Trihelix
Zm00001d028767	ZmTHX61	Trihelix
Zm00001eb013580	ZmTHX61	Trihelix
GRMZM2G031493	ZmTHX62	Trihelix
Zm00001d042271	ZmTHX62	Trihelix
Zm00001eb142600	ZmTHX62	Trihelix
GRMZM2G084684	ZmTHX63	Trihelix
Zm00001eb242030	ZmTHX63	Trihelix
Zm00001d016604	ZmTHX63	Trihelix
Zm00001d028768	ZmTHX64	Trihelix
GRMZM2G452695	ZmTHX64	Trihelix
Zm00001eb013590	ZmTHX64	Trihelix
Zm00001d012619	ZmULT1	Ultrapetala
GRMZM2G004690	ZmULT1	Ultrapetala
Zm00001eb369850	ZmULT1	Ultrapetala
Zm00001eb151460	ZmULT2	Ultrapetala
Zm00001d043270	ZmULT2	Ultrapetala
GRMZM2G082745	ZmULT2	Ultrapetala
Zm00001d038704	ZmVOZ1	VOZ
GRMZM2G111696	ZmVOZ1	VOZ
Zm00001eb292900	ZmVOZ1	VOZ
GRMZM2G158717	ZmVOZ2	VOZ
GRMZM2G156016	ZmVOZ4	VOZ
Zm00001d043500	ZmVOZ4	VOZ
Zm00001eb153520	ZmVOZ4	VOZ
GRMZM2G449165	ZmVOZ5	VOZ
Zm00001eb370850	ZmVOZ5	VOZ
Zm00001d012734	ZmVOZ5	VOZ
Zm00001d045641	ZmVOZ6	VOZ
Zm00001eb379720	ZmVOZ6	VOZ
Zm00001d035408	ZmVOZ7	VOZ
Zm00001eb263050	ZmVOZ7	VOZ
GRMZM5G876395	ZmVOZ7	VOZ
Zm00001eb263040	ZmVOZ7	VOZ
GRMZM2G155662	ZmWHIRLY1	WHIRLY
Zm00001eb270470	ZmWHIRLY1	WHIRLY
Zm00001d036148	ZmWHIRLY1	WHIRLY
GRMZM2G012262	ZmWHIRLY2	WHIRLY
Zm00001eb207760	ZmWHIRLY2	WHIRLY
Zm00001d053855	ZmWHIRLY2	WHIRLY
GRMZM2G398506	ZmWRKY1	WRKY
Zm00001eb325760	ZmWRKY1	WRKY
Zm00001d021947	ZmWRKY1	WRKY
GRMZM2G048450	ZmWRKY2	WRKY
Zm00001d016052	ZmWRKY2	WRKY
Zm00001eb237820	ZmWRKY2	WRKY
Zm00001eb030990	ZmWRKY3	WRKY
Zm00001d030969	ZmWRKY3	WRKY
GRMZM2G130374	ZmWRKY3	WRKY
GRMZM2G501775	ZmWRKY4	WRKY
Zm00001d044680	ZmWRKY5	WRKY
AC194362.3_FG003	ZmWRKY5	WRKY
Zm00001eb163840	ZmWRKY5	WRKY
Zm00001eb218170	ZmWRKY6	WRKY
Zm00001d013630	ZmWRKY6	WRKY
GRMZM2G161411	ZmWRKY6	WRKY
GRMZM2G051764	ZmWRKY7	WRKY
GRMZM2G354384	ZmWRKY7	WRKY
GRMZM2G052088	ZmWRKY7	WRKY
Zm00001eb160610	ZmWRKY7	WRKY
Zm00001eb160620	ZmWRKY7	WRKY
Zm00001d044315	ZmWRKY7	WRKY
GRMZM2G038158	ZmWRKY8	WRKY
Zm00001eb203940	ZmWRKY8	WRKY
Zm00001d053369	ZmWRKY8	WRKY
GRMZM2G169564	ZmWRKY9	WRKY
Zm00001eb195440	ZmWRKY9	WRKY
GRMZM2G083717	ZmWRKY10	WRKY
Zm00001eb064880	ZmWRKY10	WRKY
Zm00001d034888	ZmWRKY10	WRKY
Zm00001d051550	ZmWRKY11	WRKY
Zm00001eb188100	ZmWRKY11	WRKY
GRMZM2G138683	ZmWRKY11	WRKY
Zm00001eb061030	ZmWRKY12	WRKY
Zm00001d034475	ZmWRKY12	WRKY
GRMZM2G164082	ZmWRKY12	WRKY
Zm00001eb278090	ZmWRKY13	WRKY
GRMZM2G156529	ZmWRKY13	WRKY
Zm00001d037054	ZmWRKY13	WRKY
GRMZM2G091331	ZmWRKY14	WRKY
Zm00001d026252	ZmWRKY14	WRKY
Zm00001d023615	ZmWRKY15	WRKY
GRMZM2G004060	ZmWRKY15	WRKY
Zm00001eb408520	ZmWRKY15	WRKY
Zm00001d023616	ZmWRKY15	WRKY
Zm00001eb195420	ZmWRKY16	WRKY
Zm00001d052357	ZmWRKY16	WRKY
GRMZM2G063216	ZmWRKY16	WRKY
Zm00001d022437	ZmWRKY17	WRKY
GRMZM2G381378	ZmWRKY17	WRKY
Zm00001eb330710	ZmWRKY17	WRKY
GRMZM2G092666	ZmWRKY18	WRKY
Zm00001d008190	ZmWRKY18	WRKY
Zm00001d008191	ZmWRKY18	WRKY
GRMZM2G092694	ZmWRKY18	WRKY
Zm00001eb332300	ZmWRKY18	WRKY
GRMZM2G382350	ZmWRKY19	WRKY
Zm00001eb149600	ZmWRKY19	WRKY
Zm00001d043066	ZmWRKY19	WRKY
GRMZM2G414315	ZmWRKY20	WRKY
Zm00001eb344810	ZmWRKY20	WRKY
Zm00001d009698	ZmWRKY20	WRKY
Zm00001d037854	ZmWRKY21	WRKY
Zm00001eb285050	ZmWRKY21	WRKY
GRMZM2G127064	ZmWRKY21	WRKY
Zm00001d012789	ZmWRKY22	WRKY
Zm00001d012788	ZmWRKY22	WRKY
Zm00001eb371340	ZmWRKY22	WRKY
Zm00001eb371350	ZmWRKY22	WRKY
GRMZM2G111344	ZmWRKY22	WRKY
GRMZM2G111354	ZmWRKY22	WRKY
Zm00001d005056	ZmWRKY23	WRKY
GRMZM2G400559	ZmWRKY23	WRKY
Zm00001eb093930	ZmWRKY23	WRKY
GRMZM2G099593	ZmWRKY24	WRKY
Zm00001eb093940	ZmWRKY24	WRKY
Zm00001d005057	ZmWRKY24	WRKY
Zm00001d032265	ZmWRKY25	WRKY
Zm00001eb042020	ZmWRKY25	WRKY
GRMZM2G324999	ZmWRKY25	WRKY
GRMZM2G083350	ZmWRKY26	WRKY
Zm00001d008794	ZmWRKY26	WRKY
Zm00001eb337290	ZmWRKY26	WRKY
Zm00001eb337280	ZmWRKY26	WRKY
Zm00001d039531	ZmWRKY27	WRKY
Zm00001eb121600	ZmWRKY27	WRKY
GRMZM2G475984	ZmWRKY27	WRKY
Zm00001eb358740	ZmWRKY28	WRKY
Zm00001d011413	ZmWRKY28	WRKY
GRMZM2G145554	ZmWRKY28	WRKY
GRMZM2G040298	ZmWRKY29	WRKY
Zm00001d043569	ZmWRKY29	WRKY
Zm00001eb154170	ZmWRKY29	WRKY
Zm00001d034073	ZmWRKY30	WRKY
Zm00001eb057820	ZmWRKY30	WRKY
GRMZM2G143204	ZmWRKY30	WRKY
GRMZM2G008029	ZmWRKY31	WRKY
Zm00001eb057960	ZmWRKY31	WRKY
Zm00001d034084	ZmWRKY31	WRKY
GRMZM2G030272	ZmWRKY32	WRKY
Zm00001eb015320	ZmWRKY32	WRKY
Zm00001d028962	ZmWRKY32	WRKY
Zm00001d024323	ZmWRKY33	WRKY
GRMZM2G020254	ZmWRKY33	WRKY
Zm00001eb413920	ZmWRKY33	WRKY
GRMZM2G057116	ZmWRKY34	WRKY
Zm00001d009939	ZmWRKY34	WRKY
Zm00001eb346880	ZmWRKY34	WRKY
GRMZM2G029292	ZmWRKY35	WRKY
Zm00001d012508	ZmWRKY35	WRKY
Zm00001d012509	ZmWRKY35	WRKY
Zm00001eb368870	ZmWRKY35	WRKY
Zm00001eb368890	ZmWRKY35	WRKY
Zm00001eb169470	ZmWRKY36	WRKY
Zm00001eb169460	ZmWRKY36	WRKY
GRMZM2G054125	ZmWRKY36	WRKY
Zm00001d049173	ZmWRKY36	WRKY
Zm00001d020136	ZmWRKY37	WRKY
Zm00001eb310260	ZmWRKY37	WRKY
GRMZM2G139815	ZmWRKY37	WRKY
Zm00001d005622	ZmWRKY38	WRKY
GRMZM2G163418	ZmWRKY38	WRKY
Zm00001eb098330	ZmWRKY38	WRKY
Zm00001eb377160	ZmWRKY39	WRKY
AC193630.3_FG004	ZmWRKY39	WRKY
Zm00001d045374	ZmWRKY39	WRKY
AC193630.3_FG003	ZmWRKY39	WRKY
Zm00001d045375	ZmWRKY39	WRKY
GRMZM2G158328	ZmWRKY40	WRKY
Zm00001d043062	ZmWRKY40	WRKY
Zm00001eb149570	ZmWRKY40	WRKY
Zm00001d043063	ZmWRKY41	WRKY
GRMZM2G065290	ZmWRKY41	WRKY
Zm00001eb149580	ZmWRKY41	WRKY
Zm00001d011527	ZmWRKY42	WRKY
Zm00001eb359740	ZmWRKY42	WRKY
GRMZM5G812272	ZmWRKY42	WRKY
Zm00001eb149300	ZmWRKY43	WRKY
GRMZM2G148087	ZmWRKY43	WRKY
Zm00001d043025	ZmWRKY43	WRKY
GRMZM2G432583	ZmWRKY44	WRKY
Zm00001d010617	ZmWRKY44	WRKY
GRMZM2G151444	ZmWRKY45	WRKY
Zm00001d039584	ZmWRKY45	WRKY
Zm00001eb251530	ZmWRKY46	WRKY
GRMZM5G823157	ZmWRKY46	WRKY
Zm00001d017712	ZmWRKY46	WRKY
Zm00001eb358680	ZmWRKY47	WRKY
GRMZM2G149683	ZmWRKY47	WRKY
Zm00001d011403	ZmWRKY47	WRKY
Zm00001d015515	ZmWRKY48	WRKY
Zm00001eb234120	ZmWRKY48	WRKY
GRMZM2G120320	ZmWRKY48	WRKY
Zm00001d008578	ZmWRKY49	WRKY
GRMZM2G006497	ZmWRKY49	WRKY
Zm00001eb335440	ZmWRKY49	WRKY
GRMZM2G071907	ZmWRKY50	WRKY
Zm00001eb071590	ZmWRKY50	WRKY
Zm00001d002405	ZmWRKY50	WRKY
Zm00001eb296130	ZmWRKY51	WRKY
GRMZM2G366795	ZmWRKY51	WRKY
Zm00001d039044	ZmWRKY51	WRKY
Zm00001d020881	ZmWRKY52	WRKY
Zm00001eb316310	ZmWRKY52	WRKY
GRMZM2G151407	ZmWRKY52	WRKY
Zm00001eb312870	ZmWRKY53	WRKY
Zm00001d020492	ZmWRKY53	WRKY
GRMZM2G125653	ZmWRKY53	WRKY
GRMZM2G178671	ZmWRKY54	WRKY
GRMZM2G057011	ZmWRKY55	WRKY
Zm00001d005749	ZmWRKY55	WRKY
Zm00001eb099460	ZmWRKY55	WRKY
Zm00001eb121610	ZmWRKY56	WRKY
Zm00001eb121620	ZmWRKY56	WRKY
GRMZM2G176489	ZmWRKY56	WRKY
Zm00001d039532	ZmWRKY56	WRKY
GRMZM2G169966	ZmWRKY57	WRKY
Zm00001eb290350	ZmWRKY57	WRKY
Zm00001d038451	ZmWRKY57	WRKY
Zm00001eb138040	ZmWRKY58	WRKY
GRMZM2G076657	ZmWRKY58	WRKY
Zm00001d041740	ZmWRKY58	WRKY
Zm00001eb424710	ZmWRKY59	WRKY
Zm00001d025669	ZmWRKY59	WRKY
GRMZM2G031963	ZmWRKY59	WRKY
Zm00001eb025220	ZmWRKY60	WRKY
Zm00001d030139	ZmWRKY60	WRKY
GRMZM2G383594	ZmWRKY60	WRKY
GRMZM2G171428	ZmWRKY61	WRKY
Zm00001d047309	ZmWRKY61	WRKY
Zm00001eb393300	ZmWRKY61	WRKY
GRMZM2G143765	ZmWRKY62	WRKY
Zm00001eb264780	ZmWRKY62	WRKY
Zm00001d035323	ZmWRKY62	WRKY
Zm00001d023332	ZmWRKY63	WRKY
GRMZM2G005207	ZmWRKY63	WRKY
Zm00001eb406000	ZmWRKY63	WRKY
Zm00001d044162	ZmWRKY64	WRKY
AC198725.4_FG009	ZmWRKY64	WRKY
Zm00001eb159340	ZmWRKY64	WRKY
GRMZM2G060918	ZmWRKY65	WRKY
GRMZM2G060842	ZmWRKY65	WRKY
Zm00001d047574	ZmWRKY65	WRKY
Zm00001eb395560	ZmWRKY65	WRKY
GRMZM2G045560	ZmWRKY66	WRKY
GRMZM2G090594	ZmWRKY67	WRKY
Zm00001d024376	ZmWRKY67	WRKY
Zm00001d011133	ZmWRKY68	WRKY
GRMZM2G137802	ZmWRKY68	WRKY
Zm00001eb356430	ZmWRKY68	WRKY
Zm00001d009595	ZmWRKY69	WRKY
Zm00001eb343960	ZmWRKY69	WRKY
GRMZM2G448605	ZmWRKY69	WRKY
Zm00001d002452	ZmWRKY70	WRKY
GRMZM2G024898	ZmWRKY70	WRKY
Zm00001eb072020	ZmWRKY70	WRKY
GRMZM2G052671	ZmWRKY71	WRKY
Zm00001d006001	ZmWRKY71	WRKY
Zm00001eb101700	ZmWRKY71	WRKY
GRMZM5G816457	ZmWRKY72	WRKY
Zm00001eb079950	ZmWRKY72	WRKY
Zm00001d003331	ZmWRKY72	WRKY
Zm00001d043663	ZmWRKY73	WRKY
Zm00001eb154960	ZmWRKY73	WRKY
GRMZM2G101405	ZmWRKY73	WRKY
Zm00001d044010	ZmWRKY74	WRKY
Zm00001eb158000	ZmWRKY74	WRKY
GRMZM2G408462	ZmWRKY74	WRKY
Zm00001eb020390	ZmWRKY75	WRKY
GRMZM2G425430	ZmWRKY75	WRKY
Zm00001eb020400	ZmWRKY75	WRKY
Zm00001d029564	ZmWRKY75	WRKY
GRMZM2G451035	ZmWRKY76	WRKY
Zm00001d052358	ZmWRKY76	WRKY
Zm00001eb195430	ZmWRKY76	WRKY
GRMZM2G461648	ZmWRKY77	WRKY
GRMZM2G073272	ZmWRKY78	WRKY
Zm00001eb240750	ZmWRKY78	WRKY
Zm00001d016457	ZmWRKY78	WRKY
Zm00001d020137	ZmWRKY79	WRKY
Zm00001eb310270	ZmWRKY79	WRKY
GRMZM2G025895	ZmWRKY79	WRKY
Zm00001eb337270	ZmWRKY80	WRKY
Zm00001d008793	ZmWRKY80	WRKY
GRMZM2G516301	ZmWRKY80	WRKY
Zm00001eb149550	ZmWRKY81	WRKY
GRMZM2G059562	ZmWRKY81	WRKY
Zm00001d043060	ZmWRKY81	WRKY
Zm00001eb294180	ZmWRKY82	WRKY
GRMZM5G863420	ZmWRKY82	WRKY
Zm00001d038843	ZmWRKY82	WRKY
Zm00001d038023	ZmWRKY83	WRKY
Zm00001eb286490	ZmWRKY83	WRKY
GRMZM2G012724	ZmWRKY83	WRKY
Zm00001eb357350	ZmWRKY84	WRKY
GRMZM2G304573	ZmWRKY84	WRKY
Zm00001d011237	ZmWRKY84	WRKY
Zm00001d018656	ZmWRKY85	WRKY
GRMZM2G018721	ZmWRKY85	WRKY
Zm00001eb298580	ZmWRKY85	WRKY
Zm00001d011496	ZmWRKY86	WRKY
Zm00001eb359470	ZmWRKY86	WRKY
GRMZM2G411766	ZmWRKY86	WRKY
Zm00001d052847	ZmWRKY87	WRKY
GRMZM2G027972	ZmWRKY87	WRKY
Zm00001eb199530	ZmWRKY87	WRKY
GRMZM2G029282	ZmWRKY88	WRKY
Zm00001d012507	ZmWRKY88	WRKY
Zm00001eb368860	ZmWRKY88	WRKY
Zm00001d010616	ZmWRKY89	WRKY
Zm00001eb352050	ZmWRKY89	WRKY
GRMZM2G034421	ZmWRKY89	WRKY
Zm00001d012505	ZmWRKY90	WRKY
GRMZM2G468056	ZmWRKY90	WRKY
Zm00001eb368850	ZmWRKY90	WRKY
GRMZM2G441031	ZmWRKY91	WRKY
Zm00001d023336	ZmWRKY91	WRKY
Zm00001eb406030	ZmWRKY91	WRKY
GRMZM2G449681	ZmWRKY92	WRKY
Zm00001d010399	ZmWRKY92	WRKY
Zm00001eb350280	ZmWRKY92	WRKY
Zm00001d039244	ZmWRKY93	WRKY
Zm00001eb118750	ZmWRKY93	WRKY
GRMZM5G832490	ZmWRKY93	WRKY
Zm00001eb118760	ZmWRKY93	WRKY
Zm00001d039245	ZmWRKY93	WRKY
GRMZM5G871347	ZmWRKY93	WRKY
Zm00001d050195	ZmWRKY94	WRKY
Zm00001eb178170	ZmWRKY94	WRKY
GRMZM2G148561	ZmWRKY94	WRKY
Zm00001eb178160	ZmWRKY94	WRKY
Zm00001eb157490	ZmWRKY95	WRKY
Zm00001d043950	ZmWRKY95	WRKY
GRMZM2G151763	ZmWRKY95	WRKY
Zm00001d033471	ZmWRKY96	WRKY
GRMZM2G149219	ZmWRKY96	WRKY
Zm00001eb052670	ZmWRKY96	WRKY
Zm00001eb178550	ZmWRKY97	WRKY
GRMZM2G053507	ZmWRKY97	WRKY
AC205562.3_FG002	ZmWRKY97	WRKY
Zm00001d050247	ZmWRKY97	WRKY
Zm00001eb186280	ZmWRKY98	WRKY
GRMZM2G377217	ZmWRKY98	WRKY
Zm00001d051328	ZmWRKY98	WRKY
Zm00001d040554	ZmWRKY99	WRKY
Zm00001eb129690	ZmWRKY99	WRKY
GRMZM2G327349	ZmWRKY99	WRKY
GRMZM2G401521	ZmWRKY100	WRKY
Zm00001d038761	ZmWRKY100	WRKY
Zm00001eb293420	ZmWRKY100	WRKY
Zm00001d002794	ZmWRKY101	WRKY
Zm00001eb075170	ZmWRKY101	WRKY
GRMZM2G123387	ZmWRKY101	WRKY
GRMZM2G070211	ZmWRKY102	WRKY
Zm00001d033291	ZmWRKY102	WRKY
Zm00001eb051120	ZmWRKY102	WRKY
GRMZM2G070061	ZmWRKY102	WRKY
Zm00001eb051110	ZmWRKY102	WRKY
GRMZM2G141299	ZmWRKY103	WRKY
Zm00001d043474	ZmWRKY103	WRKY
Zm00001eb153330	ZmWRKY103	WRKY
Zm00001d020495	ZmWRKY104	WRKY
GRMZM2G169149	ZmWRKY104	WRKY
Zm00001eb312890	ZmWRKY104	WRKY
Zm00001d004086	ZmWRKY105	WRKY
Zm00001eb086280	ZmWRKY105	WRKY
GRMZM2G102583	ZmWRKY105	WRKY
Zm00001eb086270	ZmWRKY105	WRKY
Zm00001eb344160	ZmWRKY106	WRKY
GRMZM2G063880	ZmWRKY106	WRKY
Zm00001d009619	ZmWRKY106	WRKY
Zm00001eb056780	ZmWRKY107	WRKY
GRMZM2G018487	ZmWRKY107	WRKY
Zm00001d033965	ZmWRKY107	WRKY
Zm00001eb112840	ZmWRKY108	WRKY
GRMZM2G106560	ZmWRKY108	WRKY
Zm00001d007329	ZmWRKY108	WRKY
GRMZM5G880069	ZmWRKY109	WRKY
GRMZM2G023347	ZmWRKY109	WRKY
Zm00001d013709	ZmWRKY109	WRKY
Zm00001d013708	ZmWRKY109	WRKY
Zm00001eb218880	ZmWRKY109	WRKY
Zm00001eb218870	ZmWRKY109	WRKY
Zm00001d041397	ZmWRKY110	WRKY
GRMZM2G173680	ZmWRKY110	WRKY
Zm00001eb135400	ZmWRKY110	WRKY
GRMZM2G013391	ZmWRKY111	WRKY
Zm00001d012746	ZmWRKY111	WRKY
Zm00001eb370960	ZmWRKY111	WRKY
Zm00001d026218	ZmWRKY112	WRKY
AC208110.2_FG001	ZmWRKY112	WRKY
Zm00001eb430130	ZmWRKY112	WRKY
Zm00001d013307	ZmWRKY113	WRKY
Zm00001eb215190	ZmWRKY113	WRKY
GRMZM2G147880	ZmWRKY113	WRKY
Zm00001d036726	ZmWRKY114	WRKY
AC209050.3_FG003	ZmWRKY114	WRKY
Zm00001eb275080	ZmWRKY114	WRKY
Zm00001d012482	ZmWRKY115	WRKY
Zm00001eb368640	ZmWRKY115	WRKY
GRMZM2G036703	ZmWRKY115	WRKY
Zm00001eb107920	ZmWRKY116	WRKY
GRMZM2G130854	ZmWRKY116	WRKY
Zm00001d006702	ZmWRKY116	WRKY
GRMZM2G453571	ZmWRKY117	WRKY
Zm00001eb296020	ZmWRKY117	WRKY
Zm00001d039032	ZmWRKY117	WRKY
Zm00001d045283	ZmWRKY118	WRKY
Zm00001eb376400	ZmWRKY118	WRKY
GRMZM2G003551	ZmWRKY118	WRKY
Zm00001d010805	ZmWRKY119	WRKY
GRMZM2G015433	ZmWRKY119	WRKY
Zm00001eb353670	ZmWRKY119	WRKY
AC165171.2_FG002	ZmWRKY120	WRKY
Zm00001d041958	ZmWRKY120	WRKY
Zm00001eb139800	ZmWRKY120	WRKY
GRMZM2G061408	ZmWRKY121	WRKY
GRMZM2G549512	ZmWRKY122	WRKY
Zm00001d050023	ZmWRKY122	WRKY
Zm00001eb176740	ZmWRKY122	WRKY
GRMZM2G105140	ZmWRKY123	WRKY
Zm00001d044171	ZmWRKY123	WRKY
Zm00001eb159410	ZmWRKY123	WRKY
GRMZM2G111711	ZmWRKY124	WRKY
Zm00001d046805	ZmWRKY124	WRKY
Zm00001eb388620	ZmWRKY124	WRKY
Zm00001d037607	ZmWRKY125	WRKY
GRMZM2G163054	ZmWRKY125	WRKY
Zm00001eb282830	ZmWRKY125	WRKY
Zm00001eb282840	ZmWRKY125	WRKY
Zm00001d041472	ZmWRKY126	WRKY
GRMZM2G114850	ZmWRKY126	WRKY
Zm00001eb135910	ZmWRKY126	WRKY
Zm00001d017444	ZmWRKY127	WRKY
Zm00001eb249120	ZmWRKY127	WRKY
GRMZM2G032130	ZmWRKY127	WRKY
Zm00001d017443	ZmWRKY127	WRKY
Zm00001eb249110	ZmWRKY127	WRKY
Zm00001eb206730	ZmWRKY128	WRKY
Zm00001d053746	ZmWRKY128	WRKY
Zm00001eb322330	ZmWRKY129	WRKY
Zm00001eb322320	ZmWRKY129	WRKY
Zm00001d021581	ZmWRKY129	WRKY
GRMZM2G028887	ZmWRKY129	WRKY
Zm00001d021580	ZmWRKY129	WRKY
Zm00001d042904	ZmWRKY130	WRKY
Zm00001d042903	ZmWRKY130	WRKY
Zm00001eb148260	ZmWRKY130	WRKY
Zm00001eb256230	ZmWRKY131	WRKY
GRMZM5G894568	ZmWRKY131	WRKY
Zm00001d018203	ZmWRKY131	WRKY
Zm00001eb419370	ZmWRKY132	WRKY
Zm00001eb138060	ZmWRKY133	WRKY
GRMZM2G391892	ZmWRKY133	WRKY
Zm00001eb441670	ZmWRKY134	WRKY
Zm00001d052355	ZmWRKY135	WRKY
Zm00001eb195400	ZmWRKY135	WRKY
Zm00001d036244	ZmWRKY136	WRKY
Zm00001eb271190	ZmWRKY136	WRKY
Zm00001eb367920	ZmWRKY137	WRKY
Zm00001d012413	ZmWRKY137	WRKY
Zm00001d047523	ZmWRKY138	WRKY
Zm00001eb395130	ZmWRKY138	WRKY
Zm00001eb421820	ZmWRKY139	WRKY
Zm00001eb163850	ZmWRKY140	WRKY
Zm00001d044682	ZmWRKY140	WRKY
Zm00001d049000	ZmZHD1	ZF-HD
Zm00001eb168120	ZmZHD1	ZF-HD
GRMZM2G068330	ZmZHD1	ZF-HD
Zm00001eb312620	ZmZHD2	ZF-HD
GRMZM2G161315	ZmZHD2	ZF-HD
Zm00001d020460	ZmZHD2	ZF-HD
GRMZM2G346920	ZmZHD3	ZF-HD
Zm00001d031840	ZmZHD3	ZF-HD
Zm00001eb038460	ZmZHD3	ZF-HD
Zm00001eb038450	ZmZHD3	ZF-HD
Zm00001eb216060	ZmZHD4	ZF-HD
Zm00001d013409	ZmZHD4	ZF-HD
GRMZM2G425236	ZmZHD4	ZF-HD
Zm00001eb216050	ZmZHD4	ZF-HD
Zm00001d032175	ZmZHD5	ZF-HD
Zm00001eb041290	ZmZHD5	ZF-HD
GRMZM2G438438	ZmZHD5	ZF-HD
Zm00001eb296820	ZmZHD6	ZF-HD
Zm00001eb296810	ZmZHD6	ZF-HD
Zm00001d039116	ZmZHD6	ZF-HD
GRMZM2G114578	ZmZHD6	ZF-HD
GRMZM2G414844	ZmZHD6	ZF-HD
Zm00001eb296830	ZmZHD6	ZF-HD
Zm00001d050443	ZmZHD7	ZF-HD
Zm00001eb179960	ZmZHD7	ZF-HD
GRMZM2G353734	ZmZHD7	ZF-HD
Zm00001eb055340	ZmZHD8	ZF-HD
Zm00001d033791	ZmZHD8	ZF-HD
Zm00001eb055350	ZmZHD8	ZF-HD
GRMZM2G423423	ZmZHD8	ZF-HD
GRMZM2G353076	ZmZHD9	ZF-HD
Zm00001eb163680	ZmZHD9	ZF-HD
Zm00001d044662	ZmZHD9	ZF-HD
Zm00001d023285	ZmZHD10	ZF-HD
Zm00001eb405490	ZmZHD10	ZF-HD
GRMZM2G470974	ZmZHD10	ZF-HD
Zm00001eb405500	ZmZHD10	ZF-HD
Zm00001d023286	ZmZHD10	ZF-HD
Zm00001eb344600	ZmZHD11	ZF-HD
Zm00001d009674	ZmZHD11	ZF-HD
Zm00001eb344590	ZmZHD11	ZF-HD
GRMZM2G328438	ZmZHD11	ZF-HD
Zm00001eb252180	ZmZHD12	ZF-HD
Zm00001d017784	ZmZHD12	ZF-HD
GRMZM2G417229	ZmZHD12	ZF-HD
GRMZM2G071112	ZmZHD13	ZF-HD
Zm00001eb312610	ZmZHD13	ZF-HD
Zm00001d020459	ZmZHD13	ZF-HD
GRMZM2G172586	ZmZHD14	ZF-HD
Zm00001eb405530	ZmZHD14	ZF-HD
Zm00001d023289	ZmZHD14	ZF-HD
Zm00001d023288	ZmZHD14	ZF-HD
GRMZM2G089619	ZmZHD15	ZF-HD
Zm00001eb082590	ZmZHD15	ZF-HD
Zm00001d003645	ZmZHD15	ZF-HD
GRMZM2G389379	ZmZHD16	ZF-HD
Zm00001eb101130	ZmZHD16	ZF-HD
Zm00001d005931	ZmZHD16	ZF-HD
GRMZM2G069365	ZmZHD17	ZF-HD
Zm00001eb188410	ZmZHD17	ZF-HD
Zm00001d051573	ZmZHD17	ZF-HD
Zm00001d052396	ZmZHD18	ZF-HD
Zm00001eb195840	ZmZHD18	ZF-HD
GRMZM2G462417	ZmZHD18	ZF-HD
Zm00001eb195830	ZmZHD18	ZF-HD
Zm00001d052395	ZmZHD18	ZF-HD
Zm00001eb180020	ZmZHD19	ZF-HD
Zm00001d050452	ZmZHD19	ZF-HD
GRMZM2G370863	ZmZHD19	ZF-HD
Zm00001eb099540	ZmZHD20	ZF-HD
Zm00001d005757	ZmZHD20	ZF-HD
GRMZM2G051955	ZmZHD20	ZF-HD
Zm00001eb099550	ZmZHD20	ZF-HD
Zm00001d041780	ZmZHD21	ZF-HD
GRMZM5G821755	ZmZHD21	ZF-HD
Zm00001eb138370	ZmZHD21	ZF-HD
Zm00001eb315450	ZmZHD22	ZF-HD
Zm00001d020774	ZmZHD22	ZF-HD
Zm00001eb440430	ZmZHD23	ZF-HD
Zm00001eb438880	ZmZHD24	ZF-HD
Zm00001d041417	ZmZHD25	ZF-HD
Zm00001eb135560	ZmZHD25	ZF-HD
Zm00001eb041310	ZmZHD26	ZF-HD
Zm00001d032177	ZmZHD26	ZF-HD
Zm00001eb040850	ZmZHD27	ZF-HD
Zm00001eb312170	ZmZIM1	ZIM
Zm00001d020409	ZmZIM1	ZIM
GRMZM2G126507	ZmZIM1	ZIM
GRMZM2G065896	ZmZIM2	ZIM
Zm00001d013331	ZmZIM2	ZIM
Zm00001eb215440	ZmZIM2	ZIM
GRMZM2G145458	ZmZIM3	ZIM
Zm00001d033049	ZmZIM3	ZIM
Zm00001eb048770	ZmZIM3	ZIM
GRMZM2G036351	ZmZIM4	ZIM
Zm00001d048263	ZmZIM4	ZIM
GRMZM2G054689	ZmZIM5	ZIM
Zm00001d009438	ZmZIM5	ZIM
Zm00001eb342610	ZmZIM5	ZIM
Zm00001eb342600	ZmZIM5	ZIM
Zm00001eb401750	ZmZIM6	ZIM
GRMZM2G036349	ZmZIM6	ZIM
Zm00001eb220310	ZmZIM7	ZIM
Zm00001d013855	ZmZIM7	ZIM
GRMZM2G063632	ZmZIM7	ZIM
GRMZM2G171830	ZmZIM8	ZIM
Zm00001d004277	ZmZIM8	ZIM
Zm00001eb087540	ZmZIM8	ZIM
AC196795.4_FG009	ZmZIM9	ZIM
GRMZM2G338829	ZmZIM9	ZIM
Zm00001d035382	ZmZIM9	ZIM
Zm00001d035383	ZmZIM9	ZIM
Zm00001eb262840	ZmZIM9	ZIM
Zm00001d014253	ZmZIM10	ZIM
Zm00001eb223620	ZmZIM10	ZIM
GRMZM2G173596	ZmZIM10	ZIM
Zm00001eb168150	ZmZIM11	ZIM
GRMZM2G122160	ZmZIM11	ZIM
Zm00001d006860	ZmZIM12	ZIM
Zm00001eb109190	ZmZIM12	ZIM
GRMZM2G101769	ZmZIM12	ZIM
GRMZM2G005954	ZmZIM13	ZIM
Zm00001d005813	ZmZIM13	ZIM
Zm00001eb100130	ZmZIM13	ZIM
GRMZM2G036288	ZmZIM14	ZIM
Zm00001d048268	ZmZIM14	ZIM
Zm00001eb401760	ZmZIM14	ZIM
Zm00001eb099240	ZmZIM15	ZIM
Zm00001d005726	ZmZIM15	ZIM
GRMZM2G114681	ZmZIM15	ZIM
GRMZM2G445634	ZmZIM16	ZIM
Zm00001d027901	ZmZIM16	ZIM
Zm00001eb006000	ZmZIM16	ZIM
GRMZM2G327263	ZmZIM17	ZIM
Zm00001d044708	ZmZIM17	ZIM
Zm00001eb164150	ZmZIM17	ZIM
Zm00001d044707	ZmZIM17	ZIM
Zm00001eb164160	ZmZIM17	ZIM
Zm00001d044709	ZmZIM17	ZIM
GRMZM2G145412	ZmZIM18	ZIM
Zm00001d033050	ZmZIM18	ZIM
Zm00001eb048780	ZmZIM18	ZIM
GRMZM2G382794	ZmZIM19	ZIM
Zm00001eb061650	ZmZIM19	ZIM
Zm00001d034536	ZmZIM19	ZIM
Zm00001d033048	ZmZIM21	ZIM
Zm00001eb048740	ZmZIM21	ZIM
GRMZM2G024680	ZmZIM21	ZIM
Zm00001eb009620	ZmZIM22	ZIM
GRMZM2G110131	ZmZIM22	ZIM
Zm00001d028313	ZmZIM22	ZIM
GRMZM2G089736	ZmZIM23	ZIM
Zm00001eb327450	ZmZIM23	ZIM
Zm00001d022139	ZmZIM23	ZIM
Zm00001d029448	ZmZIM24	ZIM
GRMZM2G117513	ZmZIM24	ZIM
Zm00001eb019470	ZmZIM24	ZIM
Zm00001eb278320	ZmZIM25	ZIM
GRMZM2G314145	ZmZIM25	ZIM
Zm00001d037081	ZmZIM25	ZIM
Zm00001d037082	ZmZIM25	ZIM
Zm00001d027899	ZmZIM26	ZIM
Zm00001eb005980	ZmZIM26	ZIM
GRMZM2G343157	ZmZIM26	ZIM
Zm00001eb005990	ZmZIM27	ZIM
GRMZM5G838098	ZmZIM27	ZIM
Zm00001d027900	ZmZIM27	ZIM
Zm00001eb314010	ZmZIM28	ZIM
Zm00001d020614	ZmZIM28	ZIM
GRMZM2G116614	ZmZIM28	ZIM
Zm00001d014249	ZmZIM29	ZIM
GRMZM2G064775	ZmZIM29	ZIM
Zm00001eb223580	ZmZIM29	ZIM
Zm00001d014250	ZmZIM30	ZIM
Zm00001eb223590	ZmZIM30	ZIM
AC197764.4_FG003	ZmZIM30	ZIM
Zm00001eb319450	ZmZIM31	ZIM
GRMZM2G066020	ZmZIM31	ZIM
GRMZM2G086920	ZmZIM32	ZIM
Zm00001d002029	ZmZIM32	ZIM
Zm00001eb068050	ZmZIM32	ZIM
GRMZM2G145407	ZmZIM33	ZIM
Zm00001eb084980	ZmZIM33	ZIM
Zm00001d003903	ZmZIM33	ZIM
Zm00001d026477	ZmZIM34	ZIM
Zm00001eb432370	ZmZIM34	ZIM
GRMZM2G143402	ZmZIM34	ZIM
GRMZM2G151519	ZmZIM35	ZIM
Zm00001d050365	ZmZIM35	ZIM
Zm00001eb179390	ZmZIM35	ZIM
Zm00001d018811	ZmZIM37	ZIM
AC187560.5_FG003	ZmZIM37	ZIM
Zm00001eb300140	ZmZIM37	ZIM
Zm00001eb056840	ZmZIM38	ZIM
Zm00001d033972	ZmZIM38	ZIM
Zm00001eb049490	ZmZIM39	ZIM
Zm00001eb239830	ZmZIM40	ZIM
GRMZM2G303161	ZmZIM40	ZIM
Zm00001d016316	ZmZIM40	ZIM
Zm00001d016315	ZmZIM40	ZIM
Zm00001eb239820	ZmZIM40	ZIM
Zm00001eb132910	ZmZIM41	ZIM
Zm00001eb132920	ZmZIM41	ZIM
Zm00001d041045	ZmZIM41	ZIM
Zm00001eb429330	ZmbHLH1	bHLH
GRMZM5G822829	ZmbHLH1	bHLH
Zm00001d026147	ZmbHLH1	bHLH
GRMZM2G172795	ZmbHLH2	bHLH
Zm00001eb074320	ZmbHLH2	bHLH
GRMZM2G180452	ZmbHLH3	bHLH
Zm00001d028297	ZmbHLH3	bHLH
Zm00001eb009490	ZmbHLH3	bHLH
AC177924.2_FG001	ZmbHLH4	bHLH
Zm00001d003964	ZmbHLH4	bHLH
Zm00001d037098	ZmbHLH5	bHLH
Zm00001eb278470	ZmbHLH5	bHLH
GRMZM2G116785	ZmbHLH5	bHLH
Zm00001eb101880	ZmbHLH6	bHLH
GRMZM2G417597	ZmbHLH6	bHLH
Zm00001d006022	ZmbHLH6	bHLH
GRMZM2G042920	ZmbHLH7	bHLH
Zm00001eb431080	ZmbHLH7	bHLH
Zm00001d026317	ZmbHLH7	bHLH
Zm00001eb198510	ZmbHLH8	bHLH
GRMZM2G038479	ZmbHLH8	bHLH
Zm00001d052728	ZmbHLH8	bHLH
Zm00001eb399390	ZmbHLH9	bHLH
GRMZM2G407119	ZmbHLH9	bHLH
Zm00001d047999	ZmbHLH9	bHLH
Zm00001eb374700	ZmbHLH10	bHLH
GRMZM2G067654	ZmbHLH10	bHLH
Zm00001d045107	ZmbHLH10	bHLH
GRMZM2G176289	ZmbHLH11	bHLH
Zm00001d051569	ZmbHLH11	bHLH
Zm00001eb188380	ZmbHLH11	bHLH
Zm00001d052038	ZmbHLH12	bHLH
Zm00001eb192440	ZmbHLH12	bHLH
Zm00001eb192430	ZmbHLH12	bHLH
GRMZM2G316758	ZmbHLH12	bHLH
Zm00001d052037	ZmbHLH12	bHLH
GRMZM2G316749	ZmbHLH12	bHLH
Zm00001eb187720	ZmbHLH13	bHLH
GRMZM2G091003	ZmbHLH13	bHLH
Zm00001d051509	ZmbHLH13	bHLH
GRMZM5G817854	ZmbHLH14	bHLH
Zm00001eb326150	ZmbHLH15	bHLH
Zm00001d021986	ZmbHLH15	bHLH
Zm00001d021987	ZmbHLH15	bHLH
Zm00001eb326140	ZmbHLH15	bHLH
GRMZM2G057260	ZmbHLH15	bHLH
Zm00001d021988	ZmbHLH15	bHLH
Zm00001d008174	ZmbHLH16	bHLH
GRMZM2G021276	ZmbHLH16	bHLH
Zm00001eb332170	ZmbHLH16	bHLH
Zm00001d034503	ZmbHLH17	bHLH
Zm00001eb061300	ZmbHLH17	bHLH
GRMZM2G137358	ZmbHLH17	bHLH
Zm00001d013370	ZmbHLH18	bHLH
Zm00001eb215740	ZmbHLH18	bHLH
GRMZM2G082343	ZmbHLH18	bHLH
GRMZM2G066057	ZmbHLH19	bHLH
Zm00001d008444	ZmbHLH19	bHLH
Zm00001eb334500	ZmbHLH19	bHLH
Zm00001d005841	ZmbHLH20	bHLH
Zm00001eb100380	ZmbHLH20	bHLH
GRMZM2G414252	ZmbHLH20	bHLH
Zm00001d048229	ZmbHLH21	bHLH
Zm00001eb401480	ZmbHLH21	bHLH
AC233899.1_FG002	ZmbHLH21	bHLH
GRMZM2G162450	ZmbHLH22	bHLH
Zm00001eb344960	ZmbHLH22	bHLH
Zm00001d009715	ZmbHLH22	bHLH
Zm00001d006110	ZmbHLH23	bHLH
Zm00001eb102580	ZmbHLH23	bHLH
GRMZM2G178182	ZmbHLH23	bHLH
Zm00001eb204110	ZmbHLH24	bHLH
Zm00001d053391	ZmbHLH24	bHLH
GRMZM2G085751	ZmbHLH24	bHLH
Zm00001d044242	ZmbHLH25	bHLH
Zm00001eb159960	ZmbHLH25	bHLH
GRMZM2G081816	ZmbHLH25	bHLH
Zm00001eb031010	ZmbHLH26	bHLH
Zm00001d030971	ZmbHLH26	bHLH
GRMZM2G018472	ZmbHLH26	bHLH
Zm00001eb055990	ZmbHLH27	bHLH
GRMZM2G092091	ZmbHLH27	bHLH
Zm00001d033870	ZmbHLH27	bHLH
GRMZM2G155043	ZmbHLH28	bHLH
Zm00001d033413	ZmbHLH28	bHLH
Zm00001eb052210	ZmbHLH28	bHLH
Zm00001eb252100	ZmbHLH29	bHLH
Zm00001d017778	ZmbHLH29	bHLH
GRMZM2G101350	ZmbHLH29	bHLH
Zm00001d018056	ZmbHLH30	bHLH
GRMZM2G036092	ZmbHLH30	bHLH
Zm00001eb254900	ZmbHLH30	bHLH
GRMZM2G435015	ZmbHLH31	bHLH
Zm00001d021172	ZmbHLH31	bHLH
Zm00001eb143520	ZmbHLH32	bHLH
GRMZM2G180406	ZmbHLH32	bHLH
Zm00001d042373	ZmbHLH32	bHLH
Zm00001eb101190	ZmbHLH33	bHLH
GRMZM2G015666	ZmbHLH33	bHLH
Zm00001d005939	ZmbHLH33	bHLH
Zm00001eb383050	ZmbHLH34	bHLH
Zm00001d046096	ZmbHLH34	bHLH
GRMZM2G045109	ZmbHLH34	bHLH
Zm00001d027546	ZmbHLH35	bHLH
GRMZM2G173372	ZmbHLH35	bHLH
Zm00001eb002830	ZmbHLH35	bHLH
Zm00001eb193920	ZmbHLH36	bHLH
Zm00001d052192	ZmbHLH36	bHLH
GRMZM2G008691	ZmbHLH36	bHLH
GRMZM2G107672	ZmbHLH37	bHLH
Zm00001eb166400	ZmbHLH38	bHLH
Zm00001d048786	ZmbHLH38	bHLH
GRMZM2G165188	ZmbHLH38	bHLH
GRMZM2G162382	ZmbHLH39	bHLH
Zm00001eb301520	ZmbHLH39	bHLH
Zm00001d018967	ZmbHLH39	bHLH
Zm00001d050394	ZmbHLH40	bHLH
GRMZM2G526668	ZmbHLH40	bHLH
Zm00001eb179590	ZmbHLH40	bHLH
Zm00001d007311	ZmbHLH41	bHLH
GRMZM2G171818	ZmbHLH41	bHLH
Zm00001eb112680	ZmbHLH41	bHLH
Zm00001d032213	ZmbHLH42	bHLH
Zm00001eb041610	ZmbHLH42	bHLH
GRMZM2G107276	ZmbHLH42	bHLH
Zm00001d033267	ZmbHLH43	bHLH
Zm00001eb050790	ZmbHLH43	bHLH
GRMZM2G165042	ZmbHLH43	bHLH
Zm00001d009999	ZmbHLH44	bHLH
GRMZM2G175480	ZmbHLH44	bHLH
Zm00001eb347270	ZmbHLH44	bHLH
GRMZM2G481280	ZmbHLH45	bHLH
Zm00001d035155	ZmbHLH45	bHLH
GRMZM2G013201	ZmbHLH46	bHLH
Zm00001d039273	ZmbHLH46	bHLH
Zm00001eb119000	ZmbHLH46	bHLH
Zm00001eb119010	ZmbHLH46	bHLH
GRMZM2G148723	ZmbHLH46	bHLH
Zm00001d039272	ZmbHLH46	bHLH
Zm00001d039271	ZmbHLH46	bHLH
Zm00001eb119020	ZmbHLH46	bHLH
Zm00001d034298	ZmbHLH47	bHLH
Zm00001eb059460	ZmbHLH47	bHLH
GRMZM2G065374	ZmbHLH47	bHLH
Zm00001eb062130	ZmbHLH48	bHLH
GRMZM2G027068	ZmbHLH48	bHLH
Zm00001d034596	ZmbHLH48	bHLH
GRMZM2G137374	ZmbHLH49	bHLH
Zm00001eb002350	ZmbHLH49	bHLH
Zm00001d027496	ZmbHLH49	bHLH
Zm00001eb002370	ZmbHLH50	bHLH
GRMZM2G137380	ZmbHLH50	bHLH
Zm00001eb002360	ZmbHLH50	bHLH
Zm00001d027497	ZmbHLH50	bHLH
Zm00001d053895	ZmbHLH51	bHLH
GRMZM2G139372	ZmbHLH51	bHLH
Zm00001eb208200	ZmbHLH51	bHLH
Zm00001eb174280	ZmbHLH52	bHLH
Zm00001eb174260	ZmbHLH52	bHLH
GRMZM5G812883	ZmbHLH52	bHLH
GRMZM2G111146	ZmbHLH53	bHLH
Zm00001eb251200	ZmbHLH53	bHLH
Zm00001d017677	ZmbHLH53	bHLH
Zm00001d011847	ZmbHLH54	bHLH
AC193786.3_FG005	ZmbHLH54	bHLH
Zm00001eb362800	ZmbHLH54	bHLH
GRMZM2G030762	ZmbHLH55	bHLH
Zm00001eb364850	ZmbHLH55	bHLH
Zm00001d012067	ZmbHLH55	bHLH
GRMZM2G072342	ZmbHLH56	bHLH
Zm00001d028504	ZmbHLH56	bHLH
GRMZM2G072376	ZmbHLH56	bHLH
Zm00001eb011370	ZmbHLH56	bHLH
Zm00001d043706	ZmbHLH57	bHLH
Zm00001eb155400	ZmbHLH57	bHLH
GRMZM2G159937	ZmbHLH57	bHLH
Zm00001eb155410	ZmbHLH57	bHLH
AC198518.3_FG005	ZmbHLH58	bHLH
GRMZM2G303463	ZmbHLH59	bHLH
Zm00001d007536	ZmbHLH59	bHLH
Zm00001eb114530	ZmbHLH59	bHLH
GRMZM2G016756	ZmbHLH60	bHLH
Zm00001d013130	ZmbHLH60	bHLH
Zm00001eb213550	ZmbHLH60	bHLH
Zm00001d049721	ZmbHLH61	bHLH
Zm00001eb174240	ZmbHLH61	bHLH
GRMZM5G818776	ZmbHLH61	bHLH
GRMZM2G333582	ZmbHLH62	bHLH
Zm00001d008853	ZmbHLH62	bHLH
Zm00001eb337860	ZmbHLH62	bHLH
Zm00001eb119900	ZmbHLH63	bHLH
GRMZM2G166642	ZmbHLH63	bHLH
GRMZM2G175955	ZmbHLH64	bHLH
Zm00001d031262	ZmbHLH64	bHLH
Zm00001eb033510	ZmbHLH64	bHLH
Zm00001d008205	ZmbHLH65	bHLH
Zm00001eb332400	ZmbHLH65	bHLH
GRMZM2G387528	ZmbHLH65	bHLH
Zm00001eb106630	ZmbHLH66	bHLH
Zm00001d006565	ZmbHLH66	bHLH
GRMZM2G163233	ZmbHLH66	bHLH
Zm00001eb106620	ZmbHLH66	bHLH
Zm00001d006564	ZmbHLH66	bHLH
Zm00001d042989	ZmbHLH67	bHLH
Zm00001eb148990	ZmbHLH67	bHLH
Zm00001d042988	ZmbHLH67	bHLH
GRMZM2G397518	ZmbHLH67	bHLH
Zm00001d040536	ZmbHLH68	bHLH
GRMZM2G115875	ZmbHLH68	bHLH
Zm00001d040535	ZmbHLH68	bHLH
GRMZM2G115960	ZmbHLH68	bHLH
Zm00001eb129510	ZmbHLH68	bHLH
Zm00001eb129520	ZmbHLH68	bHLH
GRMZM2G378653	ZmbHLH69	bHLH
Zm00001d046759	ZmbHLH69	bHLH
Zm00001eb388300	ZmbHLH69	bHLH
GRMZM2G397755	ZmbHLH70	bHLH
Zm00001d039459	ZmbHLH70	bHLH
Zm00001eb120960	ZmbHLH70	bHLH
Zm00001eb052200	ZmbHLH71	bHLH
GRMZM2G120021	ZmbHLH71	bHLH
Zm00001d033412	ZmbHLH71	bHLH
GRMZM2G472638	ZmbHLH72	bHLH
GRMZM2G701900	ZmbHLH72	bHLH
Zm00001d016354	ZmbHLH72	bHLH
Zm00001eb240050	ZmbHLH72	bHLH
GRMZM2G170559	ZmbHLH72	bHLH
GRMZM2G008898	ZmbHLH73	bHLH
Zm00001d007768	ZmbHLH73	bHLH
Zm00001eb116410	ZmbHLH73	bHLH
Zm00001eb005500	ZmbHLH74	bHLH
GRMZM2G035156	ZmbHLH74	bHLH
Zm00001d027855	ZmbHLH74	bHLH
Zm00001eb135030	ZmbHLH75	bHLH
Zm00001eb135040	ZmbHLH75	bHLH
Zm00001d041351	ZmbHLH75	bHLH
GRMZM2G395549	ZmbHLH75	bHLH
Zm00001eb135020	ZmbHLH75	bHLH
GRMZM2G112629	ZmbHLH76	bHLH
Zm00001d040148	ZmbHLH76	bHLH
Zm00001d011212	ZmbHLH77	bHLH
Zm00001eb357120	ZmbHLH77	bHLH
GRMZM2G463133	ZmbHLH77	bHLH
Zm00001eb032680	ZmbHLH78	bHLH
GRMZM2G049686	ZmbHLH78	bHLH
GRMZM2G173862	ZmbHLH79	bHLH
Zm00001d012642	ZmbHLH79	bHLH
Zm00001eb370010	ZmbHLH79	bHLH
Zm00001eb106720	ZmbHLH80	bHLH
GRMZM2G142932	ZmbHLH80	bHLH
Zm00001d006578	ZmbHLH80	bHLH
GRMZM5G828396	ZmbHLH81	bHLH
Zm00001d031561	ZmbHLH81	bHLH
Zm00001eb036040	ZmbHLH81	bHLH
Zm00001d009778	ZmbHLH82	bHLH
Zm00001eb345600	ZmbHLH82	bHLH
GRMZM2G417164	ZmbHLH82	bHLH
GRMZM2G169947	ZmbHLH83	bHLH
Zm00001eb126610	ZmbHLH83	bHLH
Zm00001d040152	ZmbHLH83	bHLH
GRMZM2G159456	ZmbHLH84	bHLH
Zm00001d027859	ZmbHLH84	bHLH
Zm00001eb005540	ZmbHLH84	bHLH
Zm00001eb174220	ZmbHLH85	bHLH
GRMZM2G354618	ZmbHLH85	bHLH
GRMZM5G818643	ZmbHLH86	bHLH
Zm00001d020826	ZmbHLH86	bHLH
Zm00001eb315870	ZmbHLH86	bHLH
Zm00001d020490	ZmbHLH87	bHLH
Zm00001eb312850	ZmbHLH87	bHLH
GRMZM2G027563	ZmbHLH87	bHLH
Zm00001d005750	ZmbHLH88	bHLH
GRMZM2G350165	ZmbHLH88	bHLH
Zm00001eb099470	ZmbHLH88	bHLH
Zm00001eb252360	ZmbHLH89	bHLH
Zm00001d017804	ZmbHLH89	bHLH
AC216731.3_FG001	ZmbHLH89	bHLH
GRMZM2G153454	ZmbHLH90	bHLH
Zm00001eb323880	ZmbHLH90	bHLH
Zm00001d021748	ZmbHLH90	bHLH
GRMZM2G049229	ZmbHLH91	bHLH
Zm00001d047017	ZmbHLH91	bHLH
Zm00001eb390330	ZmbHLH91	bHLH
GRMZM2G164341	ZmbHLH92	bHLH
Zm00001d011187	ZmbHLH92	bHLH
Zm00001eb356930	ZmbHLH92	bHLH
GRMZM5G899865	ZmbHLH93	bHLH
Zm00001d033729	ZmbHLH93	bHLH
Zm00001eb054860	ZmbHLH93	bHLH
Zm00001eb054870	ZmbHLH93	bHLH
Zm00001eb160210	ZmbHLH94	bHLH
Zm00001d044272	ZmbHLH94	bHLH
GRMZM5G849600	ZmbHLH94	bHLH
GRMZM2G107560	ZmbHLH95	bHLH
Zm00001d006150	ZmbHLH95	bHLH
Zm00001eb102950	ZmbHLH95	bHLH
Zm00001d007382	ZmbHLH96	bHLH
GRMZM2G172297	ZmbHLH96	bHLH
Zm00001eb113220	ZmbHLH96	bHLH
Zm00001eb402170	ZmbHLH97	bHLH
AC149829.2_FG004	ZmbHLH97	bHLH
Zm00001d048309	ZmbHLH97	bHLH
GRMZM2G340177	ZmbHLH98	bHLH
Zm00001eb385110	ZmbHLH98	bHLH
Zm00001d046346	ZmbHLH98	bHLH
GRMZM2G076636	ZmbHLH99	bHLH
Zm00001d009013	ZmbHLH99	bHLH
Zm00001eb339360	ZmbHLH99	bHLH
Zm00001d025205	ZmbHLH100	bHLH
GRMZM2G313756	ZmbHLH100	bHLH
Zm00001eb420910	ZmbHLH100	bHLH
Zm00001eb085690	ZmbHLH101	bHLH
GRMZM2G173521	ZmbHLH101	bHLH
Zm00001d004007	ZmbHLH101	bHLH
Zm00001eb422960	ZmbHLH102	bHLH
Zm00001d025462	ZmbHLH102	bHLH
GRMZM2G355469	ZmbHLH102	bHLH
GRMZM2G301089	ZmbHLH103	bHLH
Zm00001eb056740	ZmbHLH103	bHLH
Zm00001eb056760	ZmbHLH103	bHLH
Zm00001d033957	ZmbHLH103	bHLH
Zm00001eb123570	ZmbHLH104	bHLH
GRMZM2G088443	ZmbHLH104	bHLH
Zm00001d039764	ZmbHLH104	bHLH
Zm00001eb315610	ZmbHLH105	bHLH
GRMZM2G082586	ZmbHLH105	bHLH
Zm00001d020790	ZmbHLH105	bHLH
GRMZM2G089501	ZmbHLH106	bHLH
Zm00001d020834	ZmbHLH106	bHLH
Zm00001eb315910	ZmbHLH106	bHLH
GRMZM2G145146	ZmbHLH107	bHLH
Zm00001d020763	ZmbHLH107	bHLH
Zm00001eb315330	ZmbHLH107	bHLH
GRMZM2G119823	ZmbHLH108	bHLH
Zm00001eb420440	ZmbHLH108	bHLH
Zm00001d025141	ZmbHLH108	bHLH
GRMZM2G013688	ZmbHLH109	bHLH
Zm00001eb318500	ZmbHLH109	bHLH
Zm00001d021164	ZmbHLH109	bHLH
GRMZM2G452996	ZmbHLH110	bHLH
Zm00001d027753	ZmbHLH110	bHLH
Zm00001eb004600	ZmbHLH110	bHLH
Zm00001eb025850	ZmbHLH111	bHLH
GRMZM2G150327	ZmbHLH111	bHLH
Zm00001d030232	ZmbHLH111	bHLH
Zm00001eb034940	ZmbHLH112	bHLH
Zm00001d031441	ZmbHLH112	bHLH
GRMZM5G879527	ZmbHLH112	bHLH
GRMZM2G471635	ZmbHLH113	bHLH
Zm00001d050016	ZmbHLH113	bHLH
Zm00001eb176650	ZmbHLH113	bHLH
Zm00001d033407	ZmbHLH114	bHLH
Zm00001eb052150	ZmbHLH114	bHLH
GRMZM2G095899	ZmbHLH114	bHLH
Zm00001eb032670	ZmbHLH115	bHLH
GRMZM2G068604	ZmbHLH115	bHLH
Zm00001d031167	ZmbHLH115	bHLH
Zm00001d024522	ZmbHLH116	bHLH
GRMZM2G042895	ZmbHLH116	bHLH
Zm00001eb415520	ZmbHLH116	bHLH
Zm00001eb417610	ZmbHLH117	bHLH
GRMZM2G062541	ZmbHLH117	bHLH
Zm00001d024783	ZmbHLH117	bHLH
Zm00001d038357	ZmbHLH118	bHLH
GRMZM2G061906	ZmbHLH118	bHLH
Zm00001eb289490	ZmbHLH118	bHLH
GRMZM5G863198	ZmbHLH119	bHLH
Zm00001d016257	ZmbHLH119	bHLH
Zm00001eb239400	ZmbHLH119	bHLH
Zm00001eb239410	ZmbHLH119	bHLH
GRMZM2G109605	ZmbHLH120	bHLH
GRMZM2G083504	ZmbHLH121	bHLH
Zm00001d006065	ZmbHLH121	bHLH
Zm00001eb102260	ZmbHLH121	bHLH
Zm00001eb251650	ZmbHLH122	bHLH
Zm00001d017724	ZmbHLH122	bHLH
AC233960.1_FG005	ZmbHLH122	bHLH
Zm00001d037528	ZmbHLH123	bHLH
Zm00001eb282210	ZmbHLH123	bHLH
GRMZM2G369629	ZmbHLH123	bHLH
Zm00001eb284130	ZmbHLH124	bHLH
GRMZM2G132550	ZmbHLH124	bHLH
Zm00001d037749	ZmbHLH124	bHLH
GRMZM2G017349	ZmbHLH125	bHLH
Zm00001d045212	ZmbHLH125	bHLH
Zm00001eb375660	ZmbHLH125	bHLH
Zm00001eb140680	ZmbHLH126	bHLH
Zm00001d042062	ZmbHLH126	bHLH
GRMZM2G057413	ZmbHLH126	bHLH
Zm00001eb228320	ZmbHLH127	bHLH
Zm00001d014814	ZmbHLH127	bHLH
GRMZM2G128807	ZmbHLH127	bHLH
Zm00001eb209480	ZmbHLH128	bHLH
Zm00001d054038	ZmbHLH128	bHLH
GRMZM2G314882	ZmbHLH128	bHLH
Zm00001eb229950	ZmbHLH129	bHLH
GRMZM5G856837	ZmbHLH129	bHLH
Zm00001d014995	ZmbHLH129	bHLH
Zm00001d049294	ZmbHLH130	bHLH
GRMZM2G033356	ZmbHLH130	bHLH
Zm00001eb170530	ZmbHLH130	bHLH
Zm00001eb403770	ZmbHLH131	bHLH
GRMZM2G171464	ZmbHLH131	bHLH
Zm00001d048478	ZmbHLH131	bHLH
Zm00001d042482	ZmbHLH132	bHLH
GRMZM2G114873	ZmbHLH132	bHLH
Zm00001eb144450	ZmbHLH132	bHLH
GRMZM2G135629	ZmbHLH133	bHLH
GRMZM2G437481	ZmbHLH133	bHLH
Zm00001d025727	ZmbHLH133	bHLH
Zm00001eb425310	ZmbHLH133	bHLH
Zm00001d026046	ZmbHLH134	bHLH
Zm00001eb428400	ZmbHLH134	bHLH
GRMZM2G086474	ZmbHLH134	bHLH
Zm00001eb037960	ZmbHLH135	bHLH
Zm00001d031781	ZmbHLH135	bHLH
GRMZM2G134735	ZmbHLH135	bHLH
GRMZM2G144275	ZmbHLH136	bHLH
Zm00001d021019	ZmbHLH136	bHLH
Zm00001eb317460	ZmbHLH136	bHLH
Zm00001eb055830	ZmbHLH137	bHLH
Zm00001d033848	ZmbHLH137	bHLH
GRMZM2G019806	ZmbHLH137	bHLH
Zm00001eb099400	ZmbHLH138	bHLH
Zm00001d005740	ZmbHLH138	bHLH
Zm00001eb099390	ZmbHLH138	bHLH
GRMZM2G176141	ZmbHLH138	bHLH
GRMZM2G064638	ZmbHLH139	bHLH
Zm00001d016095	ZmbHLH139	bHLH
Zm00001eb238140	ZmbHLH139	bHLH
GRMZM2G475289	ZmbHLH140	bHLH
Zm00001d027419	ZmbHLH140	bHLH
Zm00001eb001630	ZmbHLH140	bHLH
Zm00001d049158	ZmbHLH141	bHLH
Zm00001eb169340	ZmbHLH141	bHLH
GRMZM2G080168	ZmbHLH141	bHLH
Zm00001d036807	ZmbHLH142	bHLH
Zm00001eb275820	ZmbHLH142	bHLH
GRMZM2G074438	ZmbHLH142	bHLH
Zm00001eb398190	ZmbHLH143	bHLH
Zm00001d047878	ZmbHLH143	bHLH
GRMZM2G043854	ZmbHLH143	bHLH
GRMZM2G042893	ZmbHLH144	bHLH
Zm00001d004095	ZmbHLH144	bHLH
Zm00001eb086370	ZmbHLH144	bHLH
Zm00001eb037440	ZmbHLH145	bHLH
Zm00001d031717	ZmbHLH145	bHLH
GRMZM2G472671	ZmbHLH145	bHLH
GRMZM2G085467	ZmbHLH146	bHLH
Zm00001d020932	ZmbHLH146	bHLH
Zm00001eb316660	ZmbHLH146	bHLH
GRMZM2G383841	ZmbHLH147	bHLH
Zm00001d006733	ZmbHLH147	bHLH
Zm00001eb108190	ZmbHLH147	bHLH
Zm00001d002288	ZmbHLH148	bHLH
Zm00001eb070520	ZmbHLH148	bHLH
GRMZM2G080054	ZmbHLH148	bHLH
Zm00001eb024330	ZmbHLH149	bHLH
GRMZM2G001930	ZmbHLH149	bHLH
Zm00001d030028	ZmbHLH149	bHLH
Zm00001d020705	ZmbHLH150	bHLH
GRMZM2G045431	ZmbHLH150	bHLH
Zm00001eb314810	ZmbHLH150	bHLH
Zm00001d005964	ZmbHLH151	bHLH
GRMZM2G137541	ZmbHLH151	bHLH
Zm00001eb101360	ZmbHLH151	bHLH
GRMZM5G839518	ZmbHLH152	bHLH
Zm00001eb244380	ZmbHLH152	bHLH
Zm00001d016873	ZmbHLH152	bHLH
Zm00001eb417580	ZmbHLH153	bHLH
Zm00001d024781	ZmbHLH153	bHLH
GRMZM2G036554	ZmbHLH153	bHLH
Zm00001eb417570	ZmbHLH153	bHLH
Zm00001eb215610	ZmbHLH154	bHLH
Zm00001d013357	ZmbHLH154	bHLH
GRMZM2G385543	ZmbHLH154	bHLH
GRMZM2G042101	ZmbHLH155	bHLH
Zm00001d052254	ZmbHLH155	bHLH
Zm00001eb253350	ZmbHLH156	bHLH
Zm00001d017908	ZmbHLH156	bHLH
GRMZM2G317450	ZmbHLH156	bHLH
Zm00001d005969	ZmbHLH157	bHLH
GRMZM2G009478	ZmbHLH157	bHLH
Zm00001eb101410	ZmbHLH157	bHLH
Zm00001d030972	ZmbHLH158	bHLH
GRMZM2G165090	ZmbHLH158	bHLH
Zm00001eb031020	ZmbHLH158	bHLH
GRMZM2G004356	ZmbHLH159	bHLH
Zm00001d013073	ZmbHLH159	bHLH
Zm00001eb212930	ZmbHLH159	bHLH
Zm00001d027987	ZmbHLH160	bHLH
GRMZM2G006631	ZmbHLH160	bHLH
Zm00001eb006680	ZmbHLH160	bHLH
Zm00001d018119	ZmbHLH161	bHLH
GRMZM2G045883	ZmbHLH161	bHLH
Zm00001eb255490	ZmbHLH161	bHLH
Zm00001eb416800	ZmbHLH162	bHLH
Zm00001d024679	ZmbHLH162	bHLH
GRMZM2G093744	ZmbHLH162	bHLH
Zm00001eb031560	ZmbHLH163	bHLH
Zm00001d031044	ZmbHLH163	bHLH
GRMZM5G865967	ZmbHLH163	bHLH
GRMZM2G058451	ZmbHLH164	bHLH
Zm00001eb323440	ZmbHLH164	bHLH
Zm00001d021701	ZmbHLH164	bHLH
Zm00001eb175540	ZmbHLH165	bHLH
GRMZM2G145579	ZmbHLH165	bHLH
Zm00001d049870	ZmbHLH165	bHLH
GRMZM2G114444	ZmbHLH166	bHLH
Zm00001eb159750	ZmbHLH166	bHLH
Zm00001d044216	ZmbHLH166	bHLH
Zm00001eb082900	ZmbHLH167	bHLH
GRMZM2G147685	ZmbHLH167	bHLH
Zm00001d003677	ZmbHLH167	bHLH
Zm00001eb258240	ZmbHLH168	bHLH
GRMZM2G030744	ZmbHLH168	bHLH
Zm00001d018416	ZmbHLH168	bHLH
Zm00001eb101040	ZmbHLH169	bHLH
Zm00001d005919	ZmbHLH169	bHLH
GRMZM2G113257	ZmbHLH169	bHLH
Zm00001d031818	ZmbHLH170	bHLH
GRMZM2G082630	ZmbHLH170	bHLH
Zm00001eb038320	ZmbHLH170	bHLH
Zm00001eb374120	ZmbHLH171	bHLH
GRMZM2G024530	ZmbHLH171	bHLH
Zm00001d045046	ZmbHLH171	bHLH
GRMZM2G017586	ZmbHLH172	bHLH
Zm00001eb173070	ZmbHLH172	bHLH
GRMZM5G882527	ZmbHLH173	bHLH
Zm00001d031665	ZmbHLH173	bHLH
Zm00001eb036990	ZmbHLH173	bHLH
GRMZM2G016039	ZmbHLH174	bHLH
Zm00001eb142500	ZmbHLH175	bHLH
GRMZM2G173534	ZmbHLH175	bHLH
Zm00001d042263	ZmbHLH175	bHLH
Zm00001eb272150	ZmbHLH176	bHLH
Zm00001d036382	ZmbHLH176	bHLH
GRMZM5G857090	ZmbHLH176	bHLH
GRMZM5G896413	ZmbHLH177	bHLH
Zm00001d028314	ZmbHLH177	bHLH
GRMZM2G034737	ZmbHLH177	bHLH
Zm00001eb009630	ZmbHLH177	bHLH
Zm00001d028315	ZmbHLH177	bHLH
Zm00001eb400660	ZmbHLH178	bHLH
GRMZM2G483946	ZmbHLH178	bHLH
Zm00001d048141	ZmbHLH178	bHLH
Zm00001d043252	ZmbHLH179	bHLH
GRMZM2G322723	ZmbHLH179	bHLH
Zm00001eb151300	ZmbHLH179	bHLH
Zm00001eb318020	ZmbHLH180	bHLH
Zm00001d021086	ZmbHLH180	bHLH
Zm00001d029897	ZmbHLH181	bHLH
GRMZM2G062458	ZmbHLH181	bHLH
Zm00001eb023350	ZmbHLH181	bHLH
Zm00001d029898	ZmbHLH181	bHLH
GRMZM5G846082	ZmbHLH181	bHLH
Zm00001d044839	ZmbHLH182	bHLH
Zm00001eb372510	ZmbHLH182	bHLH
GRMZM5G878346	ZmbHLH182	bHLH
Zm00001eb295410	ZmbHLH183	bHLH
Zm00001d038966	ZmbHLH183	bHLH
Zm00001eb383710	ZmbHLH184	bHLH
Zm00001d046173	ZmbHLH184	bHLH
Zm00001eb018460	ZmbHLH185	bHLH
Zm00001d029339	ZmbHLH185	bHLH
GRMZM2G350312	ZmbHLH185	bHLH
Zm00001d016941	ZmbHLH186	bHLH
Zm00001eb244960	ZmbHLH186	bHLH
GRMZM2G156734	ZmbHLH186	bHLH
GRMZM2G133675	ZmbHLH187	bHLH
Zm00001d048901	ZmbHLH187	bHLH
Zm00001eb167310	ZmbHLH187	bHLH
Zm00001eb427980	ZmbHLH188	bHLH
Zm00001d026009	ZmbHLH188	bHLH
Zm00001d019170	ZmbHLH189	bHLH
Zm00001eb303250	ZmbHLH189	bHLH
GRMZM2G042733	ZmbHLH189	bHLH
Zm00001d022225	ZmbHLH190	bHLH
Zm00001eb328230	ZmbHLH190	bHLH
Zm00001eb328240	ZmbHLH190	bHLH
Zm00001eb328250	ZmbHLH190	bHLH
AC195864.3_FG017	ZmbHLH190	bHLH
Zm00001d022223	ZmbHLH190	bHLH
Zm00001d022224	ZmbHLH190	bHLH
GRMZM2G017145	ZmbHLH190	bHLH
Zm00001d003604	ZmbHLH191	bHLH
Zm00001eb082180	ZmbHLH191	bHLH
Zm00001d035027	ZmbHLH192	bHLH
Zm00001eb260340	ZmbHLH192	bHLH
Zm00001eb010710	ZmbHLH193	bHLH
GRMZM2G170336	ZmbHLH193	bHLH
Zm00001d028426	ZmbHLH193	bHLH
Zm00001d028427	ZmbHLH193	bHLH
Zm00001eb010700	ZmbHLH193	bHLH
GRMZM2G077780	ZmbHLH194	bHLH
Zm00001d027347	ZmbHLH194	bHLH
Zm00001eb001000	ZmbHLH194	bHLH
Zm00001eb261420	ZmbHLH195	bHLH
Zm00001d035154	ZmbHLH195	bHLH
GRMZM5G832135	ZmbHLH196	bHLH
Zm00001d018374	ZmbHLH196	bHLH
Zm00001eb257810	ZmbHLH196	bHLH
GRMZM2G072820	ZmbHLH197	bHLH
Zm00001eb068900	ZmbHLH197	bHLH
Zm00001d002121	ZmbHLH197	bHLH
GRMZM2G095261	ZmbHLH198	bHLH
Zm00001eb322210	ZmbHLH198	bHLH
Zm00001d021577	ZmbHLH198	bHLH
Zm00001eb322220	ZmbHLH198	bHLH
Zm00001eb246520	ZmbHLH199	bHLH
GRMZM2G137426	ZmbHLH199	bHLH
Zm00001d017138	ZmbHLH199	bHLH
Zm00001d027911	ZmbHLH200	bHLH
Zm00001eb006060	ZmbHLH200	bHLH
Zm00001eb009610	ZmbHLH201	bHLH
Zm00001d028312	ZmbHLH201	bHLH
GRMZM2G317317	ZmbHLH201	bHLH
Zm00001eb089910	ZmbHLH202	bHLH
Zm00001d008420	ZmbHLH203	bHLH
Zm00001eb334310	ZmbHLH203	bHLH
Zm00001eb334300	ZmbHLH203	bHLH
GRMZM2G015534	ZmbZIP1	bZIP
Zm00001d018971	ZmbZIP1	bZIP
Zm00001eb301570	ZmbZIP1	bZIP
GRMZM2G067921	ZmbZIP2	bZIP
Zm00001d022613	ZmbZIP2	bZIP
Zm00001eb331880	ZmbZIP2	bZIP
GRMZM2G074373	ZmbZIP3	bZIP
Zm00001eb133640	ZmbZIP3	bZIP
Zm00001d041142	ZmbZIP3	bZIP
Zm00001d018178	ZmbZIP4	bZIP
GRMZM2G479760	ZmbZIP4	bZIP
Zm00001eb255970	ZmbZIP4	bZIP
GRMZM2G358701	ZmbZIP5	bZIP
Zm00001d025638	ZmbZIP5	bZIP
Zm00001d039658	ZmbZIP6	bZIP
Zm00001eb122740	ZmbZIP6	bZIP
GRMZM2G039828	ZmbZIP6	bZIP
GRMZM2G006578	ZmbZIP7	bZIP
Zm00001d020938	ZmbZIP7	bZIP
Zm00001eb316720	ZmbZIP7	bZIP
Zm00001eb139480	ZmbZIP8	bZIP
Zm00001d041920	ZmbZIP8	bZIP
GRMZM2G146020	ZmbZIP8	bZIP
Zm00001eb309420	ZmbZIP9	bZIP
Zm00001d020025	ZmbZIP9	bZIP
GRMZM2G092137	ZmbZIP9	bZIP
Zm00001eb407530	ZmbZIP10	bZIP
GRMZM2G136266	ZmbZIP10	bZIP
Zm00001d023507	ZmbZIP10	bZIP
Zm00001eb147220	ZmbZIP11	bZIP
Zm00001d042777	ZmbZIP11	bZIP
GRMZM2G060216	ZmbZIP11	bZIP
Zm00001eb264930	ZmbZIP12	bZIP
GRMZM2G448607	ZmbZIP12	bZIP
Zm00001d035440	ZmbZIP12	bZIP
Zm00001d017911	ZmbZIP13	bZIP
GRMZM2G020799	ZmbZIP13	bZIP
Zm00001eb253370	ZmbZIP13	bZIP
GRMZM2G153144	ZmbZIP14	bZIP
Zm00001d015118	ZmbZIP14	bZIP
Zm00001eb231040	ZmbZIP14	bZIP
Zm00001eb272230	ZmbZIP15	bZIP
Zm00001d036392	ZmbZIP15	bZIP
GRMZM2G402862	ZmbZIP15	bZIP
Zm00001eb199200	ZmbZIP16	bZIP
Zm00001d052807	ZmbZIP16	bZIP
GRMZM2G144480	ZmbZIP16	bZIP
GRMZM2G103647	ZmbZIP17	bZIP
Zm00001eb389660	ZmbZIP17	bZIP
Zm00001d046937	ZmbZIP17	bZIP
Zm00001d039065	ZmbZIP18	bZIP
GRMZM2G011932	ZmbZIP18	bZIP
Zm00001eb296340	ZmbZIP18	bZIP
GRMZM5G848942	ZmbZIP19	bZIP
Zm00001d043908	ZmbZIP19	bZIP
Zm00001d012719	ZmbZIP20	bZIP
Zm00001eb370720	ZmbZIP20	bZIP
GRMZM2G170079	ZmbZIP20	bZIP
GRMZM2G368491	ZmbZIP21	bZIP
Zm00001d044546	ZmbZIP21	bZIP
Zm00001eb162740	ZmbZIP21	bZIP
Zm00001d021191	ZmbZIP22	bZIP
GRMZM2G043600	ZmbZIP22	bZIP
Zm00001eb318740	ZmbZIP22	bZIP
Zm00001d004857	ZmbZIP23	bZIP
Zm00001eb092090	ZmbZIP23	bZIP
GRMZM5G821024	ZmbZIP23	bZIP
Zm00001d028879	ZmbZIP24	bZIP
GRMZM2G038015	ZmbZIP24	bZIP
Zm00001eb014590	ZmbZIP24	bZIP
Zm00001eb352420	ZmbZIP25	bZIP
Zm00001d010658	ZmbZIP25	bZIP
GRMZM2G080731	ZmbZIP25	bZIP
Zm00001eb058820	ZmbZIP26	bZIP
Zm00001d034199	ZmbZIP26	bZIP
GRMZM2G177046	ZmbZIP26	bZIP
Zm00001eb069140	ZmbZIP27	bZIP
Zm00001d002143	ZmbZIP27	bZIP
GRMZM2G131961	ZmbZIP27	bZIP
Zm00001eb236380	ZmbZIP28	bZIP
GRMZM2G029979	ZmbZIP28	bZIP
Zm00001d015846	ZmbZIP28	bZIP
Zm00001d015845	ZmbZIP28	bZIP
Zm00001eb061930	ZmbZIP29	bZIP
Zm00001d034571	ZmbZIP29	bZIP
GRMZM2G138340	ZmbZIP29	bZIP
GRMZM2G095078	ZmbZIP30	bZIP
Zm00001eb303220	ZmbZIP30	bZIP
Zm00001d019166	ZmbZIP30	bZIP
Zm00001eb032870	ZmbZIP31	bZIP
GRMZM2G370026	ZmbZIP31	bZIP
Zm00001d031194	ZmbZIP31	bZIP
Zm00001eb413650	ZmbZIP32	bZIP
Zm00001d024285	ZmbZIP32	bZIP
GRMZM5G884349	ZmbZIP32	bZIP
GRMZM2G125243	ZmbZIP33	bZIP
Zm00001eb369280	ZmbZIP33	bZIP
Zm00001d012553	ZmbZIP33	bZIP
Zm00001d038189	ZmbZIP34	bZIP
Zm00001eb288050	ZmbZIP34	bZIP
Zm00001eb288060	ZmbZIP34	bZIP
GRMZM5G891783	ZmbZIP34	bZIP
GRMZM2G045236	ZmbZIP34	bZIP
GRMZM2G167243	ZmbZIP34	bZIP
Zm00001eb288040	ZmbZIP34	bZIP
GRMZM2G407631	ZmbZIP35	bZIP
Zm00001d046664	ZmbZIP35	bZIP
Zm00001eb387600	ZmbZIP35	bZIP
Zm00001d015664	ZmbZIP36	bZIP
GRMZM2G080111	ZmbZIP36	bZIP
Zm00001eb235050	ZmbZIP36	bZIP
GRMZM2G088140	ZmbZIP37	bZIP
Zm00001eb411700	ZmbZIP37	bZIP
Zm00001d024041	ZmbZIP37	bZIP
Zm00001d024043	ZmbZIP37	bZIP
Zm00001d018571	ZmbZIP38	bZIP
GRMZM2G073892	ZmbZIP38	bZIP
Zm00001eb259650	ZmbZIP38	bZIP
Zm00001eb028430	ZmbZIP39	bZIP
GRMZM2G479885	ZmbZIP39	bZIP
Zm00001d030617	ZmbZIP39	bZIP
AC203957.3_FG004	ZmbZIP40	bZIP
Zm00001d005578	ZmbZIP40	bZIP
Zm00001eb097930	ZmbZIP40	bZIP
Zm00001d034448	ZmbZIP41	bZIP
Zm00001eb060810	ZmbZIP41	bZIP
Zm00001d034447	ZmbZIP41	bZIP
GRMZM2G019446	ZmbZIP41	bZIP
Zm00001d040500	ZmbZIP42	bZIP
GRMZM2G160136	ZmbZIP42	bZIP
Zm00001eb129290	ZmbZIP42	bZIP
Zm00001eb198470	ZmbZIP43	bZIP
GRMZM2G149150	ZmbZIP43	bZIP
Zm00001d052725	ZmbZIP43	bZIP
GRMZM2G438293	ZmbZIP44	bZIP
Zm00001eb366690	ZmbZIP44	bZIP
Zm00001d012273	ZmbZIP44	bZIP
Zm00001d030577	ZmbZIP45	bZIP
Zm00001eb028160	ZmbZIP45	bZIP
GRMZM2G093020	ZmbZIP45	bZIP
Zm00001eb103000	ZmbZIP46	bZIP
Zm00001d006157	ZmbZIP46	bZIP
GRMZM2G037910	ZmbZIP46	bZIP
Zm00001d021189	ZmbZIP47	bZIP
Zm00001eb318730	ZmbZIP47	bZIP
AC200057.4_FG007	ZmbZIP47	bZIP
Zm00001d041604	ZmbZIP48	bZIP
Zm00001eb136980	ZmbZIP48	bZIP
GRMZM2G160902	ZmbZIP48	bZIP
Zm00001d031790	ZmbZIP49	bZIP
GRMZM2G478417	ZmbZIP49	bZIP
Zm00001eb038010	ZmbZIP49	bZIP
Zm00001d053703	ZmbZIP50	bZIP
GRMZM2G336766	ZmbZIP50	bZIP
Zm00001eb206320	ZmbZIP50	bZIP
Zm00001eb299280	ZmbZIP51	bZIP
Zm00001d018729	ZmbZIP51	bZIP
GRMZM2G438652	ZmbZIP51	bZIP
Zm00001d028936	ZmbZIP52	bZIP
GRMZM2G174284	ZmbZIP52	bZIP
Zm00001eb015150	ZmbZIP52	bZIP
GRMZM2G027976	ZmbZIP53	bZIP
Zm00001d043420	ZmbZIP53	bZIP
Zm00001eb152810	ZmbZIP53	bZIP
Zm00001d022542	ZmbZIP54	bZIP
GRMZM2G361847	ZmbZIP54	bZIP
Zm00001eb331170	ZmbZIP54	bZIP
Zm00001eb213880	ZmbZIP55	bZIP
Zm00001d013172	ZmbZIP55	bZIP
GRMZM2G386273	ZmbZIP55	bZIP
Zm00001d043153	ZmbZIP56	bZIP
Zm00001eb150360	ZmbZIP56	bZIP
GRMZM2G019907	ZmbZIP56	bZIP
Zm00001d037317	ZmbZIP57	bZIP
GRMZM2G133331	ZmbZIP57	bZIP
Zm00001eb280500	ZmbZIP57	bZIP
Zm00001eb330680	ZmbZIP58	bZIP
GRMZM2G149040	ZmbZIP58	bZIP
Zm00001d022442	ZmbZIP58	bZIP
Zm00001d037360	ZmbZIP59	bZIP
Zm00001eb280800	ZmbZIP59	bZIP
GRMZM2G396632	ZmbZIP59	bZIP
Zm00001eb231360	ZmbZIP60	bZIP
Zm00001d015153	ZmbZIP60	bZIP
GRMZM2G444743	ZmbZIP60	bZIP
GRMZM2G444748	ZmbZIP60	bZIP
GRMZM2G137046	ZmbZIP61	bZIP
Zm00001eb235510	ZmbZIP61	bZIP
Zm00001d015743	ZmbZIP61	bZIP
GRMZM2G332294	ZmbZIP62	bZIP
Zm00001d031697	ZmbZIP62	bZIP
Zm00001eb037290	ZmbZIP62	bZIP
GRMZM2G011119	ZmbZIP63	bZIP
GRMZM2G473274	ZmbZIP64	bZIP
Zm00001d048455	ZmbZIP64	bZIP
Zm00001eb403570	ZmbZIP64	bZIP
Zm00001eb102780	ZmbZIP65	bZIP
Zm00001d006127	ZmbZIP65	bZIP
GRMZM2G180847	ZmbZIP65	bZIP
GRMZM2G342424	ZmbZIP66	bZIP
Zm00001d014710	ZmbZIP66	bZIP
Zm00001eb227280	ZmbZIP66	bZIP
GRMZM2G365754	ZmbZIP67	bZIP
Zm00001d050018	ZmbZIP68	bZIP
GRMZM2G157722	ZmbZIP68	bZIP
Zm00001eb176680	ZmbZIP68	bZIP
GRMZM2G111504	ZmbZIP69	bZIP
Zm00001eb388270	ZmbZIP70	bZIP
Zm00001d046751	ZmbZIP70	bZIP
GRMZM2G060290	ZmbZIP70	bZIP
Zm00001d053967	ZmbZIP71	bZIP
Zm00001eb208830	ZmbZIP71	bZIP
GRMZM2G019106	ZmbZIP71	bZIP
Zm00001d008225	ZmbZIP72	bZIP
Zm00001eb332590	ZmbZIP72	bZIP
GRMZM2G030280	ZmbZIP72	bZIP
Zm00001eb291610	ZmbZIP73	bZIP
Zm00001eb291620	ZmbZIP73	bZIP
Zm00001d038574	ZmbZIP73	bZIP
Zm00001d038575	ZmbZIP73	bZIP
GRMZM2G175870	ZmbZIP73	bZIP
Zm00001eb315850	ZmbZIP74	bZIP
Zm00001d020823	ZmbZIP74	bZIP
GRMZM2G358796	ZmbZIP74	bZIP
GRMZM2G168079	ZmbZIP75	bZIP
Zm00001d012296	ZmbZIP75	bZIP
Zm00001eb366900	ZmbZIP75	bZIP
GRMZM2G134863	ZmbZIP76	bZIP
Zm00001d036736	ZmbZIP76	bZIP
Zm00001eb275130	ZmbZIP76	bZIP
Zm00001d047644	ZmbZIP77	bZIP
Zm00001eb396160	ZmbZIP77	bZIP
GRMZM2G066734	ZmbZIP77	bZIP
Zm00001eb021750	ZmbZIP78	bZIP
GRMZM2G353553	ZmbZIP78	bZIP
Zm00001d029711	ZmbZIP78	bZIP
Zm00001eb197040	ZmbZIP79	bZIP
Zm00001eb197030	ZmbZIP79	bZIP
Zm00001d052542	ZmbZIP79	bZIP
GRMZM2G031094	ZmbZIP79	bZIP
Zm00001d052543	ZmbZIP79	bZIP
GRMZM2G030877	ZmbZIP79	bZIP
Zm00001eb385610	ZmbZIP80	bZIP
Zm00001d046402	ZmbZIP80	bZIP
GRMZM2G140355	ZmbZIP80	bZIP
Zm00001eb198410	ZmbZIP81	bZIP
Zm00001d052717	ZmbZIP81	bZIP
AC190609.3_FG001	ZmbZIP81	bZIP
Zm00001d005962	ZmbZIP82	bZIP
GRMZM2G137532	ZmbZIP82	bZIP
Zm00001eb101350	ZmbZIP82	bZIP
Zm00001eb228170	ZmbZIP83	bZIP
Zm00001d014795	ZmbZIP83	bZIP
GRMZM2G000171	ZmbZIP83	bZIP
Zm00001eb209070	ZmbZIP84	bZIP
GRMZM2G361611	ZmbZIP84	bZIP
Zm00001d053988	ZmbZIP84	bZIP
Zm00001d006027	ZmbZIP85	bZIP
GRMZM2G125934	ZmbZIP85	bZIP
Zm00001eb101910	ZmbZIP85	bZIP
Zm00001eb095290	ZmbZIP86	bZIP
Zm00001d005244	ZmbZIP86	bZIP
GRMZM2G171370	ZmbZIP86	bZIP
Zm00001eb288970	ZmbZIP87	bZIP
Zm00001d038296	ZmbZIP87	bZIP
GRMZM2G000842	ZmbZIP87	bZIP
Zm00001d025589	ZmbZIP88	bZIP
Zm00001eb424040	ZmbZIP88	bZIP
Zm00001eb424050	ZmbZIP88	bZIP
GRMZM2G425920	ZmbZIP88	bZIP
Zm00001d016154	ZmbZIP89	bZIP
GRMZM2G158313	ZmbZIP89	bZIP
Zm00001eb238570	ZmbZIP89	bZIP
Zm00001eb366880	ZmbZIP90	bZIP
AC232238.2_FG004	ZmbZIP90	bZIP
Zm00001d012294	ZmbZIP90	bZIP
Zm00001eb366890	ZmbZIP90	bZIP
GRMZM2G168087	ZmbZIP90	bZIP
Zm00001d012295	ZmbZIP90	bZIP
Zm00001eb110370	ZmbZIP91	bZIP
GRMZM2G060109	ZmbZIP91	bZIP
Zm00001d007042	ZmbZIP91	bZIP
Zm00001d022550	ZmbZIP92	bZIP
GRMZM2G077124	ZmbZIP92	bZIP
Zm00001eb331250	ZmbZIP92	bZIP
GRMZM2G050912	ZmbZIP93	bZIP
Zm00001d046564	ZmbZIP93	bZIP
Zm00001eb386770	ZmbZIP93	bZIP
GRMZM2G007063	ZmbZIP94	bZIP
Zm00001d013074	ZmbZIP94	bZIP
Zm00001eb212940	ZmbZIP94	bZIP
GRMZM5G858197	ZmbZIP95	bZIP
Zm00001eb146690	ZmbZIP95	bZIP
Zm00001d042721	ZmbZIP95	bZIP
Zm00001d010638	ZmbZIP96	bZIP
GRMZM2G161009	ZmbZIP96	bZIP
Zm00001eb352240	ZmbZIP96	bZIP
Zm00001d051739	ZmbZIP97	bZIP
GRMZM2G122846	ZmbZIP97	bZIP
Zm00001eb189840	ZmbZIP97	bZIP
Zm00001d029064	ZmbZIP98	bZIP
GRMZM2G062391	ZmbZIP98	bZIP
Zm00001eb016100	ZmbZIP98	bZIP
GRMZM2G117851	ZmbZIP99	bZIP
Zm00001d043992	ZmbZIP99	bZIP
Zm00001eb157860	ZmbZIP99	bZIP
Zm00001eb373300	ZmbZIP100	bZIP
Zm00001d044940	ZmbZIP100	bZIP
GRMZM2G033413	ZmbZIP100	bZIP
GRMZM2G129247	ZmbZIP101	bZIP
Zm00001d038311	ZmbZIP101	bZIP
Zm00001eb289080	ZmbZIP101	bZIP
GRMZM2G159134	ZmbZIP102	bZIP
Zm00001eb150010	ZmbZIP102	bZIP
Zm00001d043117	ZmbZIP102	bZIP
GRMZM2G092609	ZmbZIP103	bZIP
Zm00001d016732	ZmbZIP103	bZIP
Zm00001eb243050	ZmbZIP103	bZIP
GRMZM2G098904	ZmbZIP104	bZIP
Zm00001eb233420	ZmbZIP104	bZIP
Zm00001d015421	ZmbZIP104	bZIP
Zm00001eb395640	ZmbZIP105	bZIP
GRMZM2G426964	ZmbZIP105	bZIP
Zm00001d047587	ZmbZIP105	bZIP
GRMZM2G056099	ZmbZIP105	bZIP
Zm00001eb395630	ZmbZIP105	bZIP
Zm00001d036400	ZmbZIP106	bZIP
Zm00001eb272280	ZmbZIP106	bZIP
GRMZM2G055413	ZmbZIP106	bZIP
Zm00001d024160	ZmbZIP107	bZIP
Zm00001eb412510	ZmbZIP107	bZIP
GRMZM2G094352	ZmbZIP107	bZIP
Zm00001d010667	ZmbZIP108	bZIP
Zm00001eb352500	ZmbZIP108	bZIP
GRMZM2G033230	ZmbZIP108	bZIP
GRMZM2G366264	ZmbZIP109	bZIP
Zm00001d023424	ZmbZIP109	bZIP
Zm00001eb406770	ZmbZIP109	bZIP
GRMZM2G079365	ZmbZIP110	bZIP
Zm00001eb202260	ZmbZIP110	bZIP
Zm00001d053162	ZmbZIP110	bZIP
GRMZM2G073427	ZmbZIP111	bZIP
Zm00001eb031210	ZmbZIP111	bZIP
Zm00001d030995	ZmbZIP111	bZIP
Zm00001d046718	ZmbZIP112	bZIP
Zm00001eb388050	ZmbZIP112	bZIP
GRMZM2G025812	ZmbZIP112	bZIP
Zm00001eb431760	ZmbZIP113	bZIP
GRMZM2G445575	ZmbZIP113	bZIP
Zm00001d026398	ZmbZIP113	bZIP
Zm00001eb002010	ZmbZIP114	bZIP
GRMZM2G428184	ZmbZIP114	bZIP
Zm00001d027461	ZmbZIP114	bZIP
Zm00001d028372	ZmbZIP115	bZIP
Zm00001eb010190	ZmbZIP115	bZIP
GRMZM2G157177	ZmbZIP115	bZIP
Zm00001d010168	ZmbZIP116	bZIP
Zm00001eb348490	ZmbZIP116	bZIP
GRMZM2G132868	ZmbZIP116	bZIP
Zm00001eb120150	ZmbZIP117	bZIP
AC233853.1_FG002	ZmbZIP117	bZIP
Zm00001d039383	ZmbZIP117	bZIP
GRMZM2G164848	ZmbZIP118	bZIP
Zm00001eb297700	ZmbZIP118	bZIP
Zm00001d039206	ZmbZIP118	bZIP
GRMZM2G120167	ZmbZIP119	bZIP
Zm00001d049135	ZmbZIP119	bZIP
Zm00001eb169130	ZmbZIP119	bZIP
GRMZM2G052102	ZmbZIP120	bZIP
Zm00001eb204490	ZmbZIP120	bZIP
Zm00001d053442	ZmbZIP120	bZIP
Zm00001eb078620	ZmbZIP121	bZIP
GRMZM2G112483	ZmbZIP121	bZIP
Zm00001eb078630	ZmbZIP121	bZIP
Zm00001d003180	ZmbZIP121	bZIP
Zm00001d008734	ZmbZIP122	bZIP
Zm00001eb336820	ZmbZIP122	bZIP
GRMZM2G171912	ZmbZIP122	bZIP
GRMZM2G002075	ZmbZIP123	bZIP
Zm00001d005884	ZmbZIP123	bZIP
Zm00001eb100750	ZmbZIP123	bZIP
GRMZM5G809156	ZmbZIP124	bZIP
GRMZM2G151295	ZmbZIP124	bZIP
Zm00001d047519	ZmbZIP124	bZIP
Zm00001eb395100	ZmbZIP124	bZIP
Zm00001d037170	ZmbZIP125	bZIP
GRMZM2G008166	ZmbZIP125	bZIP
Zm00001eb279120	ZmbZIP125	bZIP
Zm00001d031272	ZmbZIP126	bZIP
Zm00001eb033630	ZmbZIP126	bZIP
AC186606.4_FG003	ZmbZIP126	bZIP
Zm00001eb037460	ZmbZIP127	bZIP
GRMZM2G175280	ZmbZIP127	bZIP
Zm00001d031723	ZmbZIP127	bZIP
Zm00001d034455	ZmbZIP128	bZIP
Zm00001eb060910	ZmbZIP128	bZIP
Zm00001d034457	ZmbZIP128	bZIP
Zm00001eb060860	ZmbZIP128	bZIP
GRMZM2G016150	ZmbZIP128	bZIP
Zm00001eb094570	ZmbZIP129	bZIP
Zm00001d005143	ZmbZIP129	bZIP
Zm00001d020711	ZmbZIP130	bZIP
Zm00001eb314860	ZmbZIP130	bZIP
Zm00001d033390	ZmbZIP131	bZIP
Zm00001eb052010	ZmbZIP131	bZIP
Zm00001eb110200	ZmbZIP132	bZIP
GRMZM2G387310	ZmbZIP132	bZIP
Zm00001d007022	ZmbZIP132	bZIP
Zm00001eb197160	ZmbZIP133	bZIP
Zm00001d052562	ZmbZIP133	bZIP
Zm00001eb147240	ZmbZIP134	bZIP
Zm00001d042779	ZmbZIP134	bZIP
Zm00001d023443	ZmbZIP135	bZIP
Zm00001eb406920	ZmbZIP135	bZIP
Zm00001eb399090	ZmbZIP136	bZIP
Zm00001d047967	ZmbZIP136	bZIP
GRMZM2G474462	ZmbZIP137	bZIP
Zm00001eb111130	ZmbZIP137	bZIP
Zm00001d007124	ZmbZIP137	bZIP
Zm00001eb111560	ZmbZIP138	bZIP
Zm00001d007172	ZmbZIP138	bZIP
Zm00001d006223	ZmbZIP139	bZIP
Zm00001eb103600	ZmbZIP139	bZIP
Zm00001eb180760	ZmbZIP140	bZIP
Zm00001d050588	ZmbZIP140	bZIP
Zm00001d029242	ZmMTERF1	mTERF
Zm00001eb017630	ZmMTERF1	mTERF
GRMZM2G168665	ZmMTERF1	mTERF
Zm00001d031533	ZmMTERF2	mTERF
Zm00001eb035740	ZmMTERF2	mTERF
GRMZM2G061542	ZmMTERF2	mTERF
Zm00001d033138	ZmMTERF3	mTERF
GRMZM2G034217	ZmMTERF3	mTERF
Zm00001eb049650	ZmMTERF3	mTERF
Zm00001eb062700	ZmMTERF4	mTERF
GRMZM2G054517	ZmMTERF4	mTERF
GRMZM2G159766	ZmMTERF5	mTERF
Zm00001eb062820	ZmMTERF5	mTERF
Zm00001d034669	ZmMTERF5	mTERF
Zm00001d034784	ZmMTERF6	mTERF
Zm00001eb063940	ZmMTERF6	mTERF
GRMZM2G170137	ZmMTERF6	mTERF
GRMZM2G087679	ZmMTERF7	mTERF
GRMZM2G060114	ZmMTERF8	mTERF
Zm00001eb107280	ZmMTERF8	mTERF
Zm00001d006629	ZmMTERF8	mTERF
Zm00001d006700	ZmMTERF9	mTERF
Zm00001eb107900	ZmMTERF9	mTERF
GRMZM2G130773	ZmMTERF9	mTERF
Zm00001d041537	ZmMTERF10	mTERF
Zm00001eb136360	ZmMTERF10	mTERF
GRMZM2G177019	ZmMTERF10	mTERF
Zm00001eb143990	ZmMTERF11	mTERF
Zm00001d042436	ZmMTERF11	mTERF
GRMZM2G023257	ZmMTERF11	mTERF
GRMZM2G113181	ZmMTERF12	mTERF
Zm00001d049743	ZmMTERF12	mTERF
GRMZM2G312806	ZmMTERF13	mTERF
Zm00001d050886	ZmMTERF13	mTERF
Zm00001eb183160	ZmMTERF13	mTERF
GRMZM2G000610	ZmMTERF14	mTERF
Zm00001d052081	ZmMTERF14	mTERF
Zm00001eb192920	ZmMTERF14	mTERF
Zm00001d015585	ZmMTERF15	mTERF
Zm00001eb234500	ZmMTERF15	mTERF
GRMZM2G119921	ZmMTERF15	mTERF
GRMZM2G395850	ZmMTERF16	mTERF
GRMZM2G024550	ZmMTERF17	mTERF
Zm00001eb246440	ZmMTERF17	mTERF
Zm00001d017130	ZmMTERF17	mTERF
GRMZM2G017355	ZmMTERF18	mTERF
Zm00001d018065	ZmMTERF18	mTERF
GRMZM2G017429	ZmMTERF19	mTERF
Zm00001d018066	ZmMTERF19	mTERF
Zm00001eb254990	ZmMTERF19	mTERF
GRMZM2G158848	ZmMTERF20	mTERF
GRMZM2G158854	ZmMTERF20	mTERF
Zm00001eb255020	ZmMTERF20	mTERF
Zm00001eb255520	ZmMTERF21	mTERF
GRMZM2G161146	ZmMTERF21	mTERF
Zm00001d018124	ZmMTERF21	mTERF
Zm00001d018123	ZmMTERF21	mTERF
GRMZM2G012999	ZmMTERF22	mTERF
Zm00001d038158	ZmMTERF22	mTERF
Zm00001eb287710	ZmMTERF22	mTERF
Zm00001d018756	ZmMTERF23	mTERF
GRMZM2G426154	ZmMTERF23	mTERF
GRMZM2G175930	ZmMTERF23	mTERF
Zm00001eb299540	ZmMTERF23	mTERF
GRMZM2G426154	ZmMTERF24	mTERF
GRMZM2G175930	ZmMTERF24	mTERF
Zm00001d018756	ZmMTERF24	mTERF
Zm00001eb299540	ZmMTERF24	mTERF
Zm00001d021376	ZmMTERF25	mTERF
GRMZM2G142150	ZmMTERF25	mTERF
Zm00001eb320340	ZmMTERF25	mTERF
Zm00001eb321620	ZmMTERF26	mTERF
Zm00001d021513	ZmMTERF26	mTERF
GRMZM2G062910	ZmMTERF26	mTERF
GRMZM2G325350	ZmMTERF27	mTERF
Zm00001d010329	ZmMTERF27	mTERF
Zm00001eb349860	ZmMTERF27	mTERF
GRMZM2G029933	ZmMTERF28	mTERF
Zm00001eb349900	ZmMTERF28	mTERF
Zm00001d010340	ZmMTERF28	mTERF
GRMZM2G068462	ZmMTERF29	mTERF
GRMZM2G157716	ZmMTERF30	mTERF
Zm00001d047442	ZmMTERF30	mTERF
Zm00001d027230	ZmMTERF31	mTERF
Zm00001eb000010	ZmMTERF31	mTERF
Zm00001eb178460	ZmMTERF32	mTERF
GRMZM2G044832	ZmMTERF32	mTERF
Zm00001eb178450	ZmMTERF32	mTERF
Zm00001d050234	ZmMTERF32	mTERF
Zm00001eb255000	ZmMTERF33	mTERF
AC196008.1_FG001	ZmMTERF33	mTERF
Zm00001eb155370	ZmKELP1	p15 (PC4,Sub1)
GRMZM2G159948	ZmKELP1	p15 (PC4,Sub1)
Zm00001d043705	ZmKELP1	p15 (PC4,Sub1)
Zm00001eb155380	ZmKELP1	p15 (PC4,Sub1)
Zm00001eb155390	ZmKELP1	p15 (PC4,Sub1)
Zm00001eb243600	ZmKELP2	p15 (PC4,Sub1)
GRMZM2G090213	ZmKELP2	p15 (PC4,Sub1)
Zm00001d016803	ZmKELP2	p15 (PC4,Sub1)
Zm00001eb361130	ZmKELP3	p15 (PC4,Sub1)
Zm00001d011680	ZmKELP3	p15 (PC4,Sub1)
Zm00001eb361120	ZmKELP3	p15 (PC4,Sub1)
GRMZM2G020785	ZmKELP3	p15 (PC4,Sub1)
GRMZM2G112535	ZmKELP3	p15 (PC4,Sub1)
SORBI_3001G029400	SbC3H1	C3H
SORBI_3001G384700	SbC3H5	C3H
SORBI_3002G249500	SbC3H8	C3H
SORBI_3002G420300	SbC3H10	C3H
SORBI_3003G117200	SbC3H14	C3H
SORBI_3003G250500	SbC3H19	C3H
SORBI_3005G018050	SbC3H28	C3H
SORBI_3006G002800	SbC3H30	C3H
SORBI_3008G022200	SbC3H36	C3H
SORBI_3009G232700	SbC3H40	C3H
SORBI_3007G205300	SbEREB123	AP2-EREBP
SORBI_3003G386900	SbGRAS26	GRAS
SORBI_3005G208950	SbGRAS37	GRAS
SORBI_3002G026600	SbMADS9	MADS
SORBI_3005G180300	SbMADS44	MADS
SORBI_3K042700	SbMADS76	MADS
SORBI_3K043500	SbMYB113	MYB
SORBI_3001G109800	SbMYBR2	MYB-related
SORBI_3004G077600	SbMYBR35	MYB-related
SORBI_3006G008300	SbMYBR45	MYB-related
SORBI_3006G040700	SbMYBR46	MYB-related
SORBI_3006G121300	SbMYBR47	MYB-related
SORBI_3007G055100	SbMYBR53	MYB-related
SORBI_3008G057000	SbMYBR56	MYB-related
SORBI_3009G024700	SbMYBR58	MYB-related
SORBI_3001G002200	SbOrphan1	Orphans
SORBI_3001G064600	SbOrphan3	Orphans
SORBI_3001G090600	SbOrphan4	Orphans
SORBI_3001G095100	SbOrphan5	Orphans
SORBI_3001G113200	SbOrphan7	Orphans
SORBI_3001G154200	SbOrphan8	Orphans
SORBI_3001G160100	SbOrphan9	Orphans
SORBI_3001G212300	SbOrphan11	Orphans
SORBI_3001G225800	SbOrphan12	Orphans
SORBI_3001G230600	SbOrphan13	Orphans
SORBI_3001G233800	SbOrphan14	Orphans
SORBI_3001G233900	SbOrphan15	Orphans
SORBI_3001G234000	SbOrphan16	Orphans
SORBI_3001G244400	SbOrphan17	Orphans
SORBI_3001G368900	SbOrphan23	Orphans
SORBI_3001G411400	SbOrphan26	Orphans
SORBI_3001G510500	SbOrphan28	Orphans
SORBI_3002G053500	SbOrphan32	Orphans
SORBI_3002G117600	SbOrphan34	Orphans
SORBI_3002G123400	SbOrphan35	Orphans
SORBI_3002G250800	SbOrphan36	Orphans
SORBI_3002G273300	SbOrphan37	Orphans
SORBI_3002G337300	SbOrphan42	Orphans
SORBI_3002G339300	SbOrphan43	Orphans
SORBI_3003G026700	SbOrphan52	Orphans
SORBI_3003G032200	SbOrphan53	Orphans
SORBI_3003G035400	SbOrphan54	Orphans
SORBI_3003G198500	SbOrphan57	Orphans
SORBI_3003G198800	SbOrphan58	Orphans
SORBI_3003G273800	SbOrphan61	Orphans
SORBI_3003G277200	SbOrphan63	Orphans
SORBI_3003G292000	SbOrphan64	Orphans
SORBI_3003G346000	SbOrphan66	Orphans
SORBI_3003G347680	SbOrphan67	Orphans
SORBI_3003G387500	SbOrphan69	Orphans
SORBI_3003G407300	SbOrphan70	Orphans
SORBI_3003G428300	SbOrphan72	Orphans
SORBI_3004G040100	SbOrphan77	Orphans
SORBI_3004G091600	SbOrphan82	Orphans
SORBI_3004G178000	SbOrphan86	Orphans
SORBI_3004G208400	SbOrphan87	Orphans
SORBI_3004G216700	SbOrphan88	Orphans
SORBI_3004G223100	SbOrphan89	Orphans
SORBI_3004G245000	SbOrphan90	Orphans
SORBI_3004G258800	SbOrphan92	Orphans
SORBI_3004G314900	SbOrphan98	Orphans
SORBI_3004G317300	SbOrphan99	Orphans
SORBI_3004G344901	SbOrphan100	Orphans
SORBI_3004G356800	SbOrphan101	Orphans
SORBI_3005G000400	SbOrphan102	Orphans
SORBI_3005G030500	SbOrphan103	Orphans
SORBI_3005G044400	SbOrphan105	Orphans
SORBI_3005G122500	SbOrphan106	Orphans
SORBI_3005G190700	SbOrphan107	Orphans
SORBI_3006G018800	SbOrphan110	Orphans
SORBI_3006G021500	SbOrphan113	Orphans
SORBI_3006G090300	SbOrphan119	Orphans
SORBI_3006G090400	SbOrphan120	Orphans
SORBI_3006G131800	SbOrphan121	Orphans
SORBI_3006G151800	SbOrphan122	Orphans
SORBI_3006G183600	SbOrphan125	Orphans
SORBI_3006G254500	SbOrphan128	Orphans
SORBI_3006G263300	SbOrphan129	Orphans
SORBI_3007G017700	SbOrphan131	Orphans
SORBI_3007G023100	SbOrphan132	Orphans
SORBI_3007G109000	SbOrphan136	Orphans
SORBI_3008G000700	SbOrphan140	Orphans
SORBI_3008G012300	SbOrphan141	Orphans
SORBI_3009G026200	SbOrphan145	Orphans
SORBI_3009G075600	SbOrphan148	Orphans
SORBI_3009G166000	SbOrphan150	Orphans
SORBI_3009G167300	SbOrphan151	Orphans
SORBI_3009G194700	SbOrphan152	Orphans
SORBI_3009G203400	SbOrphan153	Orphans
SORBI_3009G212100	SbOrphan154	Orphans
SORBI_3009G214500	SbOrphan155	Orphans
SORBI_3010G041700	SbOrphan161	Orphans
SORBI_3010G064800	SbOrphan162	Orphans
SORBI_3010G189900	SbOrphan166	Orphans
SORBI_3010G192300	SbOrphan168	Orphans
SORBI_3010G208200	SbOrphan171	Orphans
SORBI_3010G213600	SbOrphan172	Orphans
SORBI_3004G349175	SbOrphan177	Orphans
SORBI_3003G299700	SbTCP11	TCP
SORBI_3004G070400	SbTHX9	Trihelix
SORBI_3003G276000	SbWRKY34	WRKY
SORBI_3009G212800	SbWRKY84	WRKY
SORBI_3003G135101	SbZHD5	ZF-HD
SORBI_3002G236200	SbbHLH37	bHLH
SORBI_3008G153700	SbbHLH117	bHLH
SORBI_3K024500	SbbHLH142	bHLH
SORBI_3K024600	SbbHLH143	bHLH
